# Generated by tools/generate_hospital_ward_assets.py
mtllib hospital_ward_materials.mtl
o hospital_bed
v -0.470000 0.480000 -1.100000
v 0.470000 0.480000 -1.100000
v 0.470000 0.600000 -1.100000
v -0.470000 0.600000 -1.100000
v -0.470000 0.480000 1.100000
v 0.470000 0.480000 1.100000
v 0.470000 0.600000 1.100000
v -0.470000 0.600000 1.100000
v -0.560000 0.480000 -1.010000
v 0.560000 0.480000 -1.010000
v 0.560000 0.600000 -1.010000
v -0.560000 0.600000 -1.010000
v -0.560000 0.480000 1.010000
v 0.560000 0.480000 1.010000
v 0.560000 0.600000 1.010000
v -0.560000 0.600000 1.010000
v -0.380000 0.480000 -1.010000
v -0.380000 0.600000 -1.010000
v -0.397188 0.480000 -0.957099
v -0.397188 0.600000 -0.957099
v -0.442188 0.480000 -0.924405
v -0.442188 0.600000 -0.924405
v -0.497812 0.480000 -0.924405
v -0.497812 0.600000 -0.924405
v -0.542812 0.480000 -0.957099
v -0.542812 0.600000 -0.957099
v -0.560000 0.480000 -1.010000
v -0.560000 0.600000 -1.010000
v -0.542812 0.480000 -1.062901
v -0.542812 0.600000 -1.062901
v -0.497812 0.480000 -1.095595
v -0.497812 0.600000 -1.095595
v -0.442188 0.480000 -1.095595
v -0.442188 0.600000 -1.095595
v -0.397188 0.480000 -1.062901
v -0.397188 0.600000 -1.062901
v -0.380000 0.480000 1.010000
v -0.380000 0.600000 1.010000
v -0.397188 0.480000 1.062901
v -0.397188 0.600000 1.062901
v -0.442188 0.480000 1.095595
v -0.442188 0.600000 1.095595
v -0.497812 0.480000 1.095595
v -0.497812 0.600000 1.095595
v -0.542812 0.480000 1.062901
v -0.542812 0.600000 1.062901
v -0.560000 0.480000 1.010000
v -0.560000 0.600000 1.010000
v -0.542812 0.480000 0.957099
v -0.542812 0.600000 0.957099
v -0.497812 0.480000 0.924405
v -0.497812 0.600000 0.924405
v -0.442188 0.480000 0.924405
v -0.442188 0.600000 0.924405
v -0.397188 0.480000 0.957099
v -0.397188 0.600000 0.957099
v 0.560000 0.480000 -1.010000
v 0.560000 0.600000 -1.010000
v 0.542812 0.480000 -0.957099
v 0.542812 0.600000 -0.957099
v 0.497812 0.480000 -0.924405
v 0.497812 0.600000 -0.924405
v 0.442188 0.480000 -0.924405
v 0.442188 0.600000 -0.924405
v 0.397188 0.480000 -0.957099
v 0.397188 0.600000 -0.957099
v 0.380000 0.480000 -1.010000
v 0.380000 0.600000 -1.010000
v 0.397188 0.480000 -1.062901
v 0.397188 0.600000 -1.062901
v 0.442188 0.480000 -1.095595
v 0.442188 0.600000 -1.095595
v 0.497812 0.480000 -1.095595
v 0.497812 0.600000 -1.095595
v 0.542812 0.480000 -1.062901
v 0.542812 0.600000 -1.062901
v 0.560000 0.480000 1.010000
v 0.560000 0.600000 1.010000
v 0.542812 0.480000 1.062901
v 0.542812 0.600000 1.062901
v 0.497812 0.480000 1.095595
v 0.497812 0.600000 1.095595
v 0.442188 0.480000 1.095595
v 0.442188 0.600000 1.095595
v 0.397188 0.480000 1.062901
v 0.397188 0.600000 1.062901
v 0.380000 0.480000 1.010000
v 0.380000 0.600000 1.010000
v 0.397188 0.480000 0.957099
v 0.397188 0.600000 0.957099
v 0.442188 0.480000 0.924405
v 0.442188 0.600000 0.924405
v 0.497812 0.480000 0.924405
v 0.497812 0.600000 0.924405
v 0.542812 0.480000 0.957099
v 0.542812 0.600000 0.957099
v -0.435000 0.580000 -1.020000
v 0.435000 0.580000 -1.020000
v 0.435000 0.700000 -1.020000
v -0.435000 0.700000 -1.020000
v -0.435000 0.580000 1.020000
v 0.435000 0.580000 1.020000
v 0.435000 0.700000 1.020000
v -0.435000 0.700000 1.020000
v -0.510000 0.580000 -0.945000
v 0.510000 0.580000 -0.945000
v 0.510000 0.700000 -0.945000
v -0.510000 0.700000 -0.945000
v -0.510000 0.580000 0.945000
v 0.510000 0.580000 0.945000
v 0.510000 0.700000 0.945000
v -0.510000 0.700000 0.945000
v -0.360000 0.580000 -0.945000
v -0.360000 0.700000 -0.945000
v -0.374324 0.580000 -0.900916
v -0.374324 0.700000 -0.900916
v -0.411824 0.580000 -0.873671
v -0.411824 0.700000 -0.873671
v -0.458176 0.580000 -0.873671
v -0.458176 0.700000 -0.873671
v -0.495676 0.580000 -0.900916
v -0.495676 0.700000 -0.900916
v -0.510000 0.580000 -0.945000
v -0.510000 0.700000 -0.945000
v -0.495676 0.580000 -0.989084
v -0.495676 0.700000 -0.989084
v -0.458176 0.580000 -1.016329
v -0.458176 0.700000 -1.016329
v -0.411824 0.580000 -1.016329
v -0.411824 0.700000 -1.016329
v -0.374324 0.580000 -0.989084
v -0.374324 0.700000 -0.989084
v -0.360000 0.580000 0.945000
v -0.360000 0.700000 0.945000
v -0.374324 0.580000 0.989084
v -0.374324 0.700000 0.989084
v -0.411824 0.580000 1.016329
v -0.411824 0.700000 1.016329
v -0.458176 0.580000 1.016329
v -0.458176 0.700000 1.016329
v -0.495676 0.580000 0.989084
v -0.495676 0.700000 0.989084
v -0.510000 0.580000 0.945000
v -0.510000 0.700000 0.945000
v -0.495676 0.580000 0.900916
v -0.495676 0.700000 0.900916
v -0.458176 0.580000 0.873671
v -0.458176 0.700000 0.873671
v -0.411824 0.580000 0.873671
v -0.411824 0.700000 0.873671
v -0.374324 0.580000 0.900916
v -0.374324 0.700000 0.900916
v 0.510000 0.580000 -0.945000
v 0.510000 0.700000 -0.945000
v 0.495676 0.580000 -0.900916
v 0.495676 0.700000 -0.900916
v 0.458176 0.580000 -0.873671
v 0.458176 0.700000 -0.873671
v 0.411824 0.580000 -0.873671
v 0.411824 0.700000 -0.873671
v 0.374324 0.580000 -0.900916
v 0.374324 0.700000 -0.900916
v 0.360000 0.580000 -0.945000
v 0.360000 0.700000 -0.945000
v 0.374324 0.580000 -0.989084
v 0.374324 0.700000 -0.989084
v 0.411824 0.580000 -1.016329
v 0.411824 0.700000 -1.016329
v 0.458176 0.580000 -1.016329
v 0.458176 0.700000 -1.016329
v 0.495676 0.580000 -0.989084
v 0.495676 0.700000 -0.989084
v 0.510000 0.580000 0.945000
v 0.510000 0.700000 0.945000
v 0.495676 0.580000 0.989084
v 0.495676 0.700000 0.989084
v 0.458176 0.580000 1.016329
v 0.458176 0.700000 1.016329
v 0.411824 0.580000 1.016329
v 0.411824 0.700000 1.016329
v 0.374324 0.580000 0.989084
v 0.374324 0.700000 0.989084
v 0.360000 0.580000 0.945000
v 0.360000 0.700000 0.945000
v 0.374324 0.580000 0.900916
v 0.374324 0.700000 0.900916
v 0.411824 0.580000 0.873671
v 0.411824 0.700000 0.873671
v 0.458176 0.580000 0.873671
v 0.458176 0.700000 0.873671
v 0.495676 0.580000 0.900916
v 0.495676 0.700000 0.900916
v -0.385000 0.660000 -0.830000
v 0.385000 0.660000 -0.830000
v 0.385000 0.840000 -0.830000
v -0.385000 0.840000 -0.830000
v -0.385000 0.660000 0.990000
v 0.385000 0.660000 0.990000
v 0.385000 0.840000 0.990000
v -0.385000 0.840000 0.990000
v -0.490000 0.660000 -0.725000
v 0.490000 0.660000 -0.725000
v 0.490000 0.840000 -0.725000
v -0.490000 0.840000 -0.725000
v -0.490000 0.660000 0.885000
v 0.490000 0.660000 0.885000
v 0.490000 0.840000 0.885000
v -0.490000 0.840000 0.885000
v -0.280000 0.660000 -0.725000
v -0.280000 0.840000 -0.725000
v -0.300053 0.660000 -0.663283
v -0.300053 0.840000 -0.663283
v -0.352553 0.660000 -0.625139
v -0.352553 0.840000 -0.625139
v -0.417447 0.660000 -0.625139
v -0.417447 0.840000 -0.625139
v -0.469947 0.660000 -0.663283
v -0.469947 0.840000 -0.663283
v -0.490000 0.660000 -0.725000
v -0.490000 0.840000 -0.725000
v -0.469947 0.660000 -0.786717
v -0.469947 0.840000 -0.786717
v -0.417447 0.660000 -0.824861
v -0.417447 0.840000 -0.824861
v -0.352553 0.660000 -0.824861
v -0.352553 0.840000 -0.824861
v -0.300053 0.660000 -0.786717
v -0.300053 0.840000 -0.786717
v -0.280000 0.660000 0.885000
v -0.280000 0.840000 0.885000
v -0.300053 0.660000 0.946717
v -0.300053 0.840000 0.946717
v -0.352553 0.660000 0.984861
v -0.352553 0.840000 0.984861
v -0.417447 0.660000 0.984861
v -0.417447 0.840000 0.984861
v -0.469947 0.660000 0.946717
v -0.469947 0.840000 0.946717
v -0.490000 0.660000 0.885000
v -0.490000 0.840000 0.885000
v -0.469947 0.660000 0.823283
v -0.469947 0.840000 0.823283
v -0.417447 0.660000 0.785139
v -0.417447 0.840000 0.785139
v -0.352553 0.660000 0.785139
v -0.352553 0.840000 0.785139
v -0.300053 0.660000 0.823283
v -0.300053 0.840000 0.823283
v 0.490000 0.660000 -0.725000
v 0.490000 0.840000 -0.725000
v 0.469947 0.660000 -0.663283
v 0.469947 0.840000 -0.663283
v 0.417447 0.660000 -0.625139
v 0.417447 0.840000 -0.625139
v 0.352553 0.660000 -0.625139
v 0.352553 0.840000 -0.625139
v 0.300053 0.660000 -0.663283
v 0.300053 0.840000 -0.663283
v 0.280000 0.660000 -0.725000
v 0.280000 0.840000 -0.725000
v 0.300053 0.660000 -0.786717
v 0.300053 0.840000 -0.786717
v 0.352553 0.660000 -0.824861
v 0.352553 0.840000 -0.824861
v 0.417447 0.660000 -0.824861
v 0.417447 0.840000 -0.824861
v 0.469947 0.660000 -0.786717
v 0.469947 0.840000 -0.786717
v 0.490000 0.660000 0.885000
v 0.490000 0.840000 0.885000
v 0.469947 0.660000 0.946717
v 0.469947 0.840000 0.946717
v 0.417447 0.660000 0.984861
v 0.417447 0.840000 0.984861
v 0.352553 0.660000 0.984861
v 0.352553 0.840000 0.984861
v 0.300053 0.660000 0.946717
v 0.300053 0.840000 0.946717
v 0.280000 0.660000 0.885000
v 0.280000 0.840000 0.885000
v 0.300053 0.660000 0.823283
v 0.300053 0.840000 0.823283
v 0.352553 0.660000 0.785139
v 0.352553 0.840000 0.785139
v 0.417447 0.660000 0.785139
v 0.417447 0.840000 0.785139
v 0.469947 0.660000 0.823283
v 0.469947 0.840000 0.823283
v -0.380000 0.830000 -0.940000
v 0.380000 0.830000 -0.940000
v 0.380000 0.930000 -0.940000
v -0.380000 0.930000 -0.940000
v -0.380000 0.830000 0.100000
v 0.380000 0.830000 0.100000
v 0.380000 0.930000 0.100000
v -0.380000 0.930000 0.100000
v -0.460000 0.830000 -0.860000
v 0.460000 0.830000 -0.860000
v 0.460000 0.930000 -0.860000
v -0.460000 0.930000 -0.860000
v -0.460000 0.830000 0.020000
v 0.460000 0.830000 0.020000
v 0.460000 0.930000 0.020000
v -0.460000 0.930000 0.020000
v -0.300000 0.830000 -0.860000
v -0.300000 0.930000 -0.860000
v -0.315279 0.830000 -0.812977
v -0.315279 0.930000 -0.812977
v -0.355279 0.830000 -0.783915
v -0.355279 0.930000 -0.783915
v -0.404721 0.830000 -0.783915
v -0.404721 0.930000 -0.783915
v -0.444721 0.830000 -0.812977
v -0.444721 0.930000 -0.812977
v -0.460000 0.830000 -0.860000
v -0.460000 0.930000 -0.860000
v -0.444721 0.830000 -0.907023
v -0.444721 0.930000 -0.907023
v -0.404721 0.830000 -0.936085
v -0.404721 0.930000 -0.936085
v -0.355279 0.830000 -0.936085
v -0.355279 0.930000 -0.936085
v -0.315279 0.830000 -0.907023
v -0.315279 0.930000 -0.907023
v -0.300000 0.830000 0.020000
v -0.300000 0.930000 0.020000
v -0.315279 0.830000 0.067023
v -0.315279 0.930000 0.067023
v -0.355279 0.830000 0.096085
v -0.355279 0.930000 0.096085
v -0.404721 0.830000 0.096085
v -0.404721 0.930000 0.096085
v -0.444721 0.830000 0.067023
v -0.444721 0.930000 0.067023
v -0.460000 0.830000 0.020000
v -0.460000 0.930000 0.020000
v -0.444721 0.830000 -0.027023
v -0.444721 0.930000 -0.027023
v -0.404721 0.830000 -0.056085
v -0.404721 0.930000 -0.056085
v -0.355279 0.830000 -0.056085
v -0.355279 0.930000 -0.056085
v -0.315279 0.830000 -0.027023
v -0.315279 0.930000 -0.027023
v 0.460000 0.830000 -0.860000
v 0.460000 0.930000 -0.860000
v 0.444721 0.830000 -0.812977
v 0.444721 0.930000 -0.812977
v 0.404721 0.830000 -0.783915
v 0.404721 0.930000 -0.783915
v 0.355279 0.830000 -0.783915
v 0.355279 0.930000 -0.783915
v 0.315279 0.830000 -0.812977
v 0.315279 0.930000 -0.812977
v 0.300000 0.830000 -0.860000
v 0.300000 0.930000 -0.860000
v 0.315279 0.830000 -0.907023
v 0.315279 0.930000 -0.907023
v 0.355279 0.830000 -0.936085
v 0.355279 0.930000 -0.936085
v 0.404721 0.830000 -0.936085
v 0.404721 0.930000 -0.936085
v 0.444721 0.830000 -0.907023
v 0.444721 0.930000 -0.907023
v 0.460000 0.830000 0.020000
v 0.460000 0.930000 0.020000
v 0.444721 0.830000 0.067023
v 0.444721 0.930000 0.067023
v 0.404721 0.830000 0.096085
v 0.404721 0.930000 0.096085
v 0.355279 0.830000 0.096085
v 0.355279 0.930000 0.096085
v 0.315279 0.830000 0.067023
v 0.315279 0.930000 0.067023
v 0.300000 0.830000 0.020000
v 0.300000 0.930000 0.020000
v 0.315279 0.830000 -0.027023
v 0.315279 0.930000 -0.027023
v 0.355279 0.830000 -0.056085
v 0.355279 0.930000 -0.056085
v 0.404721 0.830000 -0.056085
v 0.404721 0.930000 -0.056085
v 0.444721 0.830000 -0.027023
v 0.444721 0.930000 -0.027023
v -0.440000 0.933000 0.020000
v 0.440000 0.933000 0.020000
v 0.440000 0.967000 0.020000
v -0.440000 0.967000 0.020000
v -0.440000 0.933000 0.080000
v 0.440000 0.933000 0.080000
v 0.440000 0.967000 0.080000
v -0.440000 0.967000 0.080000
v -0.277500 0.940000 -0.730000
v -0.242500 0.940000 -0.730000
v -0.242500 0.970000 -0.730000
v -0.277500 0.970000 -0.730000
v -0.277500 0.940000 0.370000
v -0.242500 0.940000 0.370000
v -0.242500 0.970000 0.370000
v -0.277500 0.970000 0.370000
v 0.015000 0.949000 -0.700000
v 0.045000 0.949000 -0.700000
v 0.045000 0.975000 -0.700000
v 0.015000 0.975000 -0.700000
v 0.015000 0.949000 0.300000
v 0.045000 0.949000 0.300000
v 0.045000 0.975000 0.300000
v 0.015000 0.975000 0.300000
v 0.293000 0.939000 -0.690000
v 0.327000 0.939000 -0.690000
v 0.327000 0.969000 -0.690000
v 0.293000 0.969000 -0.690000
v 0.293000 0.939000 0.250000
v 0.327000 0.939000 0.250000
v 0.327000 0.969000 0.250000
v 0.293000 0.969000 0.250000
v -0.450000 0.917500 -0.900000
v -0.290000 0.917500 -0.900000
v -0.290000 0.942500 -0.900000
v -0.450000 0.942500 -0.900000
v -0.450000 0.917500 -0.180000
v -0.290000 0.917500 -0.180000
v -0.290000 0.942500 -0.180000
v -0.450000 0.942500 -0.180000
v 0.310000 0.914000 -0.820000
v 0.450000 0.914000 -0.820000
v 0.450000 0.936000 -0.820000
v 0.310000 0.936000 -0.820000
v 0.310000 0.914000 -0.140000
v 0.450000 0.914000 -0.140000
v 0.450000 0.936000 -0.140000
v 0.310000 0.936000 -0.140000
v -0.520000 1.003000 -0.663000
v 0.520000 1.003000 -0.663000
v 0.520000 1.027000 -0.663000
v -0.520000 1.027000 -0.663000
v -0.520000 1.003000 -0.617000
v 0.520000 1.003000 -0.617000
v 0.520000 1.027000 -0.617000
v -0.520000 1.027000 -0.617000
v -0.547500 1.013000 -0.672000
v -0.492500 1.013000 -0.672000
v -0.492500 1.047000 -0.672000
v -0.547500 1.047000 -0.672000
v -0.547500 1.013000 -0.608000
v -0.492500 1.013000 -0.608000
v -0.492500 1.047000 -0.608000
v -0.547500 1.047000 -0.608000
v -0.520000 1.003000 -0.303000
v 0.520000 1.003000 -0.303000
v 0.520000 1.027000 -0.303000
v -0.520000 1.027000 -0.303000
v -0.520000 1.003000 -0.257000
v 0.520000 1.003000 -0.257000
v 0.520000 1.027000 -0.257000
v -0.520000 1.027000 -0.257000
v -0.547500 1.013000 -0.312000
v -0.492500 1.013000 -0.312000
v -0.492500 1.047000 -0.312000
v -0.547500 1.047000 -0.312000
v -0.547500 1.013000 -0.248000
v -0.492500 1.013000 -0.248000
v -0.492500 1.047000 -0.248000
v -0.547500 1.047000 -0.248000
v -0.520000 1.003000 0.157000
v 0.520000 1.003000 0.157000
v 0.520000 1.027000 0.157000
v -0.520000 1.027000 0.157000
v -0.520000 1.003000 0.203000
v 0.520000 1.003000 0.203000
v 0.520000 1.027000 0.203000
v -0.520000 1.027000 0.203000
v -0.547500 1.013000 0.148000
v -0.492500 1.013000 0.148000
v -0.492500 1.047000 0.148000
v -0.547500 1.047000 0.148000
v -0.547500 1.013000 0.212000
v -0.492500 1.013000 0.212000
v -0.492500 1.047000 0.212000
v -0.547500 1.047000 0.212000
v 0.180000 1.007000 -0.845000
v 0.380000 1.007000 -0.845000
v 0.380000 1.029000 -0.845000
v 0.180000 1.029000 -0.845000
v 0.180000 1.007000 -0.755000
v 0.380000 1.007000 -0.755000
v 0.380000 1.029000 -0.755000
v 0.180000 1.029000 -0.755000
v -0.305000 0.890000 0.610000
v 0.305000 0.890000 0.610000
v 0.305000 1.030000 0.610000
v -0.305000 1.030000 0.610000
v -0.305000 0.890000 0.950000
v 0.305000 0.890000 0.950000
v 0.305000 1.030000 0.950000
v -0.305000 1.030000 0.950000
v -0.380000 0.890000 0.685000
v 0.380000 0.890000 0.685000
v 0.380000 1.030000 0.685000
v -0.380000 1.030000 0.685000
v -0.380000 0.890000 0.875000
v 0.380000 0.890000 0.875000
v 0.380000 1.030000 0.875000
v -0.380000 1.030000 0.875000
v -0.230000 0.890000 0.685000
v -0.230000 1.030000 0.685000
v -0.244324 0.890000 0.729084
v -0.244324 1.030000 0.729084
v -0.281824 0.890000 0.756329
v -0.281824 1.030000 0.756329
v -0.328176 0.890000 0.756329
v -0.328176 1.030000 0.756329
v -0.365676 0.890000 0.729084
v -0.365676 1.030000 0.729084
v -0.380000 0.890000 0.685000
v -0.380000 1.030000 0.685000
v -0.365676 0.890000 0.640916
v -0.365676 1.030000 0.640916
v -0.328176 0.890000 0.613671
v -0.328176 1.030000 0.613671
v -0.281824 0.890000 0.613671
v -0.281824 1.030000 0.613671
v -0.244324 0.890000 0.640916
v -0.244324 1.030000 0.640916
v -0.230000 0.890000 0.875000
v -0.230000 1.030000 0.875000
v -0.244324 0.890000 0.919084
v -0.244324 1.030000 0.919084
v -0.281824 0.890000 0.946329
v -0.281824 1.030000 0.946329
v -0.328176 0.890000 0.946329
v -0.328176 1.030000 0.946329
v -0.365676 0.890000 0.919084
v -0.365676 1.030000 0.919084
v -0.380000 0.890000 0.875000
v -0.380000 1.030000 0.875000
v -0.365676 0.890000 0.830916
v -0.365676 1.030000 0.830916
v -0.328176 0.890000 0.803671
v -0.328176 1.030000 0.803671
v -0.281824 0.890000 0.803671
v -0.281824 1.030000 0.803671
v -0.244324 0.890000 0.830916
v -0.244324 1.030000 0.830916
v 0.380000 0.890000 0.685000
v 0.380000 1.030000 0.685000
v 0.365676 0.890000 0.729084
v 0.365676 1.030000 0.729084
v 0.328176 0.890000 0.756329
v 0.328176 1.030000 0.756329
v 0.281824 0.890000 0.756329
v 0.281824 1.030000 0.756329
v 0.244324 0.890000 0.729084
v 0.244324 1.030000 0.729084
v 0.230000 0.890000 0.685000
v 0.230000 1.030000 0.685000
v 0.244324 0.890000 0.640916
v 0.244324 1.030000 0.640916
v 0.281824 0.890000 0.613671
v 0.281824 1.030000 0.613671
v 0.328176 0.890000 0.613671
v 0.328176 1.030000 0.613671
v 0.365676 0.890000 0.640916
v 0.365676 1.030000 0.640916
v 0.380000 0.890000 0.875000
v 0.380000 1.030000 0.875000
v 0.365676 0.890000 0.919084
v 0.365676 1.030000 0.919084
v 0.328176 0.890000 0.946329
v 0.328176 1.030000 0.946329
v 0.281824 0.890000 0.946329
v 0.281824 1.030000 0.946329
v 0.244324 0.890000 0.919084
v 0.244324 1.030000 0.919084
v 0.230000 0.890000 0.875000
v 0.230000 1.030000 0.875000
v 0.244324 0.890000 0.830916
v 0.244324 1.030000 0.830916
v 0.281824 0.890000 0.803671
v 0.281824 1.030000 0.803671
v 0.328176 0.890000 0.803671
v 0.328176 1.030000 0.803671
v 0.365676 0.890000 0.830916
v 0.365676 1.030000 0.830916
v -0.215000 1.022500 0.630000
v -0.185000 1.022500 0.630000
v -0.185000 1.047500 0.630000
v -0.215000 1.047500 0.630000
v -0.215000 1.022500 0.930000
v -0.185000 1.022500 0.930000
v -0.185000 1.047500 0.930000
v -0.215000 1.047500 0.930000
v 0.204000 1.018000 0.630000
v 0.236000 1.018000 0.630000
v 0.236000 1.042000 0.630000
v 0.204000 1.042000 0.630000
v 0.204000 1.018000 0.910000
v 0.236000 1.018000 0.910000
v 0.236000 1.042000 0.910000
v 0.204000 1.042000 0.910000
v -0.545000 0.680000 1.047500
v 0.545000 0.680000 1.047500
v 0.545000 1.400000 1.047500
v -0.545000 1.400000 1.047500
v -0.545000 0.680000 1.112500
v 0.545000 0.680000 1.112500
v 0.545000 1.400000 1.112500
v -0.545000 1.400000 1.112500
v -0.570000 0.680000 1.072500
v 0.570000 0.680000 1.072500
v 0.570000 1.400000 1.072500
v -0.570000 1.400000 1.072500
v -0.570000 0.680000 1.087500
v 0.570000 0.680000 1.087500
v 0.570000 1.400000 1.087500
v -0.570000 1.400000 1.087500
v -0.520000 0.680000 1.072500
v -0.520000 1.400000 1.072500
v -0.527322 0.680000 1.090178
v -0.527322 1.400000 1.090178
v -0.545000 0.680000 1.097500
v -0.545000 1.400000 1.097500
v -0.562678 0.680000 1.090178
v -0.562678 1.400000 1.090178
v -0.570000 0.680000 1.072500
v -0.570000 1.400000 1.072500
v -0.562678 0.680000 1.054822
v -0.562678 1.400000 1.054822
v -0.545000 0.680000 1.047500
v -0.545000 1.400000 1.047500
v -0.527322 0.680000 1.054822
v -0.527322 1.400000 1.054822
v -0.520000 0.680000 1.087500
v -0.520000 1.400000 1.087500
v -0.527322 0.680000 1.105178
v -0.527322 1.400000 1.105178
v -0.545000 0.680000 1.112500
v -0.545000 1.400000 1.112500
v -0.562678 0.680000 1.105178
v -0.562678 1.400000 1.105178
v -0.570000 0.680000 1.087500
v -0.570000 1.400000 1.087500
v -0.562678 0.680000 1.069822
v -0.562678 1.400000 1.069822
v -0.545000 0.680000 1.062500
v -0.545000 1.400000 1.062500
v -0.527322 0.680000 1.069822
v -0.527322 1.400000 1.069822
v 0.570000 0.680000 1.072500
v 0.570000 1.400000 1.072500
v 0.562678 0.680000 1.090178
v 0.562678 1.400000 1.090178
v 0.545000 0.680000 1.097500
v 0.545000 1.400000 1.097500
v 0.527322 0.680000 1.090178
v 0.527322 1.400000 1.090178
v 0.520000 0.680000 1.072500
v 0.520000 1.400000 1.072500
v 0.527322 0.680000 1.054822
v 0.527322 1.400000 1.054822
v 0.545000 0.680000 1.047500
v 0.545000 1.400000 1.047500
v 0.562678 0.680000 1.054822
v 0.562678 1.400000 1.054822
v 0.570000 0.680000 1.087500
v 0.570000 1.400000 1.087500
v 0.562678 0.680000 1.105178
v 0.562678 1.400000 1.105178
v 0.545000 0.680000 1.112500
v 0.545000 1.400000 1.112500
v 0.527322 0.680000 1.105178
v 0.527322 1.400000 1.105178
v 0.520000 0.680000 1.087500
v 0.520000 1.400000 1.087500
v 0.527322 0.680000 1.069822
v 0.527322 1.400000 1.069822
v 0.545000 0.680000 1.062500
v 0.545000 1.400000 1.062500
v 0.562678 0.680000 1.069822
v 0.562678 1.400000 1.069822
v -0.495000 0.690000 -1.122500
v 0.495000 0.690000 -1.122500
v 0.495000 1.130000 -1.122500
v -0.495000 1.130000 -1.122500
v -0.495000 0.690000 -1.057500
v 0.495000 0.690000 -1.057500
v 0.495000 1.130000 -1.057500
v -0.495000 1.130000 -1.057500
v -0.520000 0.690000 -1.097500
v 0.520000 0.690000 -1.097500
v 0.520000 1.130000 -1.097500
v -0.520000 1.130000 -1.097500
v -0.520000 0.690000 -1.082500
v 0.520000 0.690000 -1.082500
v 0.520000 1.130000 -1.082500
v -0.520000 1.130000 -1.082500
v -0.470000 0.690000 -1.097500
v -0.470000 1.130000 -1.097500
v -0.477322 0.690000 -1.079822
v -0.477322 1.130000 -1.079822
v -0.495000 0.690000 -1.072500
v -0.495000 1.130000 -1.072500
v -0.512678 0.690000 -1.079822
v -0.512678 1.130000 -1.079822
v -0.520000 0.690000 -1.097500
v -0.520000 1.130000 -1.097500
v -0.512678 0.690000 -1.115178
v -0.512678 1.130000 -1.115178
v -0.495000 0.690000 -1.122500
v -0.495000 1.130000 -1.122500
v -0.477322 0.690000 -1.115178
v -0.477322 1.130000 -1.115178
v -0.470000 0.690000 -1.082500
v -0.470000 1.130000 -1.082500
v -0.477322 0.690000 -1.064822
v -0.477322 1.130000 -1.064822
v -0.495000 0.690000 -1.057500
v -0.495000 1.130000 -1.057500
v -0.512678 0.690000 -1.064822
v -0.512678 1.130000 -1.064822
v -0.520000 0.690000 -1.082500
v -0.520000 1.130000 -1.082500
v -0.512678 0.690000 -1.100178
v -0.512678 1.130000 -1.100178
v -0.495000 0.690000 -1.107500
v -0.495000 1.130000 -1.107500
v -0.477322 0.690000 -1.100178
v -0.477322 1.130000 -1.100178
v 0.520000 0.690000 -1.097500
v 0.520000 1.130000 -1.097500
v 0.512678 0.690000 -1.079822
v 0.512678 1.130000 -1.079822
v 0.495000 0.690000 -1.072500
v 0.495000 1.130000 -1.072500
v 0.477322 0.690000 -1.079822
v 0.477322 1.130000 -1.079822
v 0.470000 0.690000 -1.097500
v 0.470000 1.130000 -1.097500
v 0.477322 0.690000 -1.115178
v 0.477322 1.130000 -1.115178
v 0.495000 0.690000 -1.122500
v 0.495000 1.130000 -1.122500
v 0.512678 0.690000 -1.115178
v 0.512678 1.130000 -1.115178
v 0.520000 0.690000 -1.082500
v 0.520000 1.130000 -1.082500
v 0.512678 0.690000 -1.064822
v 0.512678 1.130000 -1.064822
v 0.495000 0.690000 -1.057500
v 0.495000 1.130000 -1.057500
v 0.477322 0.690000 -1.064822
v 0.477322 1.130000 -1.064822
v 0.470000 0.690000 -1.082500
v 0.470000 1.130000 -1.082500
v 0.477322 0.690000 -1.100178
v 0.477322 1.130000 -1.100178
v 0.495000 0.690000 -1.107500
v 0.495000 1.130000 -1.107500
v 0.512678 0.690000 -1.100178
v 0.512678 1.130000 -1.100178
v -0.480000 1.260000 1.090000
v 0.480000 1.260000 1.090000
v -0.480000 1.239428 1.083316
v 0.480000 1.239428 1.083316
v -0.480000 1.226713 1.065816
v 0.480000 1.226713 1.065816
v -0.480000 1.226713 1.044184
v 0.480000 1.226713 1.044184
v -0.480000 1.239428 1.026684
v 0.480000 1.239428 1.026684
v -0.480000 1.260000 1.020000
v 0.480000 1.260000 1.020000
v -0.480000 1.280572 1.026684
v 0.480000 1.280572 1.026684
v -0.480000 1.293287 1.044184
v 0.480000 1.293287 1.044184
v -0.480000 1.293287 1.065816
v 0.480000 1.293287 1.065816
v -0.480000 1.280572 1.083316
v 0.480000 1.280572 1.083316
v -0.410000 1.020000 -1.053000
v 0.410000 1.020000 -1.053000
v -0.410000 1.001191 -1.059111
v 0.410000 1.001191 -1.059111
v -0.410000 0.989566 -1.075111
v 0.410000 0.989566 -1.075111
v -0.410000 0.989566 -1.094889
v 0.410000 0.989566 -1.094889
v -0.410000 1.001191 -1.110889
v 0.410000 1.001191 -1.110889
v -0.410000 1.020000 -1.117000
v 0.410000 1.020000 -1.117000
v -0.410000 1.038809 -1.110889
v 0.410000 1.038809 -1.110889
v -0.410000 1.050434 -1.094889
v 0.410000 1.050434 -1.094889
v -0.410000 1.050434 -1.075111
v 0.410000 1.050434 -1.075111
v -0.410000 1.038809 -1.059111
v 0.410000 1.038809 -1.059111
v -0.596000 0.710000 -0.800000
v -0.596000 1.050000 -0.800000
v -0.603029 0.710000 -0.816971
v -0.603029 1.050000 -0.816971
v -0.620000 0.710000 -0.824000
v -0.620000 1.050000 -0.824000
v -0.636971 0.710000 -0.816971
v -0.636971 1.050000 -0.816971
v -0.644000 0.710000 -0.800000
v -0.644000 1.050000 -0.800000
v -0.636971 0.710000 -0.783029
v -0.636971 1.050000 -0.783029
v -0.620000 0.710000 -0.776000
v -0.620000 1.050000 -0.776000
v -0.603029 0.710000 -0.783029
v -0.603029 1.050000 -0.783029
v -0.596000 0.710000 0.400000
v -0.596000 1.050000 0.400000
v -0.603029 0.710000 0.383029
v -0.603029 1.050000 0.383029
v -0.620000 0.710000 0.376000
v -0.620000 1.050000 0.376000
v -0.636971 0.710000 0.383029
v -0.636971 1.050000 0.383029
v -0.644000 0.710000 0.400000
v -0.644000 1.050000 0.400000
v -0.636971 0.710000 0.416971
v -0.636971 1.050000 0.416971
v -0.620000 0.710000 0.424000
v -0.620000 1.050000 0.424000
v -0.603029 0.710000 0.416971
v -0.603029 1.050000 0.416971
v -0.652000 1.080000 -0.780000
v -0.652000 1.080000 0.360000
v -0.645889 1.061191 -0.780000
v -0.645889 1.061191 0.360000
v -0.629889 1.049566 -0.780000
v -0.629889 1.049566 0.360000
v -0.610111 1.049566 -0.780000
v -0.610111 1.049566 0.360000
v -0.594111 1.061191 -0.780000
v -0.594111 1.061191 0.360000
v -0.588000 1.080000 -0.780000
v -0.588000 1.080000 0.360000
v -0.594111 1.098809 -0.780000
v -0.594111 1.098809 0.360000
v -0.610111 1.110434 -0.780000
v -0.610111 1.110434 0.360000
v -0.629889 1.110434 -0.780000
v -0.629889 1.110434 0.360000
v -0.645889 1.098809 -0.780000
v -0.645889 1.098809 0.360000
v -0.599000 0.860000 -0.680000
v -0.599000 1.080000 -0.680000
v -0.605151 0.860000 -0.694849
v -0.605151 1.080000 -0.694849
v -0.620000 0.860000 -0.701000
v -0.620000 1.080000 -0.701000
v -0.634849 0.860000 -0.694849
v -0.634849 1.080000 -0.694849
v -0.641000 0.860000 -0.680000
v -0.641000 1.080000 -0.680000
v -0.634849 0.860000 -0.665151
v -0.634849 1.080000 -0.665151
v -0.620000 0.860000 -0.659000
v -0.620000 1.080000 -0.659000
v -0.605151 0.860000 -0.665151
v -0.605151 1.080000 -0.665151
v -0.599000 0.860000 -0.300000
v -0.599000 1.080000 -0.300000
v -0.605151 0.860000 -0.314849
v -0.605151 1.080000 -0.314849
v -0.620000 0.860000 -0.321000
v -0.620000 1.080000 -0.321000
v -0.634849 0.860000 -0.314849
v -0.634849 1.080000 -0.314849
v -0.641000 0.860000 -0.300000
v -0.641000 1.080000 -0.300000
v -0.634849 0.860000 -0.285151
v -0.634849 1.080000 -0.285151
v -0.620000 0.860000 -0.279000
v -0.620000 1.080000 -0.279000
v -0.605151 0.860000 -0.285151
v -0.605151 1.080000 -0.285151
v -0.599000 0.860000 0.080000
v -0.599000 1.080000 0.080000
v -0.605151 0.860000 0.065151
v -0.605151 1.080000 0.065151
v -0.620000 0.860000 0.059000
v -0.620000 1.080000 0.059000
v -0.634849 0.860000 0.065151
v -0.634849 1.080000 0.065151
v -0.641000 0.860000 0.080000
v -0.641000 1.080000 0.080000
v -0.634849 0.860000 0.094849
v -0.634849 1.080000 0.094849
v -0.620000 0.860000 0.101000
v -0.620000 1.080000 0.101000
v -0.605151 0.860000 0.094849
v -0.605151 1.080000 0.094849
v -0.592000 0.050000 -0.820000
v -0.592000 0.720000 -0.820000
v -0.600201 0.050000 -0.839799
v -0.600201 0.720000 -0.839799
v -0.620000 0.050000 -0.848000
v -0.620000 0.720000 -0.848000
v -0.639799 0.050000 -0.839799
v -0.639799 0.720000 -0.839799
v -0.648000 0.050000 -0.820000
v -0.648000 0.720000 -0.820000
v -0.639799 0.050000 -0.800201
v -0.639799 0.720000 -0.800201
v -0.620000 0.050000 -0.792000
v -0.620000 0.720000 -0.792000
v -0.600201 0.050000 -0.800201
v -0.600201 0.720000 -0.800201
v -0.592000 0.050000 0.820000
v -0.592000 0.720000 0.820000
v -0.600201 0.050000 0.800201
v -0.600201 0.720000 0.800201
v -0.620000 0.050000 0.792000
v -0.620000 0.720000 0.792000
v -0.639799 0.050000 0.800201
v -0.639799 0.720000 0.800201
v -0.648000 0.050000 0.820000
v -0.648000 0.720000 0.820000
v -0.639799 0.050000 0.839799
v -0.639799 0.720000 0.839799
v -0.620000 0.050000 0.848000
v -0.620000 0.720000 0.848000
v -0.600201 0.050000 0.839799
v -0.600201 0.720000 0.839799
v 0.644000 0.710000 -0.800000
v 0.644000 1.050000 -0.800000
v 0.636971 0.710000 -0.816971
v 0.636971 1.050000 -0.816971
v 0.620000 0.710000 -0.824000
v 0.620000 1.050000 -0.824000
v 0.603029 0.710000 -0.816971
v 0.603029 1.050000 -0.816971
v 0.596000 0.710000 -0.800000
v 0.596000 1.050000 -0.800000
v 0.603029 0.710000 -0.783029
v 0.603029 1.050000 -0.783029
v 0.620000 0.710000 -0.776000
v 0.620000 1.050000 -0.776000
v 0.636971 0.710000 -0.783029
v 0.636971 1.050000 -0.783029
v 0.644000 0.710000 0.400000
v 0.644000 1.050000 0.400000
v 0.636971 0.710000 0.383029
v 0.636971 1.050000 0.383029
v 0.620000 0.710000 0.376000
v 0.620000 1.050000 0.376000
v 0.603029 0.710000 0.383029
v 0.603029 1.050000 0.383029
v 0.596000 0.710000 0.400000
v 0.596000 1.050000 0.400000
v 0.603029 0.710000 0.416971
v 0.603029 1.050000 0.416971
v 0.620000 0.710000 0.424000
v 0.620000 1.050000 0.424000
v 0.636971 0.710000 0.416971
v 0.636971 1.050000 0.416971
v 0.588000 1.080000 -0.780000
v 0.588000 1.080000 0.360000
v 0.594111 1.061191 -0.780000
v 0.594111 1.061191 0.360000
v 0.610111 1.049566 -0.780000
v 0.610111 1.049566 0.360000
v 0.629889 1.049566 -0.780000
v 0.629889 1.049566 0.360000
v 0.645889 1.061191 -0.780000
v 0.645889 1.061191 0.360000
v 0.652000 1.080000 -0.780000
v 0.652000 1.080000 0.360000
v 0.645889 1.098809 -0.780000
v 0.645889 1.098809 0.360000
v 0.629889 1.110434 -0.780000
v 0.629889 1.110434 0.360000
v 0.610111 1.110434 -0.780000
v 0.610111 1.110434 0.360000
v 0.594111 1.098809 -0.780000
v 0.594111 1.098809 0.360000
v 0.641000 0.860000 -0.680000
v 0.641000 1.080000 -0.680000
v 0.634849 0.860000 -0.694849
v 0.634849 1.080000 -0.694849
v 0.620000 0.860000 -0.701000
v 0.620000 1.080000 -0.701000
v 0.605151 0.860000 -0.694849
v 0.605151 1.080000 -0.694849
v 0.599000 0.860000 -0.680000
v 0.599000 1.080000 -0.680000
v 0.605151 0.860000 -0.665151
v 0.605151 1.080000 -0.665151
v 0.620000 0.860000 -0.659000
v 0.620000 1.080000 -0.659000
v 0.634849 0.860000 -0.665151
v 0.634849 1.080000 -0.665151
v 0.641000 0.860000 -0.300000
v 0.641000 1.080000 -0.300000
v 0.634849 0.860000 -0.314849
v 0.634849 1.080000 -0.314849
v 0.620000 0.860000 -0.321000
v 0.620000 1.080000 -0.321000
v 0.605151 0.860000 -0.314849
v 0.605151 1.080000 -0.314849
v 0.599000 0.860000 -0.300000
v 0.599000 1.080000 -0.300000
v 0.605151 0.860000 -0.285151
v 0.605151 1.080000 -0.285151
v 0.620000 0.860000 -0.279000
v 0.620000 1.080000 -0.279000
v 0.634849 0.860000 -0.285151
v 0.634849 1.080000 -0.285151
v 0.641000 0.860000 0.080000
v 0.641000 1.080000 0.080000
v 0.634849 0.860000 0.065151
v 0.634849 1.080000 0.065151
v 0.620000 0.860000 0.059000
v 0.620000 1.080000 0.059000
v 0.605151 0.860000 0.065151
v 0.605151 1.080000 0.065151
v 0.599000 0.860000 0.080000
v 0.599000 1.080000 0.080000
v 0.605151 0.860000 0.094849
v 0.605151 1.080000 0.094849
v 0.620000 0.860000 0.101000
v 0.620000 1.080000 0.101000
v 0.634849 0.860000 0.094849
v 0.634849 1.080000 0.094849
v 0.648000 0.050000 -0.820000
v 0.648000 0.720000 -0.820000
v 0.639799 0.050000 -0.839799
v 0.639799 0.720000 -0.839799
v 0.620000 0.050000 -0.848000
v 0.620000 0.720000 -0.848000
v 0.600201 0.050000 -0.839799
v 0.600201 0.720000 -0.839799
v 0.592000 0.050000 -0.820000
v 0.592000 0.720000 -0.820000
v 0.600201 0.050000 -0.800201
v 0.600201 0.720000 -0.800201
v 0.620000 0.050000 -0.792000
v 0.620000 0.720000 -0.792000
v 0.639799 0.050000 -0.800201
v 0.639799 0.720000 -0.800201
v 0.648000 0.050000 0.820000
v 0.648000 0.720000 0.820000
v 0.639799 0.050000 0.800201
v 0.639799 0.720000 0.800201
v 0.620000 0.050000 0.792000
v 0.620000 0.720000 0.792000
v 0.600201 0.050000 0.800201
v 0.600201 0.720000 0.800201
v 0.592000 0.050000 0.820000
v 0.592000 0.720000 0.820000
v 0.600201 0.050000 0.839799
v 0.600201 0.720000 0.839799
v 0.620000 0.050000 0.848000
v 0.620000 0.720000 0.848000
v 0.639799 0.050000 0.839799
v 0.639799 0.720000 0.839799
v -0.350000 0.032500 -0.820000
v -0.350000 0.087500 -0.820000
v -0.360718 0.032500 -0.780000
v -0.360718 0.087500 -0.780000
v -0.390000 0.032500 -0.750718
v -0.390000 0.087500 -0.750718
v -0.430000 0.032500 -0.740000
v -0.430000 0.087500 -0.740000
v -0.470000 0.032500 -0.750718
v -0.470000 0.087500 -0.750718
v -0.499282 0.032500 -0.780000
v -0.499282 0.087500 -0.780000
v -0.510000 0.032500 -0.820000
v -0.510000 0.087500 -0.820000
v -0.499282 0.032500 -0.860000
v -0.499282 0.087500 -0.860000
v -0.470000 0.032500 -0.889282
v -0.470000 0.087500 -0.889282
v -0.430000 0.032500 -0.900000
v -0.430000 0.087500 -0.900000
v -0.390000 0.032500 -0.889282
v -0.390000 0.087500 -0.889282
v -0.360718 0.032500 -0.860000
v -0.360718 0.087500 -0.860000
v 0.510000 0.032500 -0.820000
v 0.510000 0.087500 -0.820000
v 0.499282 0.032500 -0.780000
v 0.499282 0.087500 -0.780000
v 0.470000 0.032500 -0.750718
v 0.470000 0.087500 -0.750718
v 0.430000 0.032500 -0.740000
v 0.430000 0.087500 -0.740000
v 0.390000 0.032500 -0.750718
v 0.390000 0.087500 -0.750718
v 0.360718 0.032500 -0.780000
v 0.360718 0.087500 -0.780000
v 0.350000 0.032500 -0.820000
v 0.350000 0.087500 -0.820000
v 0.360718 0.032500 -0.860000
v 0.360718 0.087500 -0.860000
v 0.390000 0.032500 -0.889282
v 0.390000 0.087500 -0.889282
v 0.430000 0.032500 -0.900000
v 0.430000 0.087500 -0.900000
v 0.470000 0.032500 -0.889282
v 0.470000 0.087500 -0.889282
v 0.499282 0.032500 -0.860000
v 0.499282 0.087500 -0.860000
v -0.380000 0.010000 -0.820000
v -0.380000 0.060000 -0.820000
v -0.386699 0.010000 -0.795000
v -0.386699 0.060000 -0.795000
v -0.405000 0.010000 -0.776699
v -0.405000 0.060000 -0.776699
v -0.430000 0.010000 -0.770000
v -0.430000 0.060000 -0.770000
v -0.455000 0.010000 -0.776699
v -0.455000 0.060000 -0.776699
v -0.473301 0.010000 -0.795000
v -0.473301 0.060000 -0.795000
v -0.480000 0.010000 -0.820000
v -0.480000 0.060000 -0.820000
v -0.473301 0.010000 -0.845000
v -0.473301 0.060000 -0.845000
v -0.455000 0.010000 -0.863301
v -0.455000 0.060000 -0.863301
v -0.430000 0.010000 -0.870000
v -0.430000 0.060000 -0.870000
v -0.405000 0.010000 -0.863301
v -0.405000 0.060000 -0.863301
v -0.386699 0.010000 -0.845000
v -0.386699 0.060000 -0.845000
v 0.480000 0.010000 -0.820000
v 0.480000 0.060000 -0.820000
v 0.473301 0.010000 -0.795000
v 0.473301 0.060000 -0.795000
v 0.455000 0.010000 -0.776699
v 0.455000 0.060000 -0.776699
v 0.430000 0.010000 -0.770000
v 0.430000 0.060000 -0.770000
v 0.405000 0.010000 -0.776699
v 0.405000 0.060000 -0.776699
v 0.386699 0.010000 -0.795000
v 0.386699 0.060000 -0.795000
v 0.380000 0.010000 -0.820000
v 0.380000 0.060000 -0.820000
v 0.386699 0.010000 -0.845000
v 0.386699 0.060000 -0.845000
v 0.405000 0.010000 -0.863301
v 0.405000 0.060000 -0.863301
v 0.430000 0.010000 -0.870000
v 0.430000 0.060000 -0.870000
v 0.455000 0.010000 -0.863301
v 0.455000 0.060000 -0.863301
v 0.473301 0.010000 -0.845000
v 0.473301 0.060000 -0.845000
v -0.350000 0.032500 0.820000
v -0.350000 0.087500 0.820000
v -0.360718 0.032500 0.860000
v -0.360718 0.087500 0.860000
v -0.390000 0.032500 0.889282
v -0.390000 0.087500 0.889282
v -0.430000 0.032500 0.900000
v -0.430000 0.087500 0.900000
v -0.470000 0.032500 0.889282
v -0.470000 0.087500 0.889282
v -0.499282 0.032500 0.860000
v -0.499282 0.087500 0.860000
v -0.510000 0.032500 0.820000
v -0.510000 0.087500 0.820000
v -0.499282 0.032500 0.780000
v -0.499282 0.087500 0.780000
v -0.470000 0.032500 0.750718
v -0.470000 0.087500 0.750718
v -0.430000 0.032500 0.740000
v -0.430000 0.087500 0.740000
v -0.390000 0.032500 0.750718
v -0.390000 0.087500 0.750718
v -0.360718 0.032500 0.780000
v -0.360718 0.087500 0.780000
v 0.510000 0.032500 0.820000
v 0.510000 0.087500 0.820000
v 0.499282 0.032500 0.860000
v 0.499282 0.087500 0.860000
v 0.470000 0.032500 0.889282
v 0.470000 0.087500 0.889282
v 0.430000 0.032500 0.900000
v 0.430000 0.087500 0.900000
v 0.390000 0.032500 0.889282
v 0.390000 0.087500 0.889282
v 0.360718 0.032500 0.860000
v 0.360718 0.087500 0.860000
v 0.350000 0.032500 0.820000
v 0.350000 0.087500 0.820000
v 0.360718 0.032500 0.780000
v 0.360718 0.087500 0.780000
v 0.390000 0.032500 0.750718
v 0.390000 0.087500 0.750718
v 0.430000 0.032500 0.740000
v 0.430000 0.087500 0.740000
v 0.470000 0.032500 0.750718
v 0.470000 0.087500 0.750718
v 0.499282 0.032500 0.780000
v 0.499282 0.087500 0.780000
v -0.380000 0.010000 0.820000
v -0.380000 0.060000 0.820000
v -0.386699 0.010000 0.845000
v -0.386699 0.060000 0.845000
v -0.405000 0.010000 0.863301
v -0.405000 0.060000 0.863301
v -0.430000 0.010000 0.870000
v -0.430000 0.060000 0.870000
v -0.455000 0.010000 0.863301
v -0.455000 0.060000 0.863301
v -0.473301 0.010000 0.845000
v -0.473301 0.060000 0.845000
v -0.480000 0.010000 0.820000
v -0.480000 0.060000 0.820000
v -0.473301 0.010000 0.795000
v -0.473301 0.060000 0.795000
v -0.455000 0.010000 0.776699
v -0.455000 0.060000 0.776699
v -0.430000 0.010000 0.770000
v -0.430000 0.060000 0.770000
v -0.405000 0.010000 0.776699
v -0.405000 0.060000 0.776699
v -0.386699 0.010000 0.795000
v -0.386699 0.060000 0.795000
v 0.480000 0.010000 0.820000
v 0.480000 0.060000 0.820000
v 0.473301 0.010000 0.845000
v 0.473301 0.060000 0.845000
v 0.455000 0.010000 0.863301
v 0.455000 0.060000 0.863301
v 0.430000 0.010000 0.870000
v 0.430000 0.060000 0.870000
v 0.405000 0.010000 0.863301
v 0.405000 0.060000 0.863301
v 0.386699 0.010000 0.845000
v 0.386699 0.060000 0.845000
v 0.380000 0.010000 0.820000
v 0.380000 0.060000 0.820000
v 0.386699 0.010000 0.795000
v 0.386699 0.060000 0.795000
v 0.405000 0.010000 0.776699
v 0.405000 0.060000 0.776699
v 0.430000 0.010000 0.770000
v 0.430000 0.060000 0.770000
v 0.455000 0.010000 0.776699
v 0.455000 0.060000 0.776699
v 0.473301 0.010000 0.795000
v 0.473301 0.060000 0.795000
vt 0.000000 0.000000
vt 1.000000 0.000000
vt 1.000000 1.000000
vt 0.000000 1.000000
vt 0.000000 0.000000
vt 1.000000 0.000000
vt 1.000000 1.000000
vt 0.000000 1.000000
vt 0.000000 0.000000
vt 1.000000 0.000000
vt 1.000000 1.000000
vt 0.000000 1.000000
vt 0.000000 0.000000
vt 1.000000 0.000000
vt 1.000000 1.000000
vt 0.000000 1.000000
vt 0.000000 0.000000
vt 1.000000 0.000000
vt 1.000000 1.000000
vt 0.000000 1.000000
vt 0.000000 0.000000
vt 1.000000 0.000000
vt 1.000000 1.000000
vt 0.000000 1.000000
vt 0.000000 0.000000
vt 1.000000 0.000000
vt 1.000000 1.000000
vt 0.000000 1.000000
vt 0.000000 0.000000
vt 1.000000 0.000000
vt 1.000000 1.000000
vt 0.000000 1.000000
vt 0.000000 0.000000
vt 1.000000 0.000000
vt 1.000000 1.000000
vt 0.000000 1.000000
vt 0.000000 0.000000
vt 1.000000 0.000000
vt 1.000000 1.000000
vt 0.000000 1.000000
vt 0.000000 0.000000
vt 1.000000 0.000000
vt 1.000000 1.000000
vt 0.000000 1.000000
vt 0.000000 0.000000
vt 1.000000 0.000000
vt 1.000000 1.000000
vt 0.000000 1.000000
vt 0.000000 0.000000
vt 1.000000 0.000000
vt 1.000000 1.000000
vt 0.000000 1.000000
vt 0.000000 0.000000
vt 1.000000 0.000000
vt 1.000000 1.000000
vt 0.000000 1.000000
vt 0.000000 0.000000
vt 1.000000 0.000000
vt 1.000000 1.000000
vt 0.000000 1.000000
vt 0.000000 0.000000
vt 1.000000 0.000000
vt 1.000000 1.000000
vt 0.000000 1.000000
vt 0.000000 0.000000
vt 1.000000 0.000000
vt 1.000000 1.000000
vt 0.000000 1.000000
vt 0.000000 0.000000
vt 1.000000 0.000000
vt 1.000000 1.000000
vt 0.000000 1.000000
vt 0.000000 0.000000
vt 1.000000 0.000000
vt 1.000000 1.000000
vt 0.000000 1.000000
vt 0.000000 0.000000
vt 1.000000 0.000000
vt 1.000000 1.000000
vt 0.000000 1.000000
vt 0.000000 0.000000
vt 1.000000 0.000000
vt 1.000000 1.000000
vt 0.000000 1.000000
vt 0.000000 0.000000
vt 1.000000 0.000000
vt 1.000000 1.000000
vt 0.000000 1.000000
vt 1.000000 0.500000
vt 0.904508 0.793893
vt 0.654508 0.975528
vt 0.345492 0.975528
vt 0.095492 0.793893
vt 0.000000 0.500000
vt 0.095492 0.206107
vt 0.345492 0.024472
vt 0.654508 0.024472
vt 0.904508 0.206107
vt 1.000000 0.500000
vt 0.904508 0.793893
vt 0.654508 0.975528
vt 0.345492 0.975528
vt 0.095492 0.793893
vt 0.000000 0.500000
vt 0.095492 0.206107
vt 0.345492 0.024472
vt 0.654508 0.024472
vt 0.904508 0.206107
vt 0.000000 0.000000
vt 1.000000 0.000000
vt 1.000000 1.000000
vt 0.000000 1.000000
vt 0.000000 0.000000
vt 1.000000 0.000000
vt 1.000000 1.000000
vt 0.000000 1.000000
vt 0.000000 0.000000
vt 1.000000 0.000000
vt 1.000000 1.000000
vt 0.000000 1.000000
vt 0.000000 0.000000
vt 1.000000 0.000000
vt 1.000000 1.000000
vt 0.000000 1.000000
vt 0.000000 0.000000
vt 1.000000 0.000000
vt 1.000000 1.000000
vt 0.000000 1.000000
vt 0.000000 0.000000
vt 1.000000 0.000000
vt 1.000000 1.000000
vt 0.000000 1.000000
vt 0.000000 0.000000
vt 1.000000 0.000000
vt 1.000000 1.000000
vt 0.000000 1.000000
vt 0.000000 0.000000
vt 1.000000 0.000000
vt 1.000000 1.000000
vt 0.000000 1.000000
vt 0.000000 0.000000
vt 1.000000 0.000000
vt 1.000000 1.000000
vt 0.000000 1.000000
vt 0.000000 0.000000
vt 1.000000 0.000000
vt 1.000000 1.000000
vt 0.000000 1.000000
vt 1.000000 0.500000
vt 0.904508 0.793893
vt 0.654508 0.975528
vt 0.345492 0.975528
vt 0.095492 0.793893
vt 0.000000 0.500000
vt 0.095492 0.206107
vt 0.345492 0.024472
vt 0.654508 0.024472
vt 0.904508 0.206107
vt 1.000000 0.500000
vt 0.904508 0.793893
vt 0.654508 0.975528
vt 0.345492 0.975528
vt 0.095492 0.793893
vt 0.000000 0.500000
vt 0.095492 0.206107
vt 0.345492 0.024472
vt 0.654508 0.024472
vt 0.904508 0.206107
vt 0.000000 0.000000
vt 1.000000 0.000000
vt 1.000000 1.000000
vt 0.000000 1.000000
vt 0.000000 0.000000
vt 1.000000 0.000000
vt 1.000000 1.000000
vt 0.000000 1.000000
vt 0.000000 0.000000
vt 1.000000 0.000000
vt 1.000000 1.000000
vt 0.000000 1.000000
vt 0.000000 0.000000
vt 1.000000 0.000000
vt 1.000000 1.000000
vt 0.000000 1.000000
vt 0.000000 0.000000
vt 1.000000 0.000000
vt 1.000000 1.000000
vt 0.000000 1.000000
vt 0.000000 0.000000
vt 1.000000 0.000000
vt 1.000000 1.000000
vt 0.000000 1.000000
vt 0.000000 0.000000
vt 1.000000 0.000000
vt 1.000000 1.000000
vt 0.000000 1.000000
vt 0.000000 0.000000
vt 1.000000 0.000000
vt 1.000000 1.000000
vt 0.000000 1.000000
vt 0.000000 0.000000
vt 1.000000 0.000000
vt 1.000000 1.000000
vt 0.000000 1.000000
vt 0.000000 0.000000
vt 1.000000 0.000000
vt 1.000000 1.000000
vt 0.000000 1.000000
vt 1.000000 0.500000
vt 0.904508 0.793893
vt 0.654508 0.975528
vt 0.345492 0.975528
vt 0.095492 0.793893
vt 0.000000 0.500000
vt 0.095492 0.206107
vt 0.345492 0.024472
vt 0.654508 0.024472
vt 0.904508 0.206107
vt 1.000000 0.500000
vt 0.904508 0.793893
vt 0.654508 0.975528
vt 0.345492 0.975528
vt 0.095492 0.793893
vt 0.000000 0.500000
vt 0.095492 0.206107
vt 0.345492 0.024472
vt 0.654508 0.024472
vt 0.904508 0.206107
vt 0.000000 0.000000
vt 1.000000 0.000000
vt 1.000000 1.000000
vt 0.000000 1.000000
vt 0.000000 0.000000
vt 1.000000 0.000000
vt 1.000000 1.000000
vt 0.000000 1.000000
vt 0.000000 0.000000
vt 1.000000 0.000000
vt 1.000000 1.000000
vt 0.000000 1.000000
vt 0.000000 0.000000
vt 1.000000 0.000000
vt 1.000000 1.000000
vt 0.000000 1.000000
vt 0.000000 0.000000
vt 1.000000 0.000000
vt 1.000000 1.000000
vt 0.000000 1.000000
vt 0.000000 0.000000
vt 1.000000 0.000000
vt 1.000000 1.000000
vt 0.000000 1.000000
vt 0.000000 0.000000
vt 1.000000 0.000000
vt 1.000000 1.000000
vt 0.000000 1.000000
vt 0.000000 0.000000
vt 1.000000 0.000000
vt 1.000000 1.000000
vt 0.000000 1.000000
vt 0.000000 0.000000
vt 1.000000 0.000000
vt 1.000000 1.000000
vt 0.000000 1.000000
vt 0.000000 0.000000
vt 1.000000 0.000000
vt 1.000000 1.000000
vt 0.000000 1.000000
vt 1.000000 0.500000
vt 0.904508 0.793893
vt 0.654508 0.975528
vt 0.345492 0.975528
vt 0.095492 0.793893
vt 0.000000 0.500000
vt 0.095492 0.206107
vt 0.345492 0.024472
vt 0.654508 0.024472
vt 0.904508 0.206107
vt 1.000000 0.500000
vt 0.904508 0.793893
vt 0.654508 0.975528
vt 0.345492 0.975528
vt 0.095492 0.793893
vt 0.000000 0.500000
vt 0.095492 0.206107
vt 0.345492 0.024472
vt 0.654508 0.024472
vt 0.904508 0.206107
vt 0.000000 0.000000
vt 1.000000 0.000000
vt 1.000000 1.000000
vt 0.000000 1.000000
vt 0.000000 0.000000
vt 1.000000 0.000000
vt 1.000000 1.000000
vt 0.000000 1.000000
vt 0.000000 0.000000
vt 1.000000 0.000000
vt 1.000000 1.000000
vt 0.000000 1.000000
vt 0.000000 0.000000
vt 1.000000 0.000000
vt 1.000000 1.000000
vt 0.000000 1.000000
vt 0.000000 0.000000
vt 1.000000 0.000000
vt 1.000000 1.000000
vt 0.000000 1.000000
vt 0.000000 0.000000
vt 1.000000 0.000000
vt 1.000000 1.000000
vt 0.000000 1.000000
vt 0.000000 0.000000
vt 1.000000 0.000000
vt 1.000000 1.000000
vt 0.000000 1.000000
vt 0.000000 0.000000
vt 1.000000 0.000000
vt 1.000000 1.000000
vt 0.000000 1.000000
vt 0.000000 0.000000
vt 1.000000 0.000000
vt 1.000000 1.000000
vt 0.000000 1.000000
vt 0.000000 0.000000
vt 1.000000 0.000000
vt 1.000000 1.000000
vt 0.000000 1.000000
vt 0.000000 0.000000
vt 1.000000 0.000000
vt 1.000000 1.000000
vt 0.000000 1.000000
vt 0.000000 0.000000
vt 1.000000 0.000000
vt 1.000000 1.000000
vt 0.000000 1.000000
vt 0.000000 0.000000
vt 1.000000 0.000000
vt 1.000000 1.000000
vt 0.000000 1.000000
vt 0.000000 0.000000
vt 1.000000 0.000000
vt 1.000000 1.000000
vt 0.000000 1.000000
vt 0.000000 0.000000
vt 1.000000 0.000000
vt 1.000000 1.000000
vt 0.000000 1.000000
vt 0.000000 0.000000
vt 1.000000 0.000000
vt 1.000000 1.000000
vt 0.000000 1.000000
vt 0.000000 0.000000
vt 1.000000 0.000000
vt 1.000000 1.000000
vt 0.000000 1.000000
vt 0.000000 0.000000
vt 1.000000 0.000000
vt 1.000000 1.000000
vt 0.000000 1.000000
vt 0.000000 0.000000
vt 1.000000 0.000000
vt 1.000000 1.000000
vt 0.000000 1.000000
vt 0.000000 0.000000
vt 1.000000 0.000000
vt 1.000000 1.000000
vt 0.000000 1.000000
vt 0.000000 0.000000
vt 1.000000 0.000000
vt 1.000000 1.000000
vt 0.000000 1.000000
vt 0.000000 0.000000
vt 1.000000 0.000000
vt 1.000000 1.000000
vt 0.000000 1.000000
vt 1.000000 0.500000
vt 0.904508 0.793893
vt 0.654508 0.975528
vt 0.345492 0.975528
vt 0.095492 0.793893
vt 0.000000 0.500000
vt 0.095492 0.206107
vt 0.345492 0.024472
vt 0.654508 0.024472
vt 0.904508 0.206107
vt 1.000000 0.500000
vt 0.904508 0.793893
vt 0.654508 0.975528
vt 0.345492 0.975528
vt 0.095492 0.793893
vt 0.000000 0.500000
vt 0.095492 0.206107
vt 0.345492 0.024472
vt 0.654508 0.024472
vt 0.904508 0.206107
vt 0.000000 0.000000
vt 1.000000 0.000000
vt 1.000000 1.000000
vt 0.000000 1.000000
vt 0.000000 0.000000
vt 1.000000 0.000000
vt 1.000000 1.000000
vt 0.000000 1.000000
vt 0.000000 0.000000
vt 1.000000 0.000000
vt 1.000000 1.000000
vt 0.000000 1.000000
vt 0.000000 0.000000
vt 1.000000 0.000000
vt 1.000000 1.000000
vt 0.000000 1.000000
vt 0.000000 0.000000
vt 1.000000 0.000000
vt 1.000000 1.000000
vt 0.000000 1.000000
vt 0.000000 0.000000
vt 1.000000 0.000000
vt 1.000000 1.000000
vt 0.000000 1.000000
vt 0.000000 0.000000
vt 1.000000 0.000000
vt 1.000000 1.000000
vt 0.000000 1.000000
vt 0.000000 0.000000
vt 1.000000 0.000000
vt 1.000000 1.000000
vt 0.000000 1.000000
vt 0.000000 0.000000
vt 1.000000 0.000000
vt 1.000000 1.000000
vt 0.000000 1.000000
vt 0.000000 0.000000
vt 1.000000 0.000000
vt 1.000000 1.000000
vt 0.000000 1.000000
vt 1.000000 0.500000
vt 0.904508 0.793893
vt 0.654508 0.975528
vt 0.345492 0.975528
vt 0.095492 0.793893
vt 0.000000 0.500000
vt 0.095492 0.206107
vt 0.345492 0.024472
vt 0.654508 0.024472
vt 0.904508 0.206107
vt 1.000000 0.500000
vt 0.904508 0.793893
vt 0.654508 0.975528
vt 0.345492 0.975528
vt 0.095492 0.793893
vt 0.000000 0.500000
vt 0.095492 0.206107
vt 0.345492 0.024472
vt 0.654508 0.024472
vt 0.904508 0.206107
vt 0.000000 0.000000
vt 1.000000 0.000000
vt 1.000000 1.000000
vt 0.000000 1.000000
vt 0.000000 0.000000
vt 1.000000 0.000000
vt 1.000000 1.000000
vt 0.000000 1.000000
vt 0.000000 0.000000
vt 1.000000 0.000000
vt 1.000000 1.000000
vt 0.000000 1.000000
vt 0.000000 0.000000
vt 1.000000 0.000000
vt 1.000000 1.000000
vt 0.000000 1.000000
vt 0.000000 0.000000
vt 1.000000 0.000000
vt 1.000000 1.000000
vt 0.000000 1.000000
vt 0.000000 0.000000
vt 1.000000 0.000000
vt 1.000000 1.000000
vt 0.000000 1.000000
vt 0.000000 0.000000
vt 1.000000 0.000000
vt 1.000000 1.000000
vt 0.000000 1.000000
vt 0.000000 0.000000
vt 1.000000 0.000000
vt 1.000000 1.000000
vt 0.000000 1.000000
vt 0.000000 0.000000
vt 1.000000 0.000000
vt 1.000000 1.000000
vt 0.000000 1.000000
vt 0.000000 0.000000
vt 1.000000 0.000000
vt 1.000000 1.000000
vt 0.000000 1.000000
vt 1.000000 0.500000
vt 0.904508 0.793893
vt 0.654508 0.975528
vt 0.345492 0.975528
vt 0.095492 0.793893
vt 0.000000 0.500000
vt 0.095492 0.206107
vt 0.345492 0.024472
vt 0.654508 0.024472
vt 0.904508 0.206107
vt 1.000000 0.500000
vt 0.904508 0.793893
vt 0.654508 0.975528
vt 0.345492 0.975528
vt 0.095492 0.793893
vt 0.000000 0.500000
vt 0.095492 0.206107
vt 0.345492 0.024472
vt 0.654508 0.024472
vt 0.904508 0.206107
vt 0.000000 0.000000
vt 1.000000 0.000000
vt 1.000000 1.000000
vt 0.000000 1.000000
vt 0.000000 0.000000
vt 1.000000 0.000000
vt 1.000000 1.000000
vt 0.000000 1.000000
vt 0.000000 0.000000
vt 1.000000 0.000000
vt 1.000000 1.000000
vt 0.000000 1.000000
vt 0.000000 0.000000
vt 1.000000 0.000000
vt 1.000000 1.000000
vt 0.000000 1.000000
vt 0.000000 0.000000
vt 1.000000 0.000000
vt 1.000000 1.000000
vt 0.000000 1.000000
vt 0.000000 0.000000
vt 1.000000 0.000000
vt 1.000000 1.000000
vt 0.000000 1.000000
vt 0.000000 0.000000
vt 1.000000 0.000000
vt 1.000000 1.000000
vt 0.000000 1.000000
vt 0.000000 0.000000
vt 1.000000 0.000000
vt 1.000000 1.000000
vt 0.000000 1.000000
vt 0.000000 0.000000
vt 1.000000 0.000000
vt 1.000000 1.000000
vt 0.000000 1.000000
vt 0.000000 0.000000
vt 1.000000 0.000000
vt 1.000000 1.000000
vt 0.000000 1.000000
vt 1.000000 0.500000
vt 0.904508 0.793893
vt 0.654508 0.975528
vt 0.345492 0.975528
vt 0.095492 0.793893
vt 0.000000 0.500000
vt 0.095492 0.206107
vt 0.345492 0.024472
vt 0.654508 0.024472
vt 0.904508 0.206107
vt 1.000000 0.500000
vt 0.904508 0.793893
vt 0.654508 0.975528
vt 0.345492 0.975528
vt 0.095492 0.793893
vt 0.000000 0.500000
vt 0.095492 0.206107
vt 0.345492 0.024472
vt 0.654508 0.024472
vt 0.904508 0.206107
vt 0.000000 0.000000
vt 1.000000 0.000000
vt 1.000000 1.000000
vt 0.000000 1.000000
vt 0.000000 0.000000
vt 1.000000 0.000000
vt 1.000000 1.000000
vt 0.000000 1.000000
vt 0.000000 0.000000
vt 1.000000 0.000000
vt 1.000000 1.000000
vt 0.000000 1.000000
vt 0.000000 0.000000
vt 1.000000 0.000000
vt 1.000000 1.000000
vt 0.000000 1.000000
vt 0.000000 0.000000
vt 1.000000 0.000000
vt 1.000000 1.000000
vt 0.000000 1.000000
vt 0.000000 0.000000
vt 1.000000 0.000000
vt 1.000000 1.000000
vt 0.000000 1.000000
vt 0.000000 0.000000
vt 1.000000 0.000000
vt 1.000000 1.000000
vt 0.000000 1.000000
vt 0.000000 0.000000
vt 1.000000 0.000000
vt 1.000000 1.000000
vt 0.000000 1.000000
vt 0.000000 0.000000
vt 1.000000 0.000000
vt 1.000000 1.000000
vt 0.000000 1.000000
vt 0.000000 0.000000
vt 1.000000 0.000000
vt 1.000000 1.000000
vt 0.000000 1.000000
vt 0.000000 0.000000
vt 1.000000 0.000000
vt 1.000000 1.000000
vt 0.000000 1.000000
vt 0.000000 0.000000
vt 1.000000 0.000000
vt 1.000000 1.000000
vt 0.000000 1.000000
vt 0.000000 0.000000
vt 1.000000 0.000000
vt 1.000000 1.000000
vt 0.000000 1.000000
vt 0.000000 0.000000
vt 1.000000 0.000000
vt 1.000000 1.000000
vt 0.000000 1.000000
vt 0.000000 0.000000
vt 1.000000 0.000000
vt 1.000000 1.000000
vt 0.000000 1.000000
vt 0.000000 0.000000
vt 1.000000 0.000000
vt 1.000000 1.000000
vt 0.000000 1.000000
vt 0.000000 0.000000
vt 1.000000 0.000000
vt 1.000000 1.000000
vt 0.000000 1.000000
vt 0.000000 0.000000
vt 1.000000 0.000000
vt 1.000000 1.000000
vt 0.000000 1.000000
vt 0.000000 0.000000
vt 1.000000 0.000000
vt 1.000000 1.000000
vt 0.000000 1.000000
vt 0.000000 0.000000
vt 1.000000 0.000000
vt 1.000000 1.000000
vt 0.000000 1.000000
vt 0.000000 0.000000
vt 1.000000 0.000000
vt 1.000000 1.000000
vt 0.000000 1.000000
vt 0.000000 0.000000
vt 1.000000 0.000000
vt 1.000000 1.000000
vt 0.000000 1.000000
vt 1.000000 0.500000
vt 0.904508 0.793893
vt 0.654508 0.975528
vt 0.345492 0.975528
vt 0.095492 0.793893
vt 0.000000 0.500000
vt 0.095492 0.206107
vt 0.345492 0.024472
vt 0.654508 0.024472
vt 0.904508 0.206107
vt 1.000000 0.500000
vt 0.904508 0.793893
vt 0.654508 0.975528
vt 0.345492 0.975528
vt 0.095492 0.793893
vt 0.000000 0.500000
vt 0.095492 0.206107
vt 0.345492 0.024472
vt 0.654508 0.024472
vt 0.904508 0.206107
vt 0.000000 0.000000
vt 1.000000 0.000000
vt 1.000000 1.000000
vt 0.000000 1.000000
vt 0.000000 0.000000
vt 1.000000 0.000000
vt 1.000000 1.000000
vt 0.000000 1.000000
vt 0.000000 0.000000
vt 1.000000 0.000000
vt 1.000000 1.000000
vt 0.000000 1.000000
vt 0.000000 0.000000
vt 1.000000 0.000000
vt 1.000000 1.000000
vt 0.000000 1.000000
vt 0.000000 0.000000
vt 1.000000 0.000000
vt 1.000000 1.000000
vt 0.000000 1.000000
vt 0.000000 0.000000
vt 1.000000 0.000000
vt 1.000000 1.000000
vt 0.000000 1.000000
vt 0.000000 0.000000
vt 1.000000 0.000000
vt 1.000000 1.000000
vt 0.000000 1.000000
vt 0.000000 0.000000
vt 1.000000 0.000000
vt 1.000000 1.000000
vt 0.000000 1.000000
vt 0.000000 0.000000
vt 1.000000 0.000000
vt 1.000000 1.000000
vt 0.000000 1.000000
vt 0.000000 0.000000
vt 1.000000 0.000000
vt 1.000000 1.000000
vt 0.000000 1.000000
vt 1.000000 0.500000
vt 0.904508 0.793893
vt 0.654508 0.975528
vt 0.345492 0.975528
vt 0.095492 0.793893
vt 0.000000 0.500000
vt 0.095492 0.206107
vt 0.345492 0.024472
vt 0.654508 0.024472
vt 0.904508 0.206107
vt 1.000000 0.500000
vt 0.904508 0.793893
vt 0.654508 0.975528
vt 0.345492 0.975528
vt 0.095492 0.793893
vt 0.000000 0.500000
vt 0.095492 0.206107
vt 0.345492 0.024472
vt 0.654508 0.024472
vt 0.904508 0.206107
vt 0.000000 0.000000
vt 1.000000 0.000000
vt 1.000000 1.000000
vt 0.000000 1.000000
vt 0.000000 0.000000
vt 1.000000 0.000000
vt 1.000000 1.000000
vt 0.000000 1.000000
vt 0.000000 0.000000
vt 1.000000 0.000000
vt 1.000000 1.000000
vt 0.000000 1.000000
vt 0.000000 0.000000
vt 1.000000 0.000000
vt 1.000000 1.000000
vt 0.000000 1.000000
vt 0.000000 0.000000
vt 1.000000 0.000000
vt 1.000000 1.000000
vt 0.000000 1.000000
vt 0.000000 0.000000
vt 1.000000 0.000000
vt 1.000000 1.000000
vt 0.000000 1.000000
vt 0.000000 0.000000
vt 1.000000 0.000000
vt 1.000000 1.000000
vt 0.000000 1.000000
vt 0.000000 0.000000
vt 1.000000 0.000000
vt 1.000000 1.000000
vt 0.000000 1.000000
vt 0.000000 0.000000
vt 1.000000 0.000000
vt 1.000000 1.000000
vt 0.000000 1.000000
vt 0.000000 0.000000
vt 1.000000 0.000000
vt 1.000000 1.000000
vt 0.000000 1.000000
vt 1.000000 0.500000
vt 0.904508 0.793893
vt 0.654508 0.975528
vt 0.345492 0.975528
vt 0.095492 0.793893
vt 0.000000 0.500000
vt 0.095492 0.206107
vt 0.345492 0.024472
vt 0.654508 0.024472
vt 0.904508 0.206107
vt 1.000000 0.500000
vt 0.904508 0.793893
vt 0.654508 0.975528
vt 0.345492 0.975528
vt 0.095492 0.793893
vt 0.000000 0.500000
vt 0.095492 0.206107
vt 0.345492 0.024472
vt 0.654508 0.024472
vt 0.904508 0.206107
vt 0.000000 0.000000
vt 1.000000 0.000000
vt 1.000000 1.000000
vt 0.000000 1.000000
vt 0.000000 0.000000
vt 1.000000 0.000000
vt 1.000000 1.000000
vt 0.000000 1.000000
vt 0.000000 0.000000
vt 1.000000 0.000000
vt 1.000000 1.000000
vt 0.000000 1.000000
vt 0.000000 0.000000
vt 1.000000 0.000000
vt 1.000000 1.000000
vt 0.000000 1.000000
vt 0.000000 0.000000
vt 1.000000 0.000000
vt 1.000000 1.000000
vt 0.000000 1.000000
vt 0.000000 0.000000
vt 1.000000 0.000000
vt 1.000000 1.000000
vt 0.000000 1.000000
vt 0.000000 0.000000
vt 1.000000 0.000000
vt 1.000000 1.000000
vt 0.000000 1.000000
vt 0.000000 0.000000
vt 1.000000 0.000000
vt 1.000000 1.000000
vt 0.000000 1.000000
vt 0.000000 0.000000
vt 1.000000 0.000000
vt 1.000000 1.000000
vt 0.000000 1.000000
vt 0.000000 0.000000
vt 1.000000 0.000000
vt 1.000000 1.000000
vt 0.000000 1.000000
vt 1.000000 0.500000
vt 0.904508 0.793893
vt 0.654508 0.975528
vt 0.345492 0.975528
vt 0.095492 0.793893
vt 0.000000 0.500000
vt 0.095492 0.206107
vt 0.345492 0.024472
vt 0.654508 0.024472
vt 0.904508 0.206107
vt 1.000000 0.500000
vt 0.904508 0.793893
vt 0.654508 0.975528
vt 0.345492 0.975528
vt 0.095492 0.793893
vt 0.000000 0.500000
vt 0.095492 0.206107
vt 0.345492 0.024472
vt 0.654508 0.024472
vt 0.904508 0.206107
vt 0.000000 0.000000
vt 1.000000 0.000000
vt 1.000000 1.000000
vt 0.000000 1.000000
vt 0.000000 0.000000
vt 1.000000 0.000000
vt 1.000000 1.000000
vt 0.000000 1.000000
vt 0.000000 0.000000
vt 1.000000 0.000000
vt 1.000000 1.000000
vt 0.000000 1.000000
vt 0.000000 0.000000
vt 1.000000 0.000000
vt 1.000000 1.000000
vt 0.000000 1.000000
vt 0.000000 0.000000
vt 1.000000 0.000000
vt 1.000000 1.000000
vt 0.000000 1.000000
vt 0.000000 0.000000
vt 1.000000 0.000000
vt 1.000000 1.000000
vt 0.000000 1.000000
vt 0.000000 0.000000
vt 1.000000 0.000000
vt 1.000000 1.000000
vt 0.000000 1.000000
vt 0.000000 0.000000
vt 1.000000 0.000000
vt 1.000000 1.000000
vt 0.000000 1.000000
vt 0.000000 0.000000
vt 1.000000 0.000000
vt 1.000000 1.000000
vt 0.000000 1.000000
vt 0.000000 0.000000
vt 1.000000 0.000000
vt 1.000000 1.000000
vt 0.000000 1.000000
vt 0.000000 0.000000
vt 1.000000 0.000000
vt 1.000000 1.000000
vt 0.000000 1.000000
vt 0.000000 0.000000
vt 1.000000 0.000000
vt 1.000000 1.000000
vt 0.000000 1.000000
vt 0.000000 0.000000
vt 1.000000 0.000000
vt 1.000000 1.000000
vt 0.000000 1.000000
vt 0.000000 0.000000
vt 1.000000 0.000000
vt 1.000000 1.000000
vt 0.000000 1.000000
vt 0.000000 0.000000
vt 1.000000 0.000000
vt 1.000000 1.000000
vt 0.000000 1.000000
vt 0.000000 0.000000
vt 1.000000 0.000000
vt 1.000000 1.000000
vt 0.000000 1.000000
vt 0.000000 0.000000
vt 1.000000 0.000000
vt 1.000000 1.000000
vt 0.000000 1.000000
vt 0.000000 0.000000
vt 1.000000 0.000000
vt 1.000000 1.000000
vt 0.000000 1.000000
vt 0.000000 0.000000
vt 1.000000 0.000000
vt 1.000000 1.000000
vt 0.000000 1.000000
vt 0.000000 0.000000
vt 1.000000 0.000000
vt 1.000000 1.000000
vt 0.000000 1.000000
vt 0.000000 0.000000
vt 1.000000 0.000000
vt 1.000000 1.000000
vt 0.000000 1.000000
vt 0.000000 0.000000
vt 1.000000 0.000000
vt 1.000000 1.000000
vt 0.000000 1.000000
vt 1.000000 0.500000
vt 0.904508 0.793893
vt 0.654508 0.975528
vt 0.345492 0.975528
vt 0.095492 0.793893
vt 0.000000 0.500000
vt 0.095492 0.206107
vt 0.345492 0.024472
vt 0.654508 0.024472
vt 0.904508 0.206107
vt 1.000000 0.500000
vt 0.904508 0.793893
vt 0.654508 0.975528
vt 0.345492 0.975528
vt 0.095492 0.793893
vt 0.000000 0.500000
vt 0.095492 0.206107
vt 0.345492 0.024472
vt 0.654508 0.024472
vt 0.904508 0.206107
vt 0.000000 0.000000
vt 1.000000 0.000000
vt 1.000000 1.000000
vt 0.000000 1.000000
vt 0.000000 0.000000
vt 1.000000 0.000000
vt 1.000000 1.000000
vt 0.000000 1.000000
vt 0.000000 0.000000
vt 1.000000 0.000000
vt 1.000000 1.000000
vt 0.000000 1.000000
vt 0.000000 0.000000
vt 1.000000 0.000000
vt 1.000000 1.000000
vt 0.000000 1.000000
vt 0.000000 0.000000
vt 1.000000 0.000000
vt 1.000000 1.000000
vt 0.000000 1.000000
vt 0.000000 0.000000
vt 1.000000 0.000000
vt 1.000000 1.000000
vt 0.000000 1.000000
vt 0.000000 0.000000
vt 1.000000 0.000000
vt 1.000000 1.000000
vt 0.000000 1.000000
vt 0.000000 0.000000
vt 1.000000 0.000000
vt 1.000000 1.000000
vt 0.000000 1.000000
vt 0.000000 0.000000
vt 1.000000 0.000000
vt 1.000000 1.000000
vt 0.000000 1.000000
vt 0.000000 0.000000
vt 1.000000 0.000000
vt 1.000000 1.000000
vt 0.000000 1.000000
vt 1.000000 0.500000
vt 0.904508 0.793893
vt 0.654508 0.975528
vt 0.345492 0.975528
vt 0.095492 0.793893
vt 0.000000 0.500000
vt 0.095492 0.206107
vt 0.345492 0.024472
vt 0.654508 0.024472
vt 0.904508 0.206107
vt 1.000000 0.500000
vt 0.904508 0.793893
vt 0.654508 0.975528
vt 0.345492 0.975528
vt 0.095492 0.793893
vt 0.000000 0.500000
vt 0.095492 0.206107
vt 0.345492 0.024472
vt 0.654508 0.024472
vt 0.904508 0.206107
vt 0.000000 0.000000
vt 1.000000 0.000000
vt 1.000000 1.000000
vt 0.000000 1.000000
vt 0.000000 0.000000
vt 1.000000 0.000000
vt 1.000000 1.000000
vt 0.000000 1.000000
vt 0.000000 0.000000
vt 1.000000 0.000000
vt 1.000000 1.000000
vt 0.000000 1.000000
vt 0.000000 0.000000
vt 1.000000 0.000000
vt 1.000000 1.000000
vt 0.000000 1.000000
vt 0.000000 0.000000
vt 1.000000 0.000000
vt 1.000000 1.000000
vt 0.000000 1.000000
vt 0.000000 0.000000
vt 1.000000 0.000000
vt 1.000000 1.000000
vt 0.000000 1.000000
vt 0.000000 0.000000
vt 1.000000 0.000000
vt 1.000000 1.000000
vt 0.000000 1.000000
vt 0.000000 0.000000
vt 1.000000 0.000000
vt 1.000000 1.000000
vt 0.000000 1.000000
vt 0.000000 0.000000
vt 1.000000 0.000000
vt 1.000000 1.000000
vt 0.000000 1.000000
vt 0.000000 0.000000
vt 1.000000 0.000000
vt 1.000000 1.000000
vt 0.000000 1.000000
vt 1.000000 0.500000
vt 0.904508 0.793893
vt 0.654508 0.975528
vt 0.345492 0.975528
vt 0.095492 0.793893
vt 0.000000 0.500000
vt 0.095492 0.206107
vt 0.345492 0.024472
vt 0.654508 0.024472
vt 0.904508 0.206107
vt 1.000000 0.500000
vt 0.904508 0.793893
vt 0.654508 0.975528
vt 0.345492 0.975528
vt 0.095492 0.793893
vt 0.000000 0.500000
vt 0.095492 0.206107
vt 0.345492 0.024472
vt 0.654508 0.024472
vt 0.904508 0.206107
vt 0.000000 0.000000
vt 1.000000 0.000000
vt 1.000000 1.000000
vt 0.000000 1.000000
vt 0.000000 0.000000
vt 1.000000 0.000000
vt 1.000000 1.000000
vt 0.000000 1.000000
vt 0.000000 0.000000
vt 1.000000 0.000000
vt 1.000000 1.000000
vt 0.000000 1.000000
vt 0.000000 0.000000
vt 1.000000 0.000000
vt 1.000000 1.000000
vt 0.000000 1.000000
vt 0.000000 0.000000
vt 1.000000 0.000000
vt 1.000000 1.000000
vt 0.000000 1.000000
vt 0.000000 0.000000
vt 1.000000 0.000000
vt 1.000000 1.000000
vt 0.000000 1.000000
vt 0.000000 0.000000
vt 1.000000 0.000000
vt 1.000000 1.000000
vt 0.000000 1.000000
vt 0.000000 0.000000
vt 1.000000 0.000000
vt 1.000000 1.000000
vt 0.000000 1.000000
vt 0.000000 0.000000
vt 1.000000 0.000000
vt 1.000000 1.000000
vt 0.000000 1.000000
vt 0.000000 0.000000
vt 1.000000 0.000000
vt 1.000000 1.000000
vt 0.000000 1.000000
vt 1.000000 0.500000
vt 0.904508 0.793893
vt 0.654508 0.975528
vt 0.345492 0.975528
vt 0.095492 0.793893
vt 0.000000 0.500000
vt 0.095492 0.206107
vt 0.345492 0.024472
vt 0.654508 0.024472
vt 0.904508 0.206107
vt 1.000000 0.500000
vt 0.904508 0.793893
vt 0.654508 0.975528
vt 0.345492 0.975528
vt 0.095492 0.793893
vt 0.000000 0.500000
vt 0.095492 0.206107
vt 0.345492 0.024472
vt 0.654508 0.024472
vt 0.904508 0.206107
vt 0.000000 0.000000
vt 1.000000 0.000000
vt 1.000000 1.000000
vt 0.000000 1.000000
vt 0.000000 0.000000
vt 1.000000 0.000000
vt 1.000000 1.000000
vt 0.000000 1.000000
vt 0.000000 0.000000
vt 1.000000 0.000000
vt 1.000000 1.000000
vt 0.000000 1.000000
vt 0.000000 0.000000
vt 1.000000 0.000000
vt 1.000000 1.000000
vt 0.000000 1.000000
vt 0.000000 0.000000
vt 1.000000 0.000000
vt 1.000000 1.000000
vt 0.000000 1.000000
vt 0.000000 0.000000
vt 1.000000 0.000000
vt 1.000000 1.000000
vt 0.000000 1.000000
vt 0.000000 0.000000
vt 1.000000 0.000000
vt 1.000000 1.000000
vt 0.000000 1.000000
vt 0.000000 0.000000
vt 1.000000 0.000000
vt 1.000000 1.000000
vt 0.000000 1.000000
vt 0.000000 0.000000
vt 1.000000 0.000000
vt 1.000000 1.000000
vt 0.000000 1.000000
vt 0.000000 0.000000
vt 1.000000 0.000000
vt 1.000000 1.000000
vt 0.000000 1.000000
vt 0.000000 0.000000
vt 1.000000 0.000000
vt 1.000000 1.000000
vt 0.000000 1.000000
vt 0.000000 0.000000
vt 1.000000 0.000000
vt 1.000000 1.000000
vt 0.000000 1.000000
vt 0.000000 0.000000
vt 1.000000 0.000000
vt 1.000000 1.000000
vt 0.000000 1.000000
vt 0.000000 0.000000
vt 1.000000 0.000000
vt 1.000000 1.000000
vt 0.000000 1.000000
vt 0.000000 0.000000
vt 1.000000 0.000000
vt 1.000000 1.000000
vt 0.000000 1.000000
vt 0.000000 0.000000
vt 1.000000 0.000000
vt 1.000000 1.000000
vt 0.000000 1.000000
vt 0.000000 0.000000
vt 1.000000 0.000000
vt 1.000000 1.000000
vt 0.000000 1.000000
vt 0.000000 0.000000
vt 1.000000 0.000000
vt 1.000000 1.000000
vt 0.000000 1.000000
vt 0.000000 0.000000
vt 1.000000 0.000000
vt 1.000000 1.000000
vt 0.000000 1.000000
vt 0.000000 0.000000
vt 1.000000 0.000000
vt 1.000000 1.000000
vt 0.000000 1.000000
vt 0.000000 0.000000
vt 1.000000 0.000000
vt 1.000000 1.000000
vt 0.000000 1.000000
vt 0.000000 0.000000
vt 1.000000 0.000000
vt 1.000000 1.000000
vt 0.000000 1.000000
vt 0.000000 0.000000
vt 1.000000 0.000000
vt 1.000000 1.000000
vt 0.000000 1.000000
vt 0.000000 0.000000
vt 1.000000 0.000000
vt 1.000000 1.000000
vt 0.000000 1.000000
vt 0.000000 0.000000
vt 1.000000 0.000000
vt 1.000000 1.000000
vt 0.000000 1.000000
vt 0.000000 0.000000
vt 1.000000 0.000000
vt 1.000000 1.000000
vt 0.000000 1.000000
vt 0.000000 0.000000
vt 1.000000 0.000000
vt 1.000000 1.000000
vt 0.000000 1.000000
vt 0.000000 0.000000
vt 1.000000 0.000000
vt 1.000000 1.000000
vt 0.000000 1.000000
vt 0.000000 0.000000
vt 1.000000 0.000000
vt 1.000000 1.000000
vt 0.000000 1.000000
vt 0.000000 0.000000
vt 1.000000 0.000000
vt 1.000000 1.000000
vt 0.000000 1.000000
vt 0.000000 0.000000
vt 1.000000 0.000000
vt 1.000000 1.000000
vt 0.000000 1.000000
vt 0.000000 0.000000
vt 1.000000 0.000000
vt 1.000000 1.000000
vt 0.000000 1.000000
vt 0.000000 0.000000
vt 1.000000 0.000000
vt 1.000000 1.000000
vt 0.000000 1.000000
vt 0.000000 0.000000
vt 1.000000 0.000000
vt 1.000000 1.000000
vt 0.000000 1.000000
vt 0.000000 0.000000
vt 1.000000 0.000000
vt 1.000000 1.000000
vt 0.000000 1.000000
vt 0.000000 0.000000
vt 1.000000 0.000000
vt 1.000000 1.000000
vt 0.000000 1.000000
vt 0.000000 0.000000
vt 1.000000 0.000000
vt 1.000000 1.000000
vt 0.000000 1.000000
vt 0.000000 0.000000
vt 1.000000 0.000000
vt 1.000000 1.000000
vt 0.000000 1.000000
vt 0.000000 0.000000
vt 1.000000 0.000000
vt 1.000000 1.000000
vt 0.000000 1.000000
vt 0.000000 0.000000
vt 1.000000 0.000000
vt 1.000000 1.000000
vt 0.000000 1.000000
vt 0.000000 0.000000
vt 1.000000 0.000000
vt 1.000000 1.000000
vt 0.000000 1.000000
vt 0.000000 0.000000
vt 1.000000 0.000000
vt 1.000000 1.000000
vt 0.000000 1.000000
vt 0.000000 0.000000
vt 1.000000 0.000000
vt 1.000000 1.000000
vt 0.000000 1.000000
vt 0.000000 0.000000
vt 1.000000 0.000000
vt 1.000000 1.000000
vt 0.000000 1.000000
vt 0.000000 0.000000
vt 1.000000 0.000000
vt 1.000000 1.000000
vt 0.000000 1.000000
vt 0.000000 0.000000
vt 1.000000 0.000000
vt 1.000000 1.000000
vt 0.000000 1.000000
vt 0.000000 0.000000
vt 1.000000 0.000000
vt 1.000000 1.000000
vt 0.000000 1.000000
vt 0.000000 0.000000
vt 1.000000 0.000000
vt 1.000000 1.000000
vt 0.000000 1.000000
vt 0.000000 0.000000
vt 1.000000 0.000000
vt 1.000000 1.000000
vt 0.000000 1.000000
vt 0.000000 0.000000
vt 1.000000 0.000000
vt 1.000000 1.000000
vt 0.000000 1.000000
vt 0.000000 0.000000
vt 1.000000 0.000000
vt 1.000000 1.000000
vt 0.000000 1.000000
vt 0.000000 0.000000
vt 1.000000 0.000000
vt 1.000000 1.000000
vt 0.000000 1.000000
vt 0.000000 0.000000
vt 1.000000 0.000000
vt 1.000000 1.000000
vt 0.000000 1.000000
vt 0.000000 0.000000
vt 1.000000 0.000000
vt 1.000000 1.000000
vt 0.000000 1.000000
vt 0.000000 0.000000
vt 1.000000 0.000000
vt 1.000000 1.000000
vt 0.000000 1.000000
vt 0.000000 0.000000
vt 1.000000 0.000000
vt 1.000000 1.000000
vt 0.000000 1.000000
vt 0.000000 0.000000
vt 1.000000 0.000000
vt 1.000000 1.000000
vt 0.000000 1.000000
vt 0.000000 0.000000
vt 1.000000 0.000000
vt 1.000000 1.000000
vt 0.000000 1.000000
vt 0.000000 0.000000
vt 1.000000 0.000000
vt 1.000000 1.000000
vt 0.000000 1.000000
vt 0.000000 0.000000
vt 1.000000 0.000000
vt 1.000000 1.000000
vt 0.000000 1.000000
vt 0.000000 0.000000
vt 1.000000 0.000000
vt 1.000000 1.000000
vt 0.000000 1.000000
vt 0.000000 0.000000
vt 1.000000 0.000000
vt 1.000000 1.000000
vt 0.000000 1.000000
vt 0.000000 0.000000
vt 1.000000 0.000000
vt 1.000000 1.000000
vt 0.000000 1.000000
vt 0.000000 0.000000
vt 1.000000 0.000000
vt 1.000000 1.000000
vt 0.000000 1.000000
vt 0.000000 0.000000
vt 1.000000 0.000000
vt 1.000000 1.000000
vt 0.000000 1.000000
vt 0.000000 0.000000
vt 1.000000 0.000000
vt 1.000000 1.000000
vt 0.000000 1.000000
vt 0.000000 0.000000
vt 1.000000 0.000000
vt 1.000000 1.000000
vt 0.000000 1.000000
vt 0.000000 0.000000
vt 1.000000 0.000000
vt 1.000000 1.000000
vt 0.000000 1.000000
vt 0.000000 0.000000
vt 1.000000 0.000000
vt 1.000000 1.000000
vt 0.000000 1.000000
vt 0.000000 0.000000
vt 1.000000 0.000000
vt 1.000000 1.000000
vt 0.000000 1.000000
vt 0.000000 0.000000
vt 1.000000 0.000000
vt 1.000000 1.000000
vt 0.000000 1.000000
vt 0.000000 0.000000
vt 1.000000 0.000000
vt 1.000000 1.000000
vt 0.000000 1.000000
vt 0.000000 0.000000
vt 1.000000 0.000000
vt 1.000000 1.000000
vt 0.000000 1.000000
vt 0.000000 0.000000
vt 1.000000 0.000000
vt 1.000000 1.000000
vt 0.000000 1.000000
vt 0.000000 0.000000
vt 1.000000 0.000000
vt 1.000000 1.000000
vt 0.000000 1.000000
vt 0.000000 0.000000
vt 1.000000 0.000000
vt 1.000000 1.000000
vt 0.000000 1.000000
vt 0.000000 0.000000
vt 1.000000 0.000000
vt 1.000000 1.000000
vt 0.000000 1.000000
vt 0.000000 0.000000
vt 1.000000 0.000000
vt 1.000000 1.000000
vt 0.000000 1.000000
vt 0.000000 0.000000
vt 1.000000 0.000000
vt 1.000000 1.000000
vt 0.000000 1.000000
vt 0.000000 0.000000
vt 1.000000 0.000000
vt 1.000000 1.000000
vt 0.000000 1.000000
vt 0.000000 0.000000
vt 1.000000 0.000000
vt 1.000000 1.000000
vt 0.000000 1.000000
vt 0.000000 0.000000
vt 1.000000 0.000000
vt 1.000000 1.000000
vt 0.000000 1.000000
vt 0.000000 0.000000
vt 1.000000 0.000000
vt 1.000000 1.000000
vt 0.000000 1.000000
vt 0.000000 0.000000
vt 1.000000 0.000000
vt 1.000000 1.000000
vt 0.000000 1.000000
vt 0.000000 0.000000
vt 1.000000 0.000000
vt 1.000000 1.000000
vt 0.000000 1.000000
vt 0.000000 0.000000
vt 1.000000 0.000000
vt 1.000000 1.000000
vt 0.000000 1.000000
vt 0.000000 0.000000
vt 1.000000 0.000000
vt 1.000000 1.000000
vt 0.000000 1.000000
vt 0.000000 0.000000
vt 1.000000 0.000000
vt 1.000000 1.000000
vt 0.000000 1.000000
vt 0.000000 0.000000
vt 1.000000 0.000000
vt 1.000000 1.000000
vt 0.000000 1.000000
vt 0.000000 0.000000
vt 1.000000 0.000000
vt 1.000000 1.000000
vt 0.000000 1.000000
vt 0.000000 0.000000
vt 1.000000 0.000000
vt 1.000000 1.000000
vt 0.000000 1.000000
vt 0.000000 0.000000
vt 1.000000 0.000000
vt 1.000000 1.000000
vt 0.000000 1.000000
vt 0.000000 0.000000
vt 1.000000 0.000000
vt 1.000000 1.000000
vt 0.000000 1.000000
vt 0.000000 0.000000
vt 1.000000 0.000000
vt 1.000000 1.000000
vt 0.000000 1.000000
vt 0.000000 0.000000
vt 1.000000 0.000000
vt 1.000000 1.000000
vt 0.000000 1.000000
vt 0.000000 0.000000
vt 1.000000 0.000000
vt 1.000000 1.000000
vt 0.000000 1.000000
vt 0.000000 0.000000
vt 1.000000 0.000000
vt 1.000000 1.000000
vt 0.000000 1.000000
vt 0.000000 0.000000
vt 1.000000 0.000000
vt 1.000000 1.000000
vt 0.000000 1.000000
vt 0.000000 0.000000
vt 1.000000 0.000000
vt 1.000000 1.000000
vt 0.000000 1.000000
vt 0.000000 0.000000
vt 1.000000 0.000000
vt 1.000000 1.000000
vt 0.000000 1.000000
vt 1.000000 0.500000
vt 0.904508 0.793893
vt 0.654508 0.975528
vt 0.345492 0.975528
vt 0.095492 0.793893
vt 0.000000 0.500000
vt 0.095492 0.206107
vt 0.345492 0.024472
vt 0.654508 0.024472
vt 0.904508 0.206107
vt 1.000000 0.500000
vt 0.904508 0.793893
vt 0.654508 0.975528
vt 0.345492 0.975528
vt 0.095492 0.793893
vt 0.000000 0.500000
vt 0.095492 0.206107
vt 0.345492 0.024472
vt 0.654508 0.024472
vt 0.904508 0.206107
vt 0.000000 0.000000
vt 1.000000 0.000000
vt 1.000000 1.000000
vt 0.000000 1.000000
vt 0.000000 0.000000
vt 1.000000 0.000000
vt 1.000000 1.000000
vt 0.000000 1.000000
vt 0.000000 0.000000
vt 1.000000 0.000000
vt 1.000000 1.000000
vt 0.000000 1.000000
vt 0.000000 0.000000
vt 1.000000 0.000000
vt 1.000000 1.000000
vt 0.000000 1.000000
vt 0.000000 0.000000
vt 1.000000 0.000000
vt 1.000000 1.000000
vt 0.000000 1.000000
vt 0.000000 0.000000
vt 1.000000 0.000000
vt 1.000000 1.000000
vt 0.000000 1.000000
vt 0.000000 0.000000
vt 1.000000 0.000000
vt 1.000000 1.000000
vt 0.000000 1.000000
vt 0.000000 0.000000
vt 1.000000 0.000000
vt 1.000000 1.000000
vt 0.000000 1.000000
vt 0.000000 0.000000
vt 1.000000 0.000000
vt 1.000000 1.000000
vt 0.000000 1.000000
vt 0.000000 0.000000
vt 1.000000 0.000000
vt 1.000000 1.000000
vt 0.000000 1.000000
vt 1.000000 0.500000
vt 0.904508 0.793893
vt 0.654508 0.975528
vt 0.345492 0.975528
vt 0.095492 0.793893
vt 0.000000 0.500000
vt 0.095492 0.206107
vt 0.345492 0.024472
vt 0.654508 0.024472
vt 0.904508 0.206107
vt 1.000000 0.500000
vt 0.904508 0.793893
vt 0.654508 0.975528
vt 0.345492 0.975528
vt 0.095492 0.793893
vt 0.000000 0.500000
vt 0.095492 0.206107
vt 0.345492 0.024472
vt 0.654508 0.024472
vt 0.904508 0.206107
vt 0.000000 0.000000
vt 1.000000 0.000000
vt 1.000000 1.000000
vt 0.000000 1.000000
vt 0.000000 0.000000
vt 1.000000 0.000000
vt 1.000000 1.000000
vt 0.000000 1.000000
vt 0.000000 0.000000
vt 1.000000 0.000000
vt 1.000000 1.000000
vt 0.000000 1.000000
vt 0.000000 0.000000
vt 1.000000 0.000000
vt 1.000000 1.000000
vt 0.000000 1.000000
vt 0.000000 0.000000
vt 1.000000 0.000000
vt 1.000000 1.000000
vt 0.000000 1.000000
vt 0.000000 0.000000
vt 1.000000 0.000000
vt 1.000000 1.000000
vt 0.000000 1.000000
vt 0.000000 0.000000
vt 1.000000 0.000000
vt 1.000000 1.000000
vt 0.000000 1.000000
vt 0.000000 0.000000
vt 1.000000 0.000000
vt 1.000000 1.000000
vt 0.000000 1.000000
vt 0.000000 0.000000
vt 1.000000 0.000000
vt 1.000000 1.000000
vt 0.000000 1.000000
vt 0.000000 0.000000
vt 1.000000 0.000000
vt 1.000000 1.000000
vt 0.000000 1.000000
vt 1.000000 0.500000
vt 0.904508 0.793893
vt 0.654508 0.975528
vt 0.345492 0.975528
vt 0.095492 0.793893
vt 0.000000 0.500000
vt 0.095492 0.206107
vt 0.345492 0.024472
vt 0.654508 0.024472
vt 0.904508 0.206107
vt 1.000000 0.500000
vt 0.904508 0.793893
vt 0.654508 0.975528
vt 0.345492 0.975528
vt 0.095492 0.793893
vt 0.000000 0.500000
vt 0.095492 0.206107
vt 0.345492 0.024472
vt 0.654508 0.024472
vt 0.904508 0.206107
vt 0.000000 0.000000
vt 1.000000 0.000000
vt 1.000000 1.000000
vt 0.000000 1.000000
vt 0.000000 0.000000
vt 1.000000 0.000000
vt 1.000000 1.000000
vt 0.000000 1.000000
vt 0.000000 0.000000
vt 1.000000 0.000000
vt 1.000000 1.000000
vt 0.000000 1.000000
vt 0.000000 0.000000
vt 1.000000 0.000000
vt 1.000000 1.000000
vt 0.000000 1.000000
vt 0.000000 0.000000
vt 1.000000 0.000000
vt 1.000000 1.000000
vt 0.000000 1.000000
vt 0.000000 0.000000
vt 1.000000 0.000000
vt 1.000000 1.000000
vt 0.000000 1.000000
vt 0.000000 0.000000
vt 1.000000 0.000000
vt 1.000000 1.000000
vt 0.000000 1.000000
vt 0.000000 0.000000
vt 1.000000 0.000000
vt 1.000000 1.000000
vt 0.000000 1.000000
vt 0.000000 0.000000
vt 1.000000 0.000000
vt 1.000000 1.000000
vt 0.000000 1.000000
vt 0.000000 0.000000
vt 1.000000 0.000000
vt 1.000000 1.000000
vt 0.000000 1.000000
vt 1.000000 0.500000
vt 0.904508 0.793893
vt 0.654508 0.975528
vt 0.345492 0.975528
vt 0.095492 0.793893
vt 0.000000 0.500000
vt 0.095492 0.206107
vt 0.345492 0.024472
vt 0.654508 0.024472
vt 0.904508 0.206107
vt 1.000000 0.500000
vt 0.904508 0.793893
vt 0.654508 0.975528
vt 0.345492 0.975528
vt 0.095492 0.793893
vt 0.000000 0.500000
vt 0.095492 0.206107
vt 0.345492 0.024472
vt 0.654508 0.024472
vt 0.904508 0.206107
vt 0.000000 0.000000
vt 1.000000 0.000000
vt 1.000000 1.000000
vt 0.000000 1.000000
vt 0.000000 0.000000
vt 1.000000 0.000000
vt 1.000000 1.000000
vt 0.000000 1.000000
vt 0.000000 0.000000
vt 1.000000 0.000000
vt 1.000000 1.000000
vt 0.000000 1.000000
vt 0.000000 0.000000
vt 1.000000 0.000000
vt 1.000000 1.000000
vt 0.000000 1.000000
vt 0.000000 0.000000
vt 1.000000 0.000000
vt 1.000000 1.000000
vt 0.000000 1.000000
vt 0.000000 0.000000
vt 1.000000 0.000000
vt 1.000000 1.000000
vt 0.000000 1.000000
vt 0.000000 0.000000
vt 1.000000 0.000000
vt 1.000000 1.000000
vt 0.000000 1.000000
vt 0.000000 0.000000
vt 1.000000 0.000000
vt 1.000000 1.000000
vt 0.000000 1.000000
vt 0.000000 0.000000
vt 1.000000 0.000000
vt 1.000000 1.000000
vt 0.000000 1.000000
vt 0.000000 0.000000
vt 1.000000 0.000000
vt 1.000000 1.000000
vt 0.000000 1.000000
vt 0.000000 0.000000
vt 1.000000 0.000000
vt 1.000000 1.000000
vt 0.000000 1.000000
vt 0.000000 0.000000
vt 1.000000 0.000000
vt 1.000000 1.000000
vt 0.000000 1.000000
vt 0.000000 0.000000
vt 1.000000 0.000000
vt 1.000000 1.000000
vt 0.000000 1.000000
vt 0.000000 0.000000
vt 1.000000 0.000000
vt 1.000000 1.000000
vt 0.000000 1.000000
vt 0.000000 0.000000
vt 1.000000 0.000000
vt 1.000000 1.000000
vt 0.000000 1.000000
vt 0.000000 0.000000
vt 1.000000 0.000000
vt 1.000000 1.000000
vt 0.000000 1.000000
vt 0.000000 0.000000
vt 1.000000 0.000000
vt 1.000000 1.000000
vt 0.000000 1.000000
vt 0.000000 0.000000
vt 1.000000 0.000000
vt 1.000000 1.000000
vt 0.000000 1.000000
vt 0.000000 0.000000
vt 1.000000 0.000000
vt 1.000000 1.000000
vt 0.000000 1.000000
vt 0.000000 0.000000
vt 1.000000 0.000000
vt 1.000000 1.000000
vt 0.000000 1.000000
vt 0.000000 0.000000
vt 1.000000 0.000000
vt 1.000000 1.000000
vt 0.000000 1.000000
vt 0.000000 0.000000
vt 1.000000 0.000000
vt 1.000000 1.000000
vt 0.000000 1.000000
vt 0.000000 0.000000
vt 1.000000 0.000000
vt 1.000000 1.000000
vt 0.000000 1.000000
vt 0.000000 0.000000
vt 1.000000 0.000000
vt 1.000000 1.000000
vt 0.000000 1.000000
vt 0.000000 0.000000
vt 1.000000 0.000000
vt 1.000000 1.000000
vt 0.000000 1.000000
vt 0.000000 0.000000
vt 1.000000 0.000000
vt 1.000000 1.000000
vt 0.000000 1.000000
vt 0.000000 0.000000
vt 1.000000 0.000000
vt 1.000000 1.000000
vt 0.000000 1.000000
vt 0.000000 0.000000
vt 1.000000 0.000000
vt 1.000000 1.000000
vt 0.000000 1.000000
vt 0.000000 0.000000
vt 1.000000 0.000000
vt 1.000000 1.000000
vt 0.000000 1.000000
vt 0.000000 0.000000
vt 1.000000 0.000000
vt 1.000000 1.000000
vt 0.000000 1.000000
vt 0.000000 0.000000
vt 1.000000 0.000000
vt 1.000000 1.000000
vt 0.000000 1.000000
vt 0.000000 0.000000
vt 1.000000 0.000000
vt 1.000000 1.000000
vt 0.000000 1.000000
vt 1.000000 0.500000
vt 0.853553 0.853553
vt 0.500000 1.000000
vt 0.146447 0.853553
vt 0.000000 0.500000
vt 0.146447 0.146447
vt 0.500000 0.000000
vt 0.853553 0.146447
vt 1.000000 0.500000
vt 0.853553 0.853553
vt 0.500000 1.000000
vt 0.146447 0.853553
vt 0.000000 0.500000
vt 0.146447 0.146447
vt 0.500000 0.000000
vt 0.853553 0.146447
vt 0.000000 0.000000
vt 1.000000 0.000000
vt 1.000000 1.000000
vt 0.000000 1.000000
vt 0.000000 0.000000
vt 1.000000 0.000000
vt 1.000000 1.000000
vt 0.000000 1.000000
vt 0.000000 0.000000
vt 1.000000 0.000000
vt 1.000000 1.000000
vt 0.000000 1.000000
vt 0.000000 0.000000
vt 1.000000 0.000000
vt 1.000000 1.000000
vt 0.000000 1.000000
vt 0.000000 0.000000
vt 1.000000 0.000000
vt 1.000000 1.000000
vt 0.000000 1.000000
vt 0.000000 0.000000
vt 1.000000 0.000000
vt 1.000000 1.000000
vt 0.000000 1.000000
vt 0.000000 0.000000
vt 1.000000 0.000000
vt 1.000000 1.000000
vt 0.000000 1.000000
vt 0.000000 0.000000
vt 1.000000 0.000000
vt 1.000000 1.000000
vt 0.000000 1.000000
vt 1.000000 0.500000
vt 0.853553 0.853553
vt 0.500000 1.000000
vt 0.146447 0.853553
vt 0.000000 0.500000
vt 0.146447 0.146447
vt 0.500000 0.000000
vt 0.853553 0.146447
vt 1.000000 0.500000
vt 0.853553 0.853553
vt 0.500000 1.000000
vt 0.146447 0.853553
vt 0.000000 0.500000
vt 0.146447 0.146447
vt 0.500000 0.000000
vt 0.853553 0.146447
vt 0.000000 0.000000
vt 1.000000 0.000000
vt 1.000000 1.000000
vt 0.000000 1.000000
vt 0.000000 0.000000
vt 1.000000 0.000000
vt 1.000000 1.000000
vt 0.000000 1.000000
vt 0.000000 0.000000
vt 1.000000 0.000000
vt 1.000000 1.000000
vt 0.000000 1.000000
vt 0.000000 0.000000
vt 1.000000 0.000000
vt 1.000000 1.000000
vt 0.000000 1.000000
vt 0.000000 0.000000
vt 1.000000 0.000000
vt 1.000000 1.000000
vt 0.000000 1.000000
vt 0.000000 0.000000
vt 1.000000 0.000000
vt 1.000000 1.000000
vt 0.000000 1.000000
vt 0.000000 0.000000
vt 1.000000 0.000000
vt 1.000000 1.000000
vt 0.000000 1.000000
vt 0.000000 0.000000
vt 1.000000 0.000000
vt 1.000000 1.000000
vt 0.000000 1.000000
vt 1.000000 0.500000
vt 0.853553 0.853553
vt 0.500000 1.000000
vt 0.146447 0.853553
vt 0.000000 0.500000
vt 0.146447 0.146447
vt 0.500000 0.000000
vt 0.853553 0.146447
vt 1.000000 0.500000
vt 0.853553 0.853553
vt 0.500000 1.000000
vt 0.146447 0.853553
vt 0.000000 0.500000
vt 0.146447 0.146447
vt 0.500000 0.000000
vt 0.853553 0.146447
vt 0.000000 0.000000
vt 1.000000 0.000000
vt 1.000000 1.000000
vt 0.000000 1.000000
vt 0.000000 0.000000
vt 1.000000 0.000000
vt 1.000000 1.000000
vt 0.000000 1.000000
vt 0.000000 0.000000
vt 1.000000 0.000000
vt 1.000000 1.000000
vt 0.000000 1.000000
vt 0.000000 0.000000
vt 1.000000 0.000000
vt 1.000000 1.000000
vt 0.000000 1.000000
vt 0.000000 0.000000
vt 1.000000 0.000000
vt 1.000000 1.000000
vt 0.000000 1.000000
vt 0.000000 0.000000
vt 1.000000 0.000000
vt 1.000000 1.000000
vt 0.000000 1.000000
vt 0.000000 0.000000
vt 1.000000 0.000000
vt 1.000000 1.000000
vt 0.000000 1.000000
vt 0.000000 0.000000
vt 1.000000 0.000000
vt 1.000000 1.000000
vt 0.000000 1.000000
vt 1.000000 0.500000
vt 0.853553 0.853553
vt 0.500000 1.000000
vt 0.146447 0.853553
vt 0.000000 0.500000
vt 0.146447 0.146447
vt 0.500000 0.000000
vt 0.853553 0.146447
vt 1.000000 0.500000
vt 0.853553 0.853553
vt 0.500000 1.000000
vt 0.146447 0.853553
vt 0.000000 0.500000
vt 0.146447 0.146447
vt 0.500000 0.000000
vt 0.853553 0.146447
vt 0.000000 0.000000
vt 1.000000 0.000000
vt 1.000000 1.000000
vt 0.000000 1.000000
vt 0.000000 0.000000
vt 1.000000 0.000000
vt 1.000000 1.000000
vt 0.000000 1.000000
vt 0.000000 0.000000
vt 1.000000 0.000000
vt 1.000000 1.000000
vt 0.000000 1.000000
vt 0.000000 0.000000
vt 1.000000 0.000000
vt 1.000000 1.000000
vt 0.000000 1.000000
vt 0.000000 0.000000
vt 1.000000 0.000000
vt 1.000000 1.000000
vt 0.000000 1.000000
vt 0.000000 0.000000
vt 1.000000 0.000000
vt 1.000000 1.000000
vt 0.000000 1.000000
vt 0.000000 0.000000
vt 1.000000 0.000000
vt 1.000000 1.000000
vt 0.000000 1.000000
vt 0.000000 0.000000
vt 1.000000 0.000000
vt 1.000000 1.000000
vt 0.000000 1.000000
vt 0.000000 0.000000
vt 1.000000 0.000000
vt 1.000000 1.000000
vt 0.000000 1.000000
vt 0.000000 0.000000
vt 1.000000 0.000000
vt 1.000000 1.000000
vt 0.000000 1.000000
vt 0.000000 0.000000
vt 1.000000 0.000000
vt 1.000000 1.000000
vt 0.000000 1.000000
vt 0.000000 0.000000
vt 1.000000 0.000000
vt 1.000000 1.000000
vt 0.000000 1.000000
vt 0.000000 0.000000
vt 1.000000 0.000000
vt 1.000000 1.000000
vt 0.000000 1.000000
vt 0.000000 0.000000
vt 1.000000 0.000000
vt 1.000000 1.000000
vt 0.000000 1.000000
vt 0.000000 0.000000
vt 1.000000 0.000000
vt 1.000000 1.000000
vt 0.000000 1.000000
vt 0.000000 0.000000
vt 1.000000 0.000000
vt 1.000000 1.000000
vt 0.000000 1.000000
vt 0.000000 0.000000
vt 1.000000 0.000000
vt 1.000000 1.000000
vt 0.000000 1.000000
vt 0.000000 0.000000
vt 1.000000 0.000000
vt 1.000000 1.000000
vt 0.000000 1.000000
vt 0.000000 0.000000
vt 1.000000 0.000000
vt 1.000000 1.000000
vt 0.000000 1.000000
vt 0.000000 0.000000
vt 1.000000 0.000000
vt 1.000000 1.000000
vt 0.000000 1.000000
vt 1.000000 0.500000
vt 0.853553 0.853553
vt 0.500000 1.000000
vt 0.146447 0.853553
vt 0.000000 0.500000
vt 0.146447 0.146447
vt 0.500000 0.000000
vt 0.853553 0.146447
vt 1.000000 0.500000
vt 0.853553 0.853553
vt 0.500000 1.000000
vt 0.146447 0.853553
vt 0.000000 0.500000
vt 0.146447 0.146447
vt 0.500000 0.000000
vt 0.853553 0.146447
vt 0.000000 0.000000
vt 1.000000 0.000000
vt 1.000000 1.000000
vt 0.000000 1.000000
vt 0.000000 0.000000
vt 1.000000 0.000000
vt 1.000000 1.000000
vt 0.000000 1.000000
vt 0.000000 0.000000
vt 1.000000 0.000000
vt 1.000000 1.000000
vt 0.000000 1.000000
vt 0.000000 0.000000
vt 1.000000 0.000000
vt 1.000000 1.000000
vt 0.000000 1.000000
vt 0.000000 0.000000
vt 1.000000 0.000000
vt 1.000000 1.000000
vt 0.000000 1.000000
vt 0.000000 0.000000
vt 1.000000 0.000000
vt 1.000000 1.000000
vt 0.000000 1.000000
vt 0.000000 0.000000
vt 1.000000 0.000000
vt 1.000000 1.000000
vt 0.000000 1.000000
vt 0.000000 0.000000
vt 1.000000 0.000000
vt 1.000000 1.000000
vt 0.000000 1.000000
vt 1.000000 0.500000
vt 0.853553 0.853553
vt 0.500000 1.000000
vt 0.146447 0.853553
vt 0.000000 0.500000
vt 0.146447 0.146447
vt 0.500000 0.000000
vt 0.853553 0.146447
vt 1.000000 0.500000
vt 0.853553 0.853553
vt 0.500000 1.000000
vt 0.146447 0.853553
vt 0.000000 0.500000
vt 0.146447 0.146447
vt 0.500000 0.000000
vt 0.853553 0.146447
vt 0.000000 0.000000
vt 1.000000 0.000000
vt 1.000000 1.000000
vt 0.000000 1.000000
vt 0.000000 0.000000
vt 1.000000 0.000000
vt 1.000000 1.000000
vt 0.000000 1.000000
vt 0.000000 0.000000
vt 1.000000 0.000000
vt 1.000000 1.000000
vt 0.000000 1.000000
vt 0.000000 0.000000
vt 1.000000 0.000000
vt 1.000000 1.000000
vt 0.000000 1.000000
vt 0.000000 0.000000
vt 1.000000 0.000000
vt 1.000000 1.000000
vt 0.000000 1.000000
vt 0.000000 0.000000
vt 1.000000 0.000000
vt 1.000000 1.000000
vt 0.000000 1.000000
vt 0.000000 0.000000
vt 1.000000 0.000000
vt 1.000000 1.000000
vt 0.000000 1.000000
vt 0.000000 0.000000
vt 1.000000 0.000000
vt 1.000000 1.000000
vt 0.000000 1.000000
vt 1.000000 0.500000
vt 0.853553 0.853553
vt 0.500000 1.000000
vt 0.146447 0.853553
vt 0.000000 0.500000
vt 0.146447 0.146447
vt 0.500000 0.000000
vt 0.853553 0.146447
vt 1.000000 0.500000
vt 0.853553 0.853553
vt 0.500000 1.000000
vt 0.146447 0.853553
vt 0.000000 0.500000
vt 0.146447 0.146447
vt 0.500000 0.000000
vt 0.853553 0.146447
vt 0.000000 0.000000
vt 1.000000 0.000000
vt 1.000000 1.000000
vt 0.000000 1.000000
vt 0.000000 0.000000
vt 1.000000 0.000000
vt 1.000000 1.000000
vt 0.000000 1.000000
vt 0.000000 0.000000
vt 1.000000 0.000000
vt 1.000000 1.000000
vt 0.000000 1.000000
vt 0.000000 0.000000
vt 1.000000 0.000000
vt 1.000000 1.000000
vt 0.000000 1.000000
vt 0.000000 0.000000
vt 1.000000 0.000000
vt 1.000000 1.000000
vt 0.000000 1.000000
vt 0.000000 0.000000
vt 1.000000 0.000000
vt 1.000000 1.000000
vt 0.000000 1.000000
vt 0.000000 0.000000
vt 1.000000 0.000000
vt 1.000000 1.000000
vt 0.000000 1.000000
vt 0.000000 0.000000
vt 1.000000 0.000000
vt 1.000000 1.000000
vt 0.000000 1.000000
vt 1.000000 0.500000
vt 0.853553 0.853553
vt 0.500000 1.000000
vt 0.146447 0.853553
vt 0.000000 0.500000
vt 0.146447 0.146447
vt 0.500000 0.000000
vt 0.853553 0.146447
vt 1.000000 0.500000
vt 0.853553 0.853553
vt 0.500000 1.000000
vt 0.146447 0.853553
vt 0.000000 0.500000
vt 0.146447 0.146447
vt 0.500000 0.000000
vt 0.853553 0.146447
vt 0.000000 0.000000
vt 1.000000 0.000000
vt 1.000000 1.000000
vt 0.000000 1.000000
vt 0.000000 0.000000
vt 1.000000 0.000000
vt 1.000000 1.000000
vt 0.000000 1.000000
vt 0.000000 0.000000
vt 1.000000 0.000000
vt 1.000000 1.000000
vt 0.000000 1.000000
vt 0.000000 0.000000
vt 1.000000 0.000000
vt 1.000000 1.000000
vt 0.000000 1.000000
vt 0.000000 0.000000
vt 1.000000 0.000000
vt 1.000000 1.000000
vt 0.000000 1.000000
vt 0.000000 0.000000
vt 1.000000 0.000000
vt 1.000000 1.000000
vt 0.000000 1.000000
vt 0.000000 0.000000
vt 1.000000 0.000000
vt 1.000000 1.000000
vt 0.000000 1.000000
vt 0.000000 0.000000
vt 1.000000 0.000000
vt 1.000000 1.000000
vt 0.000000 1.000000
vt 0.000000 0.000000
vt 1.000000 0.000000
vt 1.000000 1.000000
vt 0.000000 1.000000
vt 0.000000 0.000000
vt 1.000000 0.000000
vt 1.000000 1.000000
vt 0.000000 1.000000
vt 1.000000 0.500000
vt 0.904508 0.793893
vt 0.654508 0.975528
vt 0.345492 0.975528
vt 0.095492 0.793893
vt 0.000000 0.500000
vt 0.095492 0.206107
vt 0.345492 0.024472
vt 0.654508 0.024472
vt 0.904508 0.206107
vt 1.000000 0.500000
vt 0.904508 0.793893
vt 0.654508 0.975528
vt 0.345492 0.975528
vt 0.095492 0.793893
vt 0.000000 0.500000
vt 0.095492 0.206107
vt 0.345492 0.024472
vt 0.654508 0.024472
vt 0.904508 0.206107
vt 0.000000 0.000000
vt 1.000000 0.000000
vt 1.000000 1.000000
vt 0.000000 1.000000
vt 0.000000 0.000000
vt 1.000000 0.000000
vt 1.000000 1.000000
vt 0.000000 1.000000
vt 0.000000 0.000000
vt 1.000000 0.000000
vt 1.000000 1.000000
vt 0.000000 1.000000
vt 0.000000 0.000000
vt 1.000000 0.000000
vt 1.000000 1.000000
vt 0.000000 1.000000
vt 0.000000 0.000000
vt 1.000000 0.000000
vt 1.000000 1.000000
vt 0.000000 1.000000
vt 0.000000 0.000000
vt 1.000000 0.000000
vt 1.000000 1.000000
vt 0.000000 1.000000
vt 0.000000 0.000000
vt 1.000000 0.000000
vt 1.000000 1.000000
vt 0.000000 1.000000
vt 0.000000 0.000000
vt 1.000000 0.000000
vt 1.000000 1.000000
vt 0.000000 1.000000
vt 0.000000 0.000000
vt 1.000000 0.000000
vt 1.000000 1.000000
vt 0.000000 1.000000
vt 0.000000 0.000000
vt 1.000000 0.000000
vt 1.000000 1.000000
vt 0.000000 1.000000
vt 1.000000 0.500000
vt 0.904508 0.793893
vt 0.654508 0.975528
vt 0.345492 0.975528
vt 0.095492 0.793893
vt 0.000000 0.500000
vt 0.095492 0.206107
vt 0.345492 0.024472
vt 0.654508 0.024472
vt 0.904508 0.206107
vt 1.000000 0.500000
vt 0.904508 0.793893
vt 0.654508 0.975528
vt 0.345492 0.975528
vt 0.095492 0.793893
vt 0.000000 0.500000
vt 0.095492 0.206107
vt 0.345492 0.024472
vt 0.654508 0.024472
vt 0.904508 0.206107
vt 0.000000 0.000000
vt 1.000000 0.000000
vt 1.000000 1.000000
vt 0.000000 1.000000
vt 0.000000 0.000000
vt 1.000000 0.000000
vt 1.000000 1.000000
vt 0.000000 1.000000
vt 0.000000 0.000000
vt 1.000000 0.000000
vt 1.000000 1.000000
vt 0.000000 1.000000
vt 0.000000 0.000000
vt 1.000000 0.000000
vt 1.000000 1.000000
vt 0.000000 1.000000
vt 0.000000 0.000000
vt 1.000000 0.000000
vt 1.000000 1.000000
vt 0.000000 1.000000
vt 0.000000 0.000000
vt 1.000000 0.000000
vt 1.000000 1.000000
vt 0.000000 1.000000
vt 0.000000 0.000000
vt 1.000000 0.000000
vt 1.000000 1.000000
vt 0.000000 1.000000
vt 0.000000 0.000000
vt 1.000000 0.000000
vt 1.000000 1.000000
vt 0.000000 1.000000
vt 1.000000 0.500000
vt 0.853553 0.853553
vt 0.500000 1.000000
vt 0.146447 0.853553
vt 0.000000 0.500000
vt 0.146447 0.146447
vt 0.500000 0.000000
vt 0.853553 0.146447
vt 1.000000 0.500000
vt 0.853553 0.853553
vt 0.500000 1.000000
vt 0.146447 0.853553
vt 0.000000 0.500000
vt 0.146447 0.146447
vt 0.500000 0.000000
vt 0.853553 0.146447
vt 0.000000 0.000000
vt 1.000000 0.000000
vt 1.000000 1.000000
vt 0.000000 1.000000
vt 0.000000 0.000000
vt 1.000000 0.000000
vt 1.000000 1.000000
vt 0.000000 1.000000
vt 0.000000 0.000000
vt 1.000000 0.000000
vt 1.000000 1.000000
vt 0.000000 1.000000
vt 0.000000 0.000000
vt 1.000000 0.000000
vt 1.000000 1.000000
vt 0.000000 1.000000
vt 0.000000 0.000000
vt 1.000000 0.000000
vt 1.000000 1.000000
vt 0.000000 1.000000
vt 0.000000 0.000000
vt 1.000000 0.000000
vt 1.000000 1.000000
vt 0.000000 1.000000
vt 0.000000 0.000000
vt 1.000000 0.000000
vt 1.000000 1.000000
vt 0.000000 1.000000
vt 0.000000 0.000000
vt 1.000000 0.000000
vt 1.000000 1.000000
vt 0.000000 1.000000
vt 1.000000 0.500000
vt 0.853553 0.853553
vt 0.500000 1.000000
vt 0.146447 0.853553
vt 0.000000 0.500000
vt 0.146447 0.146447
vt 0.500000 0.000000
vt 0.853553 0.146447
vt 1.000000 0.500000
vt 0.853553 0.853553
vt 0.500000 1.000000
vt 0.146447 0.853553
vt 0.000000 0.500000
vt 0.146447 0.146447
vt 0.500000 0.000000
vt 0.853553 0.146447
vt 0.000000 0.000000
vt 1.000000 0.000000
vt 1.000000 1.000000
vt 0.000000 1.000000
vt 0.000000 0.000000
vt 1.000000 0.000000
vt 1.000000 1.000000
vt 0.000000 1.000000
vt 0.000000 0.000000
vt 1.000000 0.000000
vt 1.000000 1.000000
vt 0.000000 1.000000
vt 0.000000 0.000000
vt 1.000000 0.000000
vt 1.000000 1.000000
vt 0.000000 1.000000
vt 0.000000 0.000000
vt 1.000000 0.000000
vt 1.000000 1.000000
vt 0.000000 1.000000
vt 0.000000 0.000000
vt 1.000000 0.000000
vt 1.000000 1.000000
vt 0.000000 1.000000
vt 0.000000 0.000000
vt 1.000000 0.000000
vt 1.000000 1.000000
vt 0.000000 1.000000
vt 0.000000 0.000000
vt 1.000000 0.000000
vt 1.000000 1.000000
vt 0.000000 1.000000
vt 0.000000 0.000000
vt 1.000000 0.000000
vt 1.000000 1.000000
vt 0.000000 1.000000
vt 0.000000 0.000000
vt 1.000000 0.000000
vt 1.000000 1.000000
vt 0.000000 1.000000
vt 1.000000 0.500000
vt 0.904508 0.793893
vt 0.654508 0.975528
vt 0.345492 0.975528
vt 0.095492 0.793893
vt 0.000000 0.500000
vt 0.095492 0.206107
vt 0.345492 0.024472
vt 0.654508 0.024472
vt 0.904508 0.206107
vt 1.000000 0.500000
vt 0.904508 0.793893
vt 0.654508 0.975528
vt 0.345492 0.975528
vt 0.095492 0.793893
vt 0.000000 0.500000
vt 0.095492 0.206107
vt 0.345492 0.024472
vt 0.654508 0.024472
vt 0.904508 0.206107
vt 0.000000 0.000000
vt 1.000000 0.000000
vt 1.000000 1.000000
vt 0.000000 1.000000
vt 0.000000 0.000000
vt 1.000000 0.000000
vt 1.000000 1.000000
vt 0.000000 1.000000
vt 0.000000 0.000000
vt 1.000000 0.000000
vt 1.000000 1.000000
vt 0.000000 1.000000
vt 0.000000 0.000000
vt 1.000000 0.000000
vt 1.000000 1.000000
vt 0.000000 1.000000
vt 0.000000 0.000000
vt 1.000000 0.000000
vt 1.000000 1.000000
vt 0.000000 1.000000
vt 0.000000 0.000000
vt 1.000000 0.000000
vt 1.000000 1.000000
vt 0.000000 1.000000
vt 0.000000 0.000000
vt 1.000000 0.000000
vt 1.000000 1.000000
vt 0.000000 1.000000
vt 0.000000 0.000000
vt 1.000000 0.000000
vt 1.000000 1.000000
vt 0.000000 1.000000
vt 1.000000 0.500000
vt 0.853553 0.853553
vt 0.500000 1.000000
vt 0.146447 0.853553
vt 0.000000 0.500000
vt 0.146447 0.146447
vt 0.500000 0.000000
vt 0.853553 0.146447
vt 1.000000 0.500000
vt 0.853553 0.853553
vt 0.500000 1.000000
vt 0.146447 0.853553
vt 0.000000 0.500000
vt 0.146447 0.146447
vt 0.500000 0.000000
vt 0.853553 0.146447
vt 0.000000 0.000000
vt 1.000000 0.000000
vt 1.000000 1.000000
vt 0.000000 1.000000
vt 0.000000 0.000000
vt 1.000000 0.000000
vt 1.000000 1.000000
vt 0.000000 1.000000
vt 0.000000 0.000000
vt 1.000000 0.000000
vt 1.000000 1.000000
vt 0.000000 1.000000
vt 0.000000 0.000000
vt 1.000000 0.000000
vt 1.000000 1.000000
vt 0.000000 1.000000
vt 0.000000 0.000000
vt 1.000000 0.000000
vt 1.000000 1.000000
vt 0.000000 1.000000
vt 0.000000 0.000000
vt 1.000000 0.000000
vt 1.000000 1.000000
vt 0.000000 1.000000
vt 0.000000 0.000000
vt 1.000000 0.000000
vt 1.000000 1.000000
vt 0.000000 1.000000
vt 0.000000 0.000000
vt 1.000000 0.000000
vt 1.000000 1.000000
vt 0.000000 1.000000
vt 1.000000 0.500000
vt 0.853553 0.853553
vt 0.500000 1.000000
vt 0.146447 0.853553
vt 0.000000 0.500000
vt 0.146447 0.146447
vt 0.500000 0.000000
vt 0.853553 0.146447
vt 1.000000 0.500000
vt 0.853553 0.853553
vt 0.500000 1.000000
vt 0.146447 0.853553
vt 0.000000 0.500000
vt 0.146447 0.146447
vt 0.500000 0.000000
vt 0.853553 0.146447
vt 0.000000 0.000000
vt 1.000000 0.000000
vt 1.000000 1.000000
vt 0.000000 1.000000
vt 0.000000 0.000000
vt 1.000000 0.000000
vt 1.000000 1.000000
vt 0.000000 1.000000
vt 0.000000 0.000000
vt 1.000000 0.000000
vt 1.000000 1.000000
vt 0.000000 1.000000
vt 0.000000 0.000000
vt 1.000000 0.000000
vt 1.000000 1.000000
vt 0.000000 1.000000
vt 0.000000 0.000000
vt 1.000000 0.000000
vt 1.000000 1.000000
vt 0.000000 1.000000
vt 0.000000 0.000000
vt 1.000000 0.000000
vt 1.000000 1.000000
vt 0.000000 1.000000
vt 0.000000 0.000000
vt 1.000000 0.000000
vt 1.000000 1.000000
vt 0.000000 1.000000
vt 0.000000 0.000000
vt 1.000000 0.000000
vt 1.000000 1.000000
vt 0.000000 1.000000
vt 1.000000 0.500000
vt 0.853553 0.853553
vt 0.500000 1.000000
vt 0.146447 0.853553
vt 0.000000 0.500000
vt 0.146447 0.146447
vt 0.500000 0.000000
vt 0.853553 0.146447
vt 1.000000 0.500000
vt 0.853553 0.853553
vt 0.500000 1.000000
vt 0.146447 0.853553
vt 0.000000 0.500000
vt 0.146447 0.146447
vt 0.500000 0.000000
vt 0.853553 0.146447
vt 0.000000 0.000000
vt 1.000000 0.000000
vt 1.000000 1.000000
vt 0.000000 1.000000
vt 0.000000 0.000000
vt 1.000000 0.000000
vt 1.000000 1.000000
vt 0.000000 1.000000
vt 0.000000 0.000000
vt 1.000000 0.000000
vt 1.000000 1.000000
vt 0.000000 1.000000
vt 0.000000 0.000000
vt 1.000000 0.000000
vt 1.000000 1.000000
vt 0.000000 1.000000
vt 0.000000 0.000000
vt 1.000000 0.000000
vt 1.000000 1.000000
vt 0.000000 1.000000
vt 0.000000 0.000000
vt 1.000000 0.000000
vt 1.000000 1.000000
vt 0.000000 1.000000
vt 0.000000 0.000000
vt 1.000000 0.000000
vt 1.000000 1.000000
vt 0.000000 1.000000
vt 0.000000 0.000000
vt 1.000000 0.000000
vt 1.000000 1.000000
vt 0.000000 1.000000
vt 1.000000 0.500000
vt 0.853553 0.853553
vt 0.500000 1.000000
vt 0.146447 0.853553
vt 0.000000 0.500000
vt 0.146447 0.146447
vt 0.500000 0.000000
vt 0.853553 0.146447
vt 1.000000 0.500000
vt 0.853553 0.853553
vt 0.500000 1.000000
vt 0.146447 0.853553
vt 0.000000 0.500000
vt 0.146447 0.146447
vt 0.500000 0.000000
vt 0.853553 0.146447
vt 0.000000 0.000000
vt 1.000000 0.000000
vt 1.000000 1.000000
vt 0.000000 1.000000
vt 0.000000 0.000000
vt 1.000000 0.000000
vt 1.000000 1.000000
vt 0.000000 1.000000
vt 0.000000 0.000000
vt 1.000000 0.000000
vt 1.000000 1.000000
vt 0.000000 1.000000
vt 0.000000 0.000000
vt 1.000000 0.000000
vt 1.000000 1.000000
vt 0.000000 1.000000
vt 0.000000 0.000000
vt 1.000000 0.000000
vt 1.000000 1.000000
vt 0.000000 1.000000
vt 0.000000 0.000000
vt 1.000000 0.000000
vt 1.000000 1.000000
vt 0.000000 1.000000
vt 0.000000 0.000000
vt 1.000000 0.000000
vt 1.000000 1.000000
vt 0.000000 1.000000
vt 0.000000 0.000000
vt 1.000000 0.000000
vt 1.000000 1.000000
vt 0.000000 1.000000
vt 1.000000 0.500000
vt 0.853553 0.853553
vt 0.500000 1.000000
vt 0.146447 0.853553
vt 0.000000 0.500000
vt 0.146447 0.146447
vt 0.500000 0.000000
vt 0.853553 0.146447
vt 1.000000 0.500000
vt 0.853553 0.853553
vt 0.500000 1.000000
vt 0.146447 0.853553
vt 0.000000 0.500000
vt 0.146447 0.146447
vt 0.500000 0.000000
vt 0.853553 0.146447
vt 0.000000 0.000000
vt 1.000000 0.000000
vt 1.000000 1.000000
vt 0.000000 1.000000
vt 0.000000 0.000000
vt 1.000000 0.000000
vt 1.000000 1.000000
vt 0.000000 1.000000
vt 0.000000 0.000000
vt 1.000000 0.000000
vt 1.000000 1.000000
vt 0.000000 1.000000
vt 0.000000 0.000000
vt 1.000000 0.000000
vt 1.000000 1.000000
vt 0.000000 1.000000
vt 0.000000 0.000000
vt 1.000000 0.000000
vt 1.000000 1.000000
vt 0.000000 1.000000
vt 0.000000 0.000000
vt 1.000000 0.000000
vt 1.000000 1.000000
vt 0.000000 1.000000
vt 0.000000 0.000000
vt 1.000000 0.000000
vt 1.000000 1.000000
vt 0.000000 1.000000
vt 0.000000 0.000000
vt 1.000000 0.000000
vt 1.000000 1.000000
vt 0.000000 1.000000
vt 1.000000 0.500000
vt 0.853553 0.853553
vt 0.500000 1.000000
vt 0.146447 0.853553
vt 0.000000 0.500000
vt 0.146447 0.146447
vt 0.500000 0.000000
vt 0.853553 0.146447
vt 1.000000 0.500000
vt 0.853553 0.853553
vt 0.500000 1.000000
vt 0.146447 0.853553
vt 0.000000 0.500000
vt 0.146447 0.146447
vt 0.500000 0.000000
vt 0.853553 0.146447
vt 0.000000 0.000000
vt 1.000000 0.000000
vt 1.000000 1.000000
vt 0.000000 1.000000
vt 0.000000 0.000000
vt 1.000000 0.000000
vt 1.000000 1.000000
vt 0.000000 1.000000
vt 0.000000 0.000000
vt 1.000000 0.000000
vt 1.000000 1.000000
vt 0.000000 1.000000
vt 0.000000 0.000000
vt 1.000000 0.000000
vt 1.000000 1.000000
vt 0.000000 1.000000
vt 0.000000 0.000000
vt 1.000000 0.000000
vt 1.000000 1.000000
vt 0.000000 1.000000
vt 0.000000 0.000000
vt 1.000000 0.000000
vt 1.000000 1.000000
vt 0.000000 1.000000
vt 0.000000 0.000000
vt 1.000000 0.000000
vt 1.000000 1.000000
vt 0.000000 1.000000
vt 0.000000 0.000000
vt 1.000000 0.000000
vt 1.000000 1.000000
vt 0.000000 1.000000
vt 1.000000 0.500000
vt 0.853553 0.853553
vt 0.500000 1.000000
vt 0.146447 0.853553
vt 0.000000 0.500000
vt 0.146447 0.146447
vt 0.500000 0.000000
vt 0.853553 0.146447
vt 1.000000 0.500000
vt 0.853553 0.853553
vt 0.500000 1.000000
vt 0.146447 0.853553
vt 0.000000 0.500000
vt 0.146447 0.146447
vt 0.500000 0.000000
vt 0.853553 0.146447
vt 0.000000 0.000000
vt 1.000000 0.000000
vt 1.000000 1.000000
vt 0.000000 1.000000
vt 0.000000 0.000000
vt 1.000000 0.000000
vt 1.000000 1.000000
vt 0.000000 1.000000
vt 0.000000 0.000000
vt 1.000000 0.000000
vt 1.000000 1.000000
vt 0.000000 1.000000
vt 0.000000 0.000000
vt 1.000000 0.000000
vt 1.000000 1.000000
vt 0.000000 1.000000
vt 0.000000 0.000000
vt 1.000000 0.000000
vt 1.000000 1.000000
vt 0.000000 1.000000
vt 0.000000 0.000000
vt 1.000000 0.000000
vt 1.000000 1.000000
vt 0.000000 1.000000
vt 0.000000 0.000000
vt 1.000000 0.000000
vt 1.000000 1.000000
vt 0.000000 1.000000
vt 0.000000 0.000000
vt 1.000000 0.000000
vt 1.000000 1.000000
vt 0.000000 1.000000
vt 0.000000 0.000000
vt 1.000000 0.000000
vt 1.000000 1.000000
vt 0.000000 1.000000
vt 0.000000 0.000000
vt 1.000000 0.000000
vt 1.000000 1.000000
vt 0.000000 1.000000
vt 1.000000 0.500000
vt 0.904508 0.793893
vt 0.654508 0.975528
vt 0.345492 0.975528
vt 0.095492 0.793893
vt 0.000000 0.500000
vt 0.095492 0.206107
vt 0.345492 0.024472
vt 0.654508 0.024472
vt 0.904508 0.206107
vt 1.000000 0.500000
vt 0.904508 0.793893
vt 0.654508 0.975528
vt 0.345492 0.975528
vt 0.095492 0.793893
vt 0.000000 0.500000
vt 0.095492 0.206107
vt 0.345492 0.024472
vt 0.654508 0.024472
vt 0.904508 0.206107
vt 0.000000 0.000000
vt 1.000000 0.000000
vt 1.000000 1.000000
vt 0.000000 1.000000
vt 0.000000 0.000000
vt 1.000000 0.000000
vt 1.000000 1.000000
vt 0.000000 1.000000
vt 0.000000 0.000000
vt 1.000000 0.000000
vt 1.000000 1.000000
vt 0.000000 1.000000
vt 0.000000 0.000000
vt 1.000000 0.000000
vt 1.000000 1.000000
vt 0.000000 1.000000
vt 0.000000 0.000000
vt 1.000000 0.000000
vt 1.000000 1.000000
vt 0.000000 1.000000
vt 0.000000 0.000000
vt 1.000000 0.000000
vt 1.000000 1.000000
vt 0.000000 1.000000
vt 0.000000 0.000000
vt 1.000000 0.000000
vt 1.000000 1.000000
vt 0.000000 1.000000
vt 0.000000 0.000000
vt 1.000000 0.000000
vt 1.000000 1.000000
vt 0.000000 1.000000
vt 1.000000 0.500000
vt 0.853553 0.853553
vt 0.500000 1.000000
vt 0.146447 0.853553
vt 0.000000 0.500000
vt 0.146447 0.146447
vt 0.500000 0.000000
vt 0.853553 0.146447
vt 1.000000 0.500000
vt 0.853553 0.853553
vt 0.500000 1.000000
vt 0.146447 0.853553
vt 0.000000 0.500000
vt 0.146447 0.146447
vt 0.500000 0.000000
vt 0.853553 0.146447
vt 0.000000 0.000000
vt 1.000000 0.000000
vt 1.000000 1.000000
vt 0.000000 1.000000
vt 0.000000 0.000000
vt 1.000000 0.000000
vt 1.000000 1.000000
vt 0.000000 1.000000
vt 0.000000 0.000000
vt 1.000000 0.000000
vt 1.000000 1.000000
vt 0.000000 1.000000
vt 0.000000 0.000000
vt 1.000000 0.000000
vt 1.000000 1.000000
vt 0.000000 1.000000
vt 0.000000 0.000000
vt 1.000000 0.000000
vt 1.000000 1.000000
vt 0.000000 1.000000
vt 0.000000 0.000000
vt 1.000000 0.000000
vt 1.000000 1.000000
vt 0.000000 1.000000
vt 0.000000 0.000000
vt 1.000000 0.000000
vt 1.000000 1.000000
vt 0.000000 1.000000
vt 0.000000 0.000000
vt 1.000000 0.000000
vt 1.000000 1.000000
vt 0.000000 1.000000
vt 1.000000 0.500000
vt 0.853553 0.853553
vt 0.500000 1.000000
vt 0.146447 0.853553
vt 0.000000 0.500000
vt 0.146447 0.146447
vt 0.500000 0.000000
vt 0.853553 0.146447
vt 1.000000 0.500000
vt 0.853553 0.853553
vt 0.500000 1.000000
vt 0.146447 0.853553
vt 0.000000 0.500000
vt 0.146447 0.146447
vt 0.500000 0.000000
vt 0.853553 0.146447
vt 0.000000 0.000000
vt 1.000000 0.000000
vt 1.000000 1.000000
vt 0.000000 1.000000
vt 0.000000 0.000000
vt 1.000000 0.000000
vt 1.000000 1.000000
vt 0.000000 1.000000
vt 0.000000 0.000000
vt 1.000000 0.000000
vt 1.000000 1.000000
vt 0.000000 1.000000
vt 0.000000 0.000000
vt 1.000000 0.000000
vt 1.000000 1.000000
vt 0.000000 1.000000
vt 0.000000 0.000000
vt 1.000000 0.000000
vt 1.000000 1.000000
vt 0.000000 1.000000
vt 0.000000 0.000000
vt 1.000000 0.000000
vt 1.000000 1.000000
vt 0.000000 1.000000
vt 0.000000 0.000000
vt 1.000000 0.000000
vt 1.000000 1.000000
vt 0.000000 1.000000
vt 0.000000 0.000000
vt 1.000000 0.000000
vt 1.000000 1.000000
vt 0.000000 1.000000
vt 1.000000 0.500000
vt 0.853553 0.853553
vt 0.500000 1.000000
vt 0.146447 0.853553
vt 0.000000 0.500000
vt 0.146447 0.146447
vt 0.500000 0.000000
vt 0.853553 0.146447
vt 1.000000 0.500000
vt 0.853553 0.853553
vt 0.500000 1.000000
vt 0.146447 0.853553
vt 0.000000 0.500000
vt 0.146447 0.146447
vt 0.500000 0.000000
vt 0.853553 0.146447
vt 0.000000 0.000000
vt 1.000000 0.000000
vt 1.000000 1.000000
vt 0.000000 1.000000
vt 0.000000 0.000000
vt 1.000000 0.000000
vt 1.000000 1.000000
vt 0.000000 1.000000
vt 0.000000 0.000000
vt 1.000000 0.000000
vt 1.000000 1.000000
vt 0.000000 1.000000
vt 0.000000 0.000000
vt 1.000000 0.000000
vt 1.000000 1.000000
vt 0.000000 1.000000
vt 0.000000 0.000000
vt 1.000000 0.000000
vt 1.000000 1.000000
vt 0.000000 1.000000
vt 0.000000 0.000000
vt 1.000000 0.000000
vt 1.000000 1.000000
vt 0.000000 1.000000
vt 0.000000 0.000000
vt 1.000000 0.000000
vt 1.000000 1.000000
vt 0.000000 1.000000
vt 0.000000 0.000000
vt 1.000000 0.000000
vt 1.000000 1.000000
vt 0.000000 1.000000
vt 1.000000 0.500000
vt 0.853553 0.853553
vt 0.500000 1.000000
vt 0.146447 0.853553
vt 0.000000 0.500000
vt 0.146447 0.146447
vt 0.500000 0.000000
vt 0.853553 0.146447
vt 1.000000 0.500000
vt 0.853553 0.853553
vt 0.500000 1.000000
vt 0.146447 0.853553
vt 0.000000 0.500000
vt 0.146447 0.146447
vt 0.500000 0.000000
vt 0.853553 0.146447
vt 0.000000 0.000000
vt 1.000000 0.000000
vt 1.000000 1.000000
vt 0.000000 1.000000
vt 0.000000 0.000000
vt 1.000000 0.000000
vt 1.000000 1.000000
vt 0.000000 1.000000
vt 0.000000 0.000000
vt 1.000000 0.000000
vt 1.000000 1.000000
vt 0.000000 1.000000
vt 0.000000 0.000000
vt 1.000000 0.000000
vt 1.000000 1.000000
vt 0.000000 1.000000
vt 0.000000 0.000000
vt 1.000000 0.000000
vt 1.000000 1.000000
vt 0.000000 1.000000
vt 0.000000 0.000000
vt 1.000000 0.000000
vt 1.000000 1.000000
vt 0.000000 1.000000
vt 0.000000 0.000000
vt 1.000000 0.000000
vt 1.000000 1.000000
vt 0.000000 1.000000
vt 0.000000 0.000000
vt 1.000000 0.000000
vt 1.000000 1.000000
vt 0.000000 1.000000
vt 1.000000 0.500000
vt 0.853553 0.853553
vt 0.500000 1.000000
vt 0.146447 0.853553
vt 0.000000 0.500000
vt 0.146447 0.146447
vt 0.500000 0.000000
vt 0.853553 0.146447
vt 1.000000 0.500000
vt 0.853553 0.853553
vt 0.500000 1.000000
vt 0.146447 0.853553
vt 0.000000 0.500000
vt 0.146447 0.146447
vt 0.500000 0.000000
vt 0.853553 0.146447
vt 0.000000 0.000000
vt 1.000000 0.000000
vt 1.000000 1.000000
vt 0.000000 1.000000
vt 0.000000 0.000000
vt 1.000000 0.000000
vt 1.000000 1.000000
vt 0.000000 1.000000
vt 0.000000 0.000000
vt 1.000000 0.000000
vt 1.000000 1.000000
vt 0.000000 1.000000
vt 0.000000 0.000000
vt 1.000000 0.000000
vt 1.000000 1.000000
vt 0.000000 1.000000
vt 0.000000 0.000000
vt 1.000000 0.000000
vt 1.000000 1.000000
vt 0.000000 1.000000
vt 0.000000 0.000000
vt 1.000000 0.000000
vt 1.000000 1.000000
vt 0.000000 1.000000
vt 0.000000 0.000000
vt 1.000000 0.000000
vt 1.000000 1.000000
vt 0.000000 1.000000
vt 0.000000 0.000000
vt 1.000000 0.000000
vt 1.000000 1.000000
vt 0.000000 1.000000
vt 0.000000 0.000000
vt 1.000000 0.000000
vt 1.000000 1.000000
vt 0.000000 1.000000
vt 0.000000 0.000000
vt 1.000000 0.000000
vt 1.000000 1.000000
vt 0.000000 1.000000
vt 0.000000 0.000000
vt 1.000000 0.000000
vt 1.000000 1.000000
vt 0.000000 1.000000
vt 0.000000 0.000000
vt 1.000000 0.000000
vt 1.000000 1.000000
vt 0.000000 1.000000
vt 1.000000 0.500000
vt 0.933013 0.750000
vt 0.750000 0.933013
vt 0.500000 1.000000
vt 0.250000 0.933013
vt 0.066987 0.750000
vt 0.000000 0.500000
vt 0.066987 0.250000
vt 0.250000 0.066987
vt 0.500000 0.000000
vt 0.750000 0.066987
vt 0.933013 0.250000
vt 1.000000 0.500000
vt 0.933013 0.750000
vt 0.750000 0.933013
vt 0.500000 1.000000
vt 0.250000 0.933013
vt 0.066987 0.750000
vt 0.000000 0.500000
vt 0.066987 0.250000
vt 0.250000 0.066987
vt 0.500000 0.000000
vt 0.750000 0.066987
vt 0.933013 0.250000
vt 0.000000 0.000000
vt 1.000000 0.000000
vt 1.000000 1.000000
vt 0.000000 1.000000
vt 0.000000 0.000000
vt 1.000000 0.000000
vt 1.000000 1.000000
vt 0.000000 1.000000
vt 0.000000 0.000000
vt 1.000000 0.000000
vt 1.000000 1.000000
vt 0.000000 1.000000
vt 0.000000 0.000000
vt 1.000000 0.000000
vt 1.000000 1.000000
vt 0.000000 1.000000
vt 0.000000 0.000000
vt 1.000000 0.000000
vt 1.000000 1.000000
vt 0.000000 1.000000
vt 0.000000 0.000000
vt 1.000000 0.000000
vt 1.000000 1.000000
vt 0.000000 1.000000
vt 0.000000 0.000000
vt 1.000000 0.000000
vt 1.000000 1.000000
vt 0.000000 1.000000
vt 0.000000 0.000000
vt 1.000000 0.000000
vt 1.000000 1.000000
vt 0.000000 1.000000
vt 0.000000 0.000000
vt 1.000000 0.000000
vt 1.000000 1.000000
vt 0.000000 1.000000
vt 0.000000 0.000000
vt 1.000000 0.000000
vt 1.000000 1.000000
vt 0.000000 1.000000
vt 0.000000 0.000000
vt 1.000000 0.000000
vt 1.000000 1.000000
vt 0.000000 1.000000
vt 0.000000 0.000000
vt 1.000000 0.000000
vt 1.000000 1.000000
vt 0.000000 1.000000
vt 1.000000 0.500000
vt 0.933013 0.750000
vt 0.750000 0.933013
vt 0.500000 1.000000
vt 0.250000 0.933013
vt 0.066987 0.750000
vt 0.000000 0.500000
vt 0.066987 0.250000
vt 0.250000 0.066987
vt 0.500000 0.000000
vt 0.750000 0.066987
vt 0.933013 0.250000
vt 1.000000 0.500000
vt 0.933013 0.750000
vt 0.750000 0.933013
vt 0.500000 1.000000
vt 0.250000 0.933013
vt 0.066987 0.750000
vt 0.000000 0.500000
vt 0.066987 0.250000
vt 0.250000 0.066987
vt 0.500000 0.000000
vt 0.750000 0.066987
vt 0.933013 0.250000
vt 0.000000 0.000000
vt 1.000000 0.000000
vt 1.000000 1.000000
vt 0.000000 1.000000
vt 0.000000 0.000000
vt 1.000000 0.000000
vt 1.000000 1.000000
vt 0.000000 1.000000
vt 0.000000 0.000000
vt 1.000000 0.000000
vt 1.000000 1.000000
vt 0.000000 1.000000
vt 0.000000 0.000000
vt 1.000000 0.000000
vt 1.000000 1.000000
vt 0.000000 1.000000
vt 0.000000 0.000000
vt 1.000000 0.000000
vt 1.000000 1.000000
vt 0.000000 1.000000
vt 0.000000 0.000000
vt 1.000000 0.000000
vt 1.000000 1.000000
vt 0.000000 1.000000
vt 0.000000 0.000000
vt 1.000000 0.000000
vt 1.000000 1.000000
vt 0.000000 1.000000
vt 0.000000 0.000000
vt 1.000000 0.000000
vt 1.000000 1.000000
vt 0.000000 1.000000
vt 0.000000 0.000000
vt 1.000000 0.000000
vt 1.000000 1.000000
vt 0.000000 1.000000
vt 0.000000 0.000000
vt 1.000000 0.000000
vt 1.000000 1.000000
vt 0.000000 1.000000
vt 0.000000 0.000000
vt 1.000000 0.000000
vt 1.000000 1.000000
vt 0.000000 1.000000
vt 0.000000 0.000000
vt 1.000000 0.000000
vt 1.000000 1.000000
vt 0.000000 1.000000
vt 1.000000 0.500000
vt 0.933013 0.750000
vt 0.750000 0.933013
vt 0.500000 1.000000
vt 0.250000 0.933013
vt 0.066987 0.750000
vt 0.000000 0.500000
vt 0.066987 0.250000
vt 0.250000 0.066987
vt 0.500000 0.000000
vt 0.750000 0.066987
vt 0.933013 0.250000
vt 1.000000 0.500000
vt 0.933013 0.750000
vt 0.750000 0.933013
vt 0.500000 1.000000
vt 0.250000 0.933013
vt 0.066987 0.750000
vt 0.000000 0.500000
vt 0.066987 0.250000
vt 0.250000 0.066987
vt 0.500000 0.000000
vt 0.750000 0.066987
vt 0.933013 0.250000
vt 0.000000 0.000000
vt 1.000000 0.000000
vt 1.000000 1.000000
vt 0.000000 1.000000
vt 0.000000 0.000000
vt 1.000000 0.000000
vt 1.000000 1.000000
vt 0.000000 1.000000
vt 0.000000 0.000000
vt 1.000000 0.000000
vt 1.000000 1.000000
vt 0.000000 1.000000
vt 0.000000 0.000000
vt 1.000000 0.000000
vt 1.000000 1.000000
vt 0.000000 1.000000
vt 0.000000 0.000000
vt 1.000000 0.000000
vt 1.000000 1.000000
vt 0.000000 1.000000
vt 0.000000 0.000000
vt 1.000000 0.000000
vt 1.000000 1.000000
vt 0.000000 1.000000
vt 0.000000 0.000000
vt 1.000000 0.000000
vt 1.000000 1.000000
vt 0.000000 1.000000
vt 0.000000 0.000000
vt 1.000000 0.000000
vt 1.000000 1.000000
vt 0.000000 1.000000
vt 0.000000 0.000000
vt 1.000000 0.000000
vt 1.000000 1.000000
vt 0.000000 1.000000
vt 0.000000 0.000000
vt 1.000000 0.000000
vt 1.000000 1.000000
vt 0.000000 1.000000
vt 0.000000 0.000000
vt 1.000000 0.000000
vt 1.000000 1.000000
vt 0.000000 1.000000
vt 0.000000 0.000000
vt 1.000000 0.000000
vt 1.000000 1.000000
vt 0.000000 1.000000
vt 1.000000 0.500000
vt 0.933013 0.750000
vt 0.750000 0.933013
vt 0.500000 1.000000
vt 0.250000 0.933013
vt 0.066987 0.750000
vt 0.000000 0.500000
vt 0.066987 0.250000
vt 0.250000 0.066987
vt 0.500000 0.000000
vt 0.750000 0.066987
vt 0.933013 0.250000
vt 1.000000 0.500000
vt 0.933013 0.750000
vt 0.750000 0.933013
vt 0.500000 1.000000
vt 0.250000 0.933013
vt 0.066987 0.750000
vt 0.000000 0.500000
vt 0.066987 0.250000
vt 0.250000 0.066987
vt 0.500000 0.000000
vt 0.750000 0.066987
vt 0.933013 0.250000
vt 0.000000 0.000000
vt 1.000000 0.000000
vt 1.000000 1.000000
vt 0.000000 1.000000
vt 0.000000 0.000000
vt 1.000000 0.000000
vt 1.000000 1.000000
vt 0.000000 1.000000
vt 0.000000 0.000000
vt 1.000000 0.000000
vt 1.000000 1.000000
vt 0.000000 1.000000
vt 0.000000 0.000000
vt 1.000000 0.000000
vt 1.000000 1.000000
vt 0.000000 1.000000
vt 0.000000 0.000000
vt 1.000000 0.000000
vt 1.000000 1.000000
vt 0.000000 1.000000
vt 0.000000 0.000000
vt 1.000000 0.000000
vt 1.000000 1.000000
vt 0.000000 1.000000
vt 0.000000 0.000000
vt 1.000000 0.000000
vt 1.000000 1.000000
vt 0.000000 1.000000
vt 0.000000 0.000000
vt 1.000000 0.000000
vt 1.000000 1.000000
vt 0.000000 1.000000
vt 0.000000 0.000000
vt 1.000000 0.000000
vt 1.000000 1.000000
vt 0.000000 1.000000
vt 0.000000 0.000000
vt 1.000000 0.000000
vt 1.000000 1.000000
vt 0.000000 1.000000
vt 0.000000 0.000000
vt 1.000000 0.000000
vt 1.000000 1.000000
vt 0.000000 1.000000
vt 0.000000 0.000000
vt 1.000000 0.000000
vt 1.000000 1.000000
vt 0.000000 1.000000
vt 1.000000 0.500000
vt 0.933013 0.750000
vt 0.750000 0.933013
vt 0.500000 1.000000
vt 0.250000 0.933013
vt 0.066987 0.750000
vt 0.000000 0.500000
vt 0.066987 0.250000
vt 0.250000 0.066987
vt 0.500000 0.000000
vt 0.750000 0.066987
vt 0.933013 0.250000
vt 1.000000 0.500000
vt 0.933013 0.750000
vt 0.750000 0.933013
vt 0.500000 1.000000
vt 0.250000 0.933013
vt 0.066987 0.750000
vt 0.000000 0.500000
vt 0.066987 0.250000
vt 0.250000 0.066987
vt 0.500000 0.000000
vt 0.750000 0.066987
vt 0.933013 0.250000
vt 0.000000 0.000000
vt 1.000000 0.000000
vt 1.000000 1.000000
vt 0.000000 1.000000
vt 0.000000 0.000000
vt 1.000000 0.000000
vt 1.000000 1.000000
vt 0.000000 1.000000
vt 0.000000 0.000000
vt 1.000000 0.000000
vt 1.000000 1.000000
vt 0.000000 1.000000
vt 0.000000 0.000000
vt 1.000000 0.000000
vt 1.000000 1.000000
vt 0.000000 1.000000
vt 0.000000 0.000000
vt 1.000000 0.000000
vt 1.000000 1.000000
vt 0.000000 1.000000
vt 0.000000 0.000000
vt 1.000000 0.000000
vt 1.000000 1.000000
vt 0.000000 1.000000
vt 0.000000 0.000000
vt 1.000000 0.000000
vt 1.000000 1.000000
vt 0.000000 1.000000
vt 0.000000 0.000000
vt 1.000000 0.000000
vt 1.000000 1.000000
vt 0.000000 1.000000
vt 0.000000 0.000000
vt 1.000000 0.000000
vt 1.000000 1.000000
vt 0.000000 1.000000
vt 0.000000 0.000000
vt 1.000000 0.000000
vt 1.000000 1.000000
vt 0.000000 1.000000
vt 0.000000 0.000000
vt 1.000000 0.000000
vt 1.000000 1.000000
vt 0.000000 1.000000
vt 0.000000 0.000000
vt 1.000000 0.000000
vt 1.000000 1.000000
vt 0.000000 1.000000
vt 1.000000 0.500000
vt 0.933013 0.750000
vt 0.750000 0.933013
vt 0.500000 1.000000
vt 0.250000 0.933013
vt 0.066987 0.750000
vt 0.000000 0.500000
vt 0.066987 0.250000
vt 0.250000 0.066987
vt 0.500000 0.000000
vt 0.750000 0.066987
vt 0.933013 0.250000
vt 1.000000 0.500000
vt 0.933013 0.750000
vt 0.750000 0.933013
vt 0.500000 1.000000
vt 0.250000 0.933013
vt 0.066987 0.750000
vt 0.000000 0.500000
vt 0.066987 0.250000
vt 0.250000 0.066987
vt 0.500000 0.000000
vt 0.750000 0.066987
vt 0.933013 0.250000
vt 0.000000 0.000000
vt 1.000000 0.000000
vt 1.000000 1.000000
vt 0.000000 1.000000
vt 0.000000 0.000000
vt 1.000000 0.000000
vt 1.000000 1.000000
vt 0.000000 1.000000
vt 0.000000 0.000000
vt 1.000000 0.000000
vt 1.000000 1.000000
vt 0.000000 1.000000
vt 0.000000 0.000000
vt 1.000000 0.000000
vt 1.000000 1.000000
vt 0.000000 1.000000
vt 0.000000 0.000000
vt 1.000000 0.000000
vt 1.000000 1.000000
vt 0.000000 1.000000
vt 0.000000 0.000000
vt 1.000000 0.000000
vt 1.000000 1.000000
vt 0.000000 1.000000
vt 0.000000 0.000000
vt 1.000000 0.000000
vt 1.000000 1.000000
vt 0.000000 1.000000
vt 0.000000 0.000000
vt 1.000000 0.000000
vt 1.000000 1.000000
vt 0.000000 1.000000
vt 0.000000 0.000000
vt 1.000000 0.000000
vt 1.000000 1.000000
vt 0.000000 1.000000
vt 0.000000 0.000000
vt 1.000000 0.000000
vt 1.000000 1.000000
vt 0.000000 1.000000
vt 0.000000 0.000000
vt 1.000000 0.000000
vt 1.000000 1.000000
vt 0.000000 1.000000
vt 0.000000 0.000000
vt 1.000000 0.000000
vt 1.000000 1.000000
vt 0.000000 1.000000
vt 1.000000 0.500000
vt 0.933013 0.750000
vt 0.750000 0.933013
vt 0.500000 1.000000
vt 0.250000 0.933013
vt 0.066987 0.750000
vt 0.000000 0.500000
vt 0.066987 0.250000
vt 0.250000 0.066987
vt 0.500000 0.000000
vt 0.750000 0.066987
vt 0.933013 0.250000
vt 1.000000 0.500000
vt 0.933013 0.750000
vt 0.750000 0.933013
vt 0.500000 1.000000
vt 0.250000 0.933013
vt 0.066987 0.750000
vt 0.000000 0.500000
vt 0.066987 0.250000
vt 0.250000 0.066987
vt 0.500000 0.000000
vt 0.750000 0.066987
vt 0.933013 0.250000
vt 0.000000 0.000000
vt 1.000000 0.000000
vt 1.000000 1.000000
vt 0.000000 1.000000
vt 0.000000 0.000000
vt 1.000000 0.000000
vt 1.000000 1.000000
vt 0.000000 1.000000
vt 0.000000 0.000000
vt 1.000000 0.000000
vt 1.000000 1.000000
vt 0.000000 1.000000
vt 0.000000 0.000000
vt 1.000000 0.000000
vt 1.000000 1.000000
vt 0.000000 1.000000
vt 0.000000 0.000000
vt 1.000000 0.000000
vt 1.000000 1.000000
vt 0.000000 1.000000
vt 0.000000 0.000000
vt 1.000000 0.000000
vt 1.000000 1.000000
vt 0.000000 1.000000
vt 0.000000 0.000000
vt 1.000000 0.000000
vt 1.000000 1.000000
vt 0.000000 1.000000
vt 0.000000 0.000000
vt 1.000000 0.000000
vt 1.000000 1.000000
vt 0.000000 1.000000
vt 0.000000 0.000000
vt 1.000000 0.000000
vt 1.000000 1.000000
vt 0.000000 1.000000
vt 0.000000 0.000000
vt 1.000000 0.000000
vt 1.000000 1.000000
vt 0.000000 1.000000
vt 0.000000 0.000000
vt 1.000000 0.000000
vt 1.000000 1.000000
vt 0.000000 1.000000
vt 0.000000 0.000000
vt 1.000000 0.000000
vt 1.000000 1.000000
vt 0.000000 1.000000
vt 1.000000 0.500000
vt 0.933013 0.750000
vt 0.750000 0.933013
vt 0.500000 1.000000
vt 0.250000 0.933013
vt 0.066987 0.750000
vt 0.000000 0.500000
vt 0.066987 0.250000
vt 0.250000 0.066987
vt 0.500000 0.000000
vt 0.750000 0.066987
vt 0.933013 0.250000
vt 1.000000 0.500000
vt 0.933013 0.750000
vt 0.750000 0.933013
vt 0.500000 1.000000
vt 0.250000 0.933013
vt 0.066987 0.750000
vt 0.000000 0.500000
vt 0.066987 0.250000
vt 0.250000 0.066987
vt 0.500000 0.000000
vt 0.750000 0.066987
vt 0.933013 0.250000
vn 0.000000 0.000000 1.000000
vn 0.000000 0.000000 -1.000000
vn 1.000000 0.000000 0.000000
vn -1.000000 0.000000 0.000000
vn 0.000000 -1.000000 0.000000
vn -0.000000 1.000000 0.000000
vn 0.000000 0.000000 1.000000
vn 0.000000 0.000000 -1.000000
vn 1.000000 0.000000 0.000000
vn -1.000000 0.000000 0.000000
vn 0.000000 -1.000000 0.000000
vn -0.000000 1.000000 0.000000
vn -0.951057 0.000000 -0.309017
vn -0.587785 0.000000 -0.809017
vn 0.000000 0.000000 -1.000000
vn 0.587785 0.000000 -0.809017
vn 0.951057 0.000000 -0.309017
vn 0.951057 0.000000 0.309017
vn 0.587785 0.000000 0.809017
vn 0.000000 0.000000 1.000000
vn -0.587785 0.000000 0.809017
vn -0.951057 0.000000 0.309017
vn 0.000000 1.000000 0.000000
vn 0.000000 -1.000000 0.000000
vn -0.951057 0.000000 -0.309017
vn -0.587785 0.000000 -0.809017
vn 0.000000 0.000000 -1.000000
vn 0.587785 0.000000 -0.809017
vn 0.951057 0.000000 -0.309017
vn 0.951057 0.000000 0.309017
vn 0.587785 0.000000 0.809017
vn 0.000000 0.000000 1.000000
vn -0.587785 0.000000 0.809017
vn -0.951057 0.000000 0.309017
vn 0.000000 1.000000 0.000000
vn 0.000000 -1.000000 0.000000
vn -0.951057 0.000000 -0.309017
vn -0.587785 0.000000 -0.809017
vn 0.000000 0.000000 -1.000000
vn 0.587785 0.000000 -0.809017
vn 0.951057 0.000000 -0.309017
vn 0.951057 0.000000 0.309017
vn 0.587785 0.000000 0.809017
vn 0.000000 0.000000 1.000000
vn -0.587785 0.000000 0.809017
vn -0.951057 0.000000 0.309017
vn 0.000000 1.000000 0.000000
vn 0.000000 -1.000000 0.000000
vn -0.951057 0.000000 -0.309017
vn -0.587785 0.000000 -0.809017
vn 0.000000 0.000000 -1.000000
vn 0.587785 0.000000 -0.809017
vn 0.951057 0.000000 -0.309017
vn 0.951057 0.000000 0.309017
vn 0.587785 0.000000 0.809017
vn 0.000000 0.000000 1.000000
vn -0.587785 0.000000 0.809017
vn -0.951057 0.000000 0.309017
vn 0.000000 1.000000 0.000000
vn 0.000000 -1.000000 0.000000
vn 0.000000 0.000000 1.000000
vn 0.000000 0.000000 -1.000000
vn 1.000000 0.000000 0.000000
vn -1.000000 0.000000 0.000000
vn 0.000000 -1.000000 0.000000
vn -0.000000 1.000000 0.000000
vn 0.000000 0.000000 1.000000
vn 0.000000 0.000000 -1.000000
vn 1.000000 0.000000 0.000000
vn -1.000000 0.000000 0.000000
vn 0.000000 -1.000000 0.000000
vn -0.000000 1.000000 0.000000
vn -0.951057 0.000000 -0.309017
vn -0.587785 0.000000 -0.809017
vn 0.000000 0.000000 -1.000000
vn 0.587785 0.000000 -0.809017
vn 0.951057 0.000000 -0.309017
vn 0.951057 0.000000 0.309017
vn 0.587785 0.000000 0.809017
vn 0.000000 0.000000 1.000000
vn -0.587785 0.000000 0.809017
vn -0.951057 0.000000 0.309017
vn 0.000000 1.000000 0.000000
vn 0.000000 -1.000000 0.000000
vn -0.951057 0.000000 -0.309017
vn -0.587785 0.000000 -0.809017
vn 0.000000 0.000000 -1.000000
vn 0.587785 0.000000 -0.809017
vn 0.951057 0.000000 -0.309017
vn 0.951057 0.000000 0.309017
vn 0.587785 0.000000 0.809017
vn 0.000000 0.000000 1.000000
vn -0.587785 0.000000 0.809017
vn -0.951057 0.000000 0.309017
vn 0.000000 1.000000 0.000000
vn 0.000000 -1.000000 0.000000
vn -0.951057 0.000000 -0.309017
vn -0.587785 0.000000 -0.809017
vn 0.000000 0.000000 -1.000000
vn 0.587785 0.000000 -0.809017
vn 0.951057 0.000000 -0.309017
vn 0.951057 0.000000 0.309017
vn 0.587785 0.000000 0.809017
vn 0.000000 0.000000 1.000000
vn -0.587785 0.000000 0.809017
vn -0.951057 0.000000 0.309017
vn 0.000000 1.000000 0.000000
vn 0.000000 -1.000000 0.000000
vn -0.951057 0.000000 -0.309017
vn -0.587785 0.000000 -0.809017
vn 0.000000 0.000000 -1.000000
vn 0.587785 0.000000 -0.809017
vn 0.951057 0.000000 -0.309017
vn 0.951057 0.000000 0.309017
vn 0.587785 0.000000 0.809017
vn 0.000000 0.000000 1.000000
vn -0.587785 0.000000 0.809017
vn -0.951057 0.000000 0.309017
vn 0.000000 1.000000 0.000000
vn 0.000000 -1.000000 0.000000
vn 0.000000 0.000000 1.000000
vn 0.000000 0.000000 -1.000000
vn 1.000000 0.000000 0.000000
vn -1.000000 0.000000 0.000000
vn 0.000000 -1.000000 0.000000
vn -0.000000 1.000000 0.000000
vn 0.000000 0.000000 1.000000
vn 0.000000 0.000000 -1.000000
vn 1.000000 0.000000 0.000000
vn -1.000000 0.000000 0.000000
vn 0.000000 -1.000000 0.000000
vn -0.000000 1.000000 0.000000
vn -0.951057 0.000000 -0.309017
vn -0.587785 0.000000 -0.809017
vn 0.000000 0.000000 -1.000000
vn 0.587785 0.000000 -0.809017
vn 0.951057 0.000000 -0.309017
vn 0.951057 0.000000 0.309017
vn 0.587785 0.000000 0.809017
vn 0.000000 0.000000 1.000000
vn -0.587785 0.000000 0.809017
vn -0.951057 0.000000 0.309017
vn 0.000000 1.000000 0.000000
vn 0.000000 -1.000000 0.000000
vn -0.951057 0.000000 -0.309017
vn -0.587785 0.000000 -0.809017
vn 0.000000 0.000000 -1.000000
vn 0.587785 0.000000 -0.809017
vn 0.951057 0.000000 -0.309017
vn 0.951057 0.000000 0.309017
vn 0.587785 0.000000 0.809017
vn 0.000000 0.000000 1.000000
vn -0.587785 0.000000 0.809017
vn -0.951057 0.000000 0.309017
vn 0.000000 1.000000 0.000000
vn 0.000000 -1.000000 0.000000
vn -0.951057 0.000000 -0.309017
vn -0.587785 0.000000 -0.809017
vn 0.000000 0.000000 -1.000000
vn 0.587785 0.000000 -0.809017
vn 0.951057 0.000000 -0.309017
vn 0.951057 0.000000 0.309017
vn 0.587785 0.000000 0.809017
vn 0.000000 0.000000 1.000000
vn -0.587785 0.000000 0.809017
vn -0.951057 0.000000 0.309017
vn 0.000000 1.000000 0.000000
vn 0.000000 -1.000000 0.000000
vn -0.951057 0.000000 -0.309017
vn -0.587785 0.000000 -0.809017
vn 0.000000 0.000000 -1.000000
vn 0.587785 0.000000 -0.809017
vn 0.951057 0.000000 -0.309017
vn 0.951057 0.000000 0.309017
vn 0.587785 0.000000 0.809017
vn 0.000000 0.000000 1.000000
vn -0.587785 0.000000 0.809017
vn -0.951057 0.000000 0.309017
vn 0.000000 1.000000 0.000000
vn 0.000000 -1.000000 0.000000
vn 0.000000 0.000000 1.000000
vn 0.000000 0.000000 -1.000000
vn 1.000000 0.000000 0.000000
vn -1.000000 0.000000 0.000000
vn 0.000000 -1.000000 0.000000
vn -0.000000 1.000000 0.000000
vn 0.000000 0.000000 1.000000
vn 0.000000 0.000000 -1.000000
vn 1.000000 0.000000 0.000000
vn -1.000000 0.000000 0.000000
vn 0.000000 -1.000000 0.000000
vn -0.000000 1.000000 0.000000
vn -0.951057 0.000000 -0.309017
vn -0.587785 0.000000 -0.809017
vn 0.000000 0.000000 -1.000000
vn 0.587785 0.000000 -0.809017
vn 0.951057 0.000000 -0.309017
vn 0.951057 0.000000 0.309017
vn 0.587785 0.000000 0.809017
vn 0.000000 0.000000 1.000000
vn -0.587785 0.000000 0.809017
vn -0.951057 0.000000 0.309017
vn 0.000000 1.000000 0.000000
vn 0.000000 -1.000000 0.000000
vn -0.951057 0.000000 -0.309017
vn -0.587785 0.000000 -0.809017
vn 0.000000 0.000000 -1.000000
vn 0.587785 0.000000 -0.809017
vn 0.951057 0.000000 -0.309017
vn 0.951057 0.000000 0.309017
vn 0.587785 0.000000 0.809017
vn 0.000000 0.000000 1.000000
vn -0.587785 0.000000 0.809017
vn -0.951057 0.000000 0.309017
vn 0.000000 1.000000 0.000000
vn 0.000000 -1.000000 0.000000
vn -0.951057 0.000000 -0.309017
vn -0.587785 0.000000 -0.809017
vn 0.000000 0.000000 -1.000000
vn 0.587785 0.000000 -0.809017
vn 0.951057 0.000000 -0.309017
vn 0.951057 0.000000 0.309017
vn 0.587785 0.000000 0.809017
vn 0.000000 0.000000 1.000000
vn -0.587785 0.000000 0.809017
vn -0.951057 0.000000 0.309017
vn 0.000000 1.000000 0.000000
vn 0.000000 -1.000000 0.000000
vn -0.951057 0.000000 -0.309017
vn -0.587785 0.000000 -0.809017
vn 0.000000 0.000000 -1.000000
vn 0.587785 0.000000 -0.809017
vn 0.951057 0.000000 -0.309017
vn 0.951057 0.000000 0.309017
vn 0.587785 0.000000 0.809017
vn 0.000000 0.000000 1.000000
vn -0.587785 0.000000 0.809017
vn -0.951057 0.000000 0.309017
vn 0.000000 1.000000 0.000000
vn 0.000000 -1.000000 0.000000
vn 0.000000 0.000000 1.000000
vn 0.000000 0.000000 -1.000000
vn 1.000000 0.000000 0.000000
vn -1.000000 0.000000 0.000000
vn 0.000000 -1.000000 0.000000
vn -0.000000 1.000000 0.000000
vn 0.000000 0.000000 1.000000
vn 0.000000 0.000000 -1.000000
vn 1.000000 0.000000 0.000000
vn -1.000000 0.000000 0.000000
vn 0.000000 -1.000000 0.000000
vn -0.000000 1.000000 0.000000
vn 0.000000 0.000000 1.000000
vn 0.000000 0.000000 -1.000000
vn 1.000000 0.000000 0.000000
vn -1.000000 0.000000 0.000000
vn 0.000000 -1.000000 0.000000
vn -0.000000 1.000000 0.000000
vn 0.000000 0.000000 1.000000
vn 0.000000 0.000000 -1.000000
vn 1.000000 0.000000 0.000000
vn -1.000000 0.000000 0.000000
vn 0.000000 -1.000000 0.000000
vn -0.000000 1.000000 0.000000
vn 0.000000 0.000000 1.000000
vn 0.000000 0.000000 -1.000000
vn 1.000000 0.000000 0.000000
vn -1.000000 0.000000 0.000000
vn 0.000000 -1.000000 0.000000
vn -0.000000 1.000000 0.000000
vn 0.000000 0.000000 1.000000
vn 0.000000 0.000000 -1.000000
vn 1.000000 0.000000 0.000000
vn -1.000000 0.000000 0.000000
vn 0.000000 -1.000000 0.000000
vn -0.000000 1.000000 0.000000
vn 0.000000 0.000000 1.000000
vn 0.000000 0.000000 -1.000000
vn 1.000000 0.000000 0.000000
vn -1.000000 0.000000 0.000000
vn 0.000000 -1.000000 0.000000
vn -0.000000 1.000000 0.000000
vn 0.000000 0.000000 1.000000
vn 0.000000 0.000000 -1.000000
vn 1.000000 0.000000 0.000000
vn -1.000000 0.000000 0.000000
vn 0.000000 -1.000000 0.000000
vn -0.000000 1.000000 0.000000
vn 0.000000 0.000000 1.000000
vn 0.000000 0.000000 -1.000000
vn 1.000000 0.000000 0.000000
vn -1.000000 0.000000 0.000000
vn 0.000000 -1.000000 0.000000
vn -0.000000 1.000000 0.000000
vn 0.000000 0.000000 1.000000
vn 0.000000 0.000000 -1.000000
vn 1.000000 0.000000 0.000000
vn -1.000000 0.000000 0.000000
vn 0.000000 -1.000000 0.000000
vn -0.000000 1.000000 0.000000
vn 0.000000 0.000000 1.000000
vn 0.000000 0.000000 -1.000000
vn 1.000000 0.000000 0.000000
vn -1.000000 0.000000 0.000000
vn 0.000000 -1.000000 0.000000
vn -0.000000 1.000000 0.000000
vn 0.000000 0.000000 1.000000
vn 0.000000 0.000000 -1.000000
vn 1.000000 0.000000 0.000000
vn -1.000000 0.000000 0.000000
vn 0.000000 -1.000000 0.000000
vn -0.000000 1.000000 0.000000
vn 0.000000 0.000000 1.000000
vn 0.000000 0.000000 -1.000000
vn 1.000000 0.000000 0.000000
vn -1.000000 0.000000 0.000000
vn 0.000000 -1.000000 0.000000
vn -0.000000 1.000000 0.000000
vn 0.000000 0.000000 1.000000
vn 0.000000 0.000000 -1.000000
vn 1.000000 0.000000 0.000000
vn -1.000000 0.000000 0.000000
vn 0.000000 -1.000000 0.000000
vn -0.000000 1.000000 0.000000
vn 0.000000 0.000000 1.000000
vn 0.000000 0.000000 -1.000000
vn 1.000000 0.000000 0.000000
vn -1.000000 0.000000 0.000000
vn 0.000000 -1.000000 0.000000
vn -0.000000 1.000000 0.000000
vn -0.951057 0.000000 -0.309017
vn -0.587785 0.000000 -0.809017
vn 0.000000 0.000000 -1.000000
vn 0.587785 0.000000 -0.809017
vn 0.951057 0.000000 -0.309017
vn 0.951057 0.000000 0.309017
vn 0.587785 0.000000 0.809017
vn 0.000000 0.000000 1.000000
vn -0.587785 0.000000 0.809017
vn -0.951057 0.000000 0.309017
vn 0.000000 1.000000 0.000000
vn 0.000000 -1.000000 0.000000
vn -0.951057 0.000000 -0.309017
vn -0.587785 0.000000 -0.809017
vn 0.000000 0.000000 -1.000000
vn 0.587785 0.000000 -0.809017
vn 0.951057 0.000000 -0.309017
vn 0.951057 0.000000 0.309017
vn 0.587785 0.000000 0.809017
vn 0.000000 0.000000 1.000000
vn -0.587785 0.000000 0.809017
vn -0.951057 0.000000 0.309017
vn 0.000000 1.000000 0.000000
vn 0.000000 -1.000000 0.000000
vn -0.951057 0.000000 -0.309017
vn -0.587785 0.000000 -0.809017
vn 0.000000 0.000000 -1.000000
vn 0.587785 0.000000 -0.809017
vn 0.951057 0.000000 -0.309017
vn 0.951057 0.000000 0.309017
vn 0.587785 0.000000 0.809017
vn 0.000000 0.000000 1.000000
vn -0.587785 0.000000 0.809017
vn -0.951057 0.000000 0.309017
vn 0.000000 1.000000 0.000000
vn 0.000000 -1.000000 0.000000
vn -0.951057 0.000000 -0.309017
vn -0.587785 0.000000 -0.809017
vn 0.000000 0.000000 -1.000000
vn 0.587785 0.000000 -0.809017
vn 0.951057 0.000000 -0.309017
vn 0.951057 0.000000 0.309017
vn 0.587785 0.000000 0.809017
vn 0.000000 0.000000 1.000000
vn -0.587785 0.000000 0.809017
vn -0.951057 0.000000 0.309017
vn 0.000000 1.000000 0.000000
vn 0.000000 -1.000000 0.000000
vn 0.000000 0.000000 1.000000
vn 0.000000 0.000000 -1.000000
vn 1.000000 0.000000 0.000000
vn -1.000000 0.000000 0.000000
vn 0.000000 -1.000000 0.000000
vn -0.000000 1.000000 0.000000
vn 0.000000 0.000000 1.000000
vn 0.000000 0.000000 -1.000000
vn 1.000000 0.000000 0.000000
vn -1.000000 0.000000 0.000000
vn 0.000000 -1.000000 0.000000
vn -0.000000 1.000000 0.000000
vn 0.000000 0.000000 1.000000
vn 0.000000 0.000000 -1.000000
vn 1.000000 0.000000 0.000000
vn -1.000000 0.000000 0.000000
vn 0.000000 -1.000000 0.000000
vn -0.000000 1.000000 0.000000
vn 0.000000 0.000000 1.000000
vn 0.000000 0.000000 -1.000000
vn 1.000000 0.000000 0.000000
vn -1.000000 0.000000 0.000000
vn 0.000000 -1.000000 0.000000
vn -0.000000 1.000000 0.000000
vn -0.923880 0.000000 -0.382683
vn -0.382683 0.000000 -0.923880
vn 0.382683 0.000000 -0.923880
vn 0.923880 0.000000 -0.382683
vn 0.923880 0.000000 0.382683
vn 0.382683 0.000000 0.923880
vn -0.382683 0.000000 0.923880
vn -0.923880 0.000000 0.382683
vn 0.000000 1.000000 0.000000
vn 0.000000 -1.000000 0.000000
vn -0.923880 0.000000 -0.382683
vn -0.382683 0.000000 -0.923880
vn 0.382683 0.000000 -0.923880
vn 0.923880 0.000000 -0.382683
vn 0.923880 0.000000 0.382683
vn 0.382683 0.000000 0.923880
vn -0.382683 0.000000 0.923880
vn -0.923880 0.000000 0.382683
vn 0.000000 1.000000 0.000000
vn 0.000000 -1.000000 0.000000
vn -0.923880 0.000000 -0.382683
vn -0.382683 0.000000 -0.923880
vn 0.382683 0.000000 -0.923880
vn 0.923880 0.000000 -0.382683
vn 0.923880 0.000000 0.382683
vn 0.382683 0.000000 0.923880
vn -0.382683 0.000000 0.923880
vn -0.923880 0.000000 0.382683
vn 0.000000 1.000000 0.000000
vn 0.000000 -1.000000 0.000000
vn -0.923880 0.000000 -0.382683
vn -0.382683 0.000000 -0.923880
vn 0.382683 0.000000 -0.923880
vn 0.923880 0.000000 -0.382683
vn 0.923880 0.000000 0.382683
vn 0.382683 0.000000 0.923880
vn -0.382683 0.000000 0.923880
vn -0.923880 0.000000 0.382683
vn 0.000000 1.000000 0.000000
vn 0.000000 -1.000000 0.000000
vn 0.000000 0.000000 1.000000
vn 0.000000 0.000000 -1.000000
vn 1.000000 0.000000 0.000000
vn -1.000000 0.000000 0.000000
vn 0.000000 -1.000000 0.000000
vn -0.000000 1.000000 0.000000
vn 0.000000 0.000000 1.000000
vn 0.000000 0.000000 -1.000000
vn 1.000000 0.000000 0.000000
vn -1.000000 0.000000 0.000000
vn 0.000000 -1.000000 0.000000
vn -0.000000 1.000000 0.000000
vn -0.923880 0.000000 -0.382683
vn -0.382683 0.000000 -0.923880
vn 0.382683 0.000000 -0.923880
vn 0.923880 0.000000 -0.382683
vn 0.923880 0.000000 0.382683
vn 0.382683 0.000000 0.923880
vn -0.382683 0.000000 0.923880
vn -0.923880 0.000000 0.382683
vn 0.000000 1.000000 0.000000
vn 0.000000 -1.000000 0.000000
vn -0.923880 0.000000 -0.382683
vn -0.382683 0.000000 -0.923880
vn 0.382683 0.000000 -0.923880
vn 0.923880 0.000000 -0.382683
vn 0.923880 0.000000 0.382683
vn 0.382683 0.000000 0.923880
vn -0.382683 0.000000 0.923880
vn -0.923880 0.000000 0.382683
vn 0.000000 1.000000 0.000000
vn 0.000000 -1.000000 0.000000
vn -0.923880 0.000000 -0.382683
vn -0.382683 0.000000 -0.923880
vn 0.382683 0.000000 -0.923880
vn 0.923880 0.000000 -0.382683
vn 0.923880 0.000000 0.382683
vn 0.382683 0.000000 0.923880
vn -0.382683 0.000000 0.923880
vn -0.923880 0.000000 0.382683
vn 0.000000 1.000000 0.000000
vn 0.000000 -1.000000 0.000000
vn -0.923880 0.000000 -0.382683
vn -0.382683 0.000000 -0.923880
vn 0.382683 0.000000 -0.923880
vn 0.923880 0.000000 -0.382683
vn 0.923880 0.000000 0.382683
vn 0.382683 0.000000 0.923880
vn -0.382683 0.000000 0.923880
vn -0.923880 0.000000 0.382683
vn 0.000000 1.000000 0.000000
vn 0.000000 -1.000000 0.000000
vn 0.000000 -0.309017 0.951057
vn 0.000000 -0.809017 0.587785
vn 0.000000 -1.000000 0.000000
vn 0.000000 -0.809017 -0.587785
vn 0.000000 -0.309017 -0.951057
vn 0.000000 0.309017 -0.951057
vn 0.000000 0.809017 -0.587785
vn 0.000000 1.000000 0.000000
vn 0.000000 0.809017 0.587785
vn 0.000000 0.309017 0.951057
vn -1.000000 0.000000 0.000000
vn 1.000000 0.000000 0.000000
vn 0.000000 -0.309017 0.951057
vn 0.000000 -0.809017 0.587785
vn 0.000000 -1.000000 0.000000
vn 0.000000 -0.809017 -0.587785
vn 0.000000 -0.309017 -0.951057
vn 0.000000 0.309017 -0.951057
vn 0.000000 0.809017 -0.587785
vn 0.000000 1.000000 0.000000
vn 0.000000 0.809017 0.587785
vn 0.000000 0.309017 0.951057
vn -1.000000 0.000000 0.000000
vn 1.000000 0.000000 0.000000
vn 0.923880 0.000000 -0.382683
vn 0.382683 0.000000 -0.923880
vn -0.382683 0.000000 -0.923880
vn -0.923880 0.000000 -0.382683
vn -0.923880 0.000000 0.382683
vn -0.382683 0.000000 0.923880
vn 0.382683 0.000000 0.923880
vn 0.923880 0.000000 0.382683
vn 0.000000 -1.000000 0.000000
vn 0.000000 1.000000 0.000000
vn 0.923880 0.000000 -0.382683
vn 0.382683 0.000000 -0.923880
vn -0.382683 0.000000 -0.923880
vn -0.923880 0.000000 -0.382683
vn -0.923880 0.000000 0.382683
vn -0.382683 0.000000 0.923880
vn 0.382683 0.000000 0.923880
vn 0.923880 0.000000 0.382683
vn 0.000000 -1.000000 0.000000
vn 0.000000 1.000000 0.000000
vn -0.951057 -0.309017 0.000000
vn -0.587785 -0.809017 0.000000
vn 0.000000 -1.000000 0.000000
vn 0.587785 -0.809017 0.000000
vn 0.951057 -0.309017 0.000000
vn 0.951057 0.309017 0.000000
vn 0.587785 0.809017 0.000000
vn 0.000000 1.000000 0.000000
vn -0.587785 0.809017 0.000000
vn -0.951057 0.309017 0.000000
vn 0.000000 0.000000 -1.000000
vn 0.000000 0.000000 1.000000
vn 0.923880 0.000000 -0.382683
vn 0.382683 0.000000 -0.923880
vn -0.382683 0.000000 -0.923880
vn -0.923880 0.000000 -0.382683
vn -0.923880 0.000000 0.382683
vn -0.382683 0.000000 0.923880
vn 0.382683 0.000000 0.923880
vn 0.923880 0.000000 0.382683
vn 0.000000 -1.000000 0.000000
vn 0.000000 1.000000 0.000000
vn 0.923880 0.000000 -0.382683
vn 0.382683 0.000000 -0.923880
vn -0.382683 0.000000 -0.923880
vn -0.923880 0.000000 -0.382683
vn -0.923880 0.000000 0.382683
vn -0.382683 0.000000 0.923880
vn 0.382683 0.000000 0.923880
vn 0.923880 0.000000 0.382683
vn -0.000000 -1.000000 0.000000
vn 0.000000 1.000000 0.000000
vn 0.923880 0.000000 -0.382683
vn 0.382683 0.000000 -0.923880
vn -0.382683 0.000000 -0.923880
vn -0.923880 0.000000 -0.382683
vn -0.923880 0.000000 0.382683
vn -0.382683 0.000000 0.923880
vn 0.382683 0.000000 0.923880
vn 0.923880 0.000000 0.382683
vn 0.000000 -1.000000 0.000000
vn 0.000000 1.000000 0.000000
vn 0.923880 0.000000 -0.382683
vn 0.382683 0.000000 -0.923880
vn -0.382683 0.000000 -0.923880
vn -0.923880 0.000000 -0.382683
vn -0.923880 0.000000 0.382683
vn -0.382683 0.000000 0.923880
vn 0.382683 0.000000 0.923880
vn 0.923880 0.000000 0.382683
vn 0.000000 -1.000000 0.000000
vn 0.000000 1.000000 0.000000
vn 0.923880 0.000000 -0.382683
vn 0.382683 0.000000 -0.923880
vn -0.382683 0.000000 -0.923880
vn -0.923880 0.000000 -0.382683
vn -0.923880 0.000000 0.382683
vn -0.382683 0.000000 0.923880
vn 0.382683 0.000000 0.923880
vn 0.923880 0.000000 0.382683
vn 0.000000 -1.000000 0.000000
vn 0.000000 1.000000 0.000000
vn 0.923880 0.000000 -0.382683
vn 0.382683 0.000000 -0.923880
vn -0.382683 0.000000 -0.923880
vn -0.923880 0.000000 -0.382683
vn -0.923880 0.000000 0.382683
vn -0.382683 0.000000 0.923880
vn 0.382683 0.000000 0.923880
vn 0.923880 0.000000 0.382683
vn 0.000000 -1.000000 0.000000
vn 0.000000 1.000000 0.000000
vn 0.923880 0.000000 -0.382683
vn 0.382683 0.000000 -0.923880
vn -0.382683 0.000000 -0.923880
vn -0.923880 0.000000 -0.382683
vn -0.923880 0.000000 0.382683
vn -0.382683 0.000000 0.923880
vn 0.382683 0.000000 0.923880
vn 0.923880 0.000000 0.382683
vn 0.000000 -1.000000 0.000000
vn 0.000000 1.000000 0.000000
vn -0.951057 -0.309017 0.000000
vn -0.587785 -0.809017 0.000000
vn 0.000000 -1.000000 0.000000
vn 0.587785 -0.809017 0.000000
vn 0.951057 -0.309017 0.000000
vn 0.951057 0.309017 0.000000
vn 0.587785 0.809017 0.000000
vn 0.000000 1.000000 0.000000
vn -0.587785 0.809017 0.000000
vn -0.951057 0.309017 0.000000
vn 0.000000 0.000000 -1.000000
vn 0.000000 0.000000 1.000000
vn 0.923880 0.000000 -0.382683
vn 0.382683 0.000000 -0.923880
vn -0.382683 0.000000 -0.923880
vn -0.923880 0.000000 -0.382683
vn -0.923880 0.000000 0.382683
vn -0.382683 0.000000 0.923880
vn 0.382683 0.000000 0.923880
vn 0.923880 0.000000 0.382683
vn 0.000000 -1.000000 0.000000
vn 0.000000 1.000000 0.000000
vn 0.923880 0.000000 -0.382683
vn 0.382683 0.000000 -0.923880
vn -0.382683 0.000000 -0.923880
vn -0.923880 0.000000 -0.382683
vn -0.923880 0.000000 0.382683
vn -0.382683 0.000000 0.923880
vn 0.382683 0.000000 0.923880
vn 0.923880 0.000000 0.382683
vn -0.000000 -1.000000 0.000000
vn 0.000000 1.000000 0.000000
vn 0.923880 0.000000 -0.382683
vn 0.382683 0.000000 -0.923880
vn -0.382683 0.000000 -0.923880
vn -0.923880 0.000000 -0.382683
vn -0.923880 0.000000 0.382683
vn -0.382683 0.000000 0.923880
vn 0.382683 0.000000 0.923880
vn 0.923880 0.000000 0.382683
vn 0.000000 -1.000000 0.000000
vn 0.000000 1.000000 0.000000
vn 0.923880 0.000000 -0.382683
vn 0.382683 0.000000 -0.923880
vn -0.382683 0.000000 -0.923880
vn -0.923880 0.000000 -0.382683
vn -0.923880 0.000000 0.382683
vn -0.382683 0.000000 0.923880
vn 0.382683 0.000000 0.923880
vn 0.923880 0.000000 0.382683
vn 0.000000 -1.000000 0.000000
vn 0.000000 1.000000 0.000000
vn 0.923880 0.000000 -0.382683
vn 0.382683 0.000000 -0.923880
vn -0.382683 0.000000 -0.923880
vn -0.923880 0.000000 -0.382683
vn -0.923880 0.000000 0.382683
vn -0.382683 0.000000 0.923880
vn 0.382683 0.000000 0.923880
vn 0.923880 0.000000 0.382683
vn 0.000000 -1.000000 0.000000
vn 0.000000 1.000000 0.000000
vn -0.965926 0.000000 -0.258819
vn -0.707107 0.000000 -0.707107
vn -0.258819 0.000000 -0.965926
vn 0.258819 0.000000 -0.965926
vn 0.707107 0.000000 -0.707107
vn 0.965926 0.000000 -0.258819
vn 0.965926 0.000000 0.258819
vn 0.707107 0.000000 0.707107
vn 0.258819 0.000000 0.965926
vn -0.258819 0.000000 0.965926
vn -0.707107 0.000000 0.707107
vn -0.965926 0.000000 0.258819
vn 0.000000 1.000000 0.000000
vn 0.000000 -1.000000 0.000000
vn -0.965926 0.000000 -0.258819
vn -0.707107 0.000000 -0.707107
vn -0.258819 0.000000 -0.965926
vn 0.258819 0.000000 -0.965926
vn 0.707107 0.000000 -0.707107
vn 0.965926 0.000000 -0.258819
vn 0.965926 0.000000 0.258819
vn 0.707107 0.000000 0.707107
vn 0.258819 0.000000 0.965926
vn -0.258819 0.000000 0.965926
vn -0.707107 0.000000 0.707107
vn -0.965926 0.000000 0.258819
vn 0.000000 1.000000 0.000000
vn 0.000000 -1.000000 0.000000
vn -0.965926 0.000000 -0.258819
vn -0.707107 0.000000 -0.707107
vn -0.258819 0.000000 -0.965926
vn 0.258819 0.000000 -0.965926
vn 0.707107 0.000000 -0.707107
vn 0.965926 0.000000 -0.258819
vn 0.965926 0.000000 0.258819
vn 0.707107 0.000000 0.707107
vn 0.258819 0.000000 0.965926
vn -0.258819 0.000000 0.965926
vn -0.707107 0.000000 0.707107
vn -0.965926 0.000000 0.258819
vn 0.000000 1.000000 0.000000
vn 0.000000 -1.000000 0.000000
vn -0.965926 0.000000 -0.258819
vn -0.707107 0.000000 -0.707107
vn -0.258819 0.000000 -0.965926
vn 0.258819 0.000000 -0.965926
vn 0.707107 0.000000 -0.707107
vn 0.965926 0.000000 -0.258819
vn 0.965926 0.000000 0.258819
vn 0.707107 0.000000 0.707107
vn 0.258819 0.000000 0.965926
vn -0.258819 0.000000 0.965926
vn -0.707107 0.000000 0.707107
vn -0.965926 0.000000 0.258819
vn 0.000000 1.000000 0.000000
vn 0.000000 -1.000000 0.000000
vn -0.965926 0.000000 -0.258819
vn -0.707107 0.000000 -0.707107
vn -0.258819 0.000000 -0.965926
vn 0.258819 0.000000 -0.965926
vn 0.707107 0.000000 -0.707107
vn 0.965926 0.000000 -0.258819
vn 0.965926 0.000000 0.258819
vn 0.707107 0.000000 0.707107
vn 0.258819 0.000000 0.965926
vn -0.258819 0.000000 0.965926
vn -0.707107 0.000000 0.707107
vn -0.965926 0.000000 0.258819
vn 0.000000 1.000000 0.000000
vn 0.000000 -1.000000 0.000000
vn -0.965926 0.000000 -0.258819
vn -0.707107 0.000000 -0.707107
vn -0.258819 0.000000 -0.965926
vn 0.258819 0.000000 -0.965926
vn 0.707107 0.000000 -0.707107
vn 0.965926 0.000000 -0.258819
vn 0.965926 0.000000 0.258819
vn 0.707107 0.000000 0.707107
vn 0.258819 0.000000 0.965926
vn -0.258819 0.000000 0.965926
vn -0.707107 0.000000 0.707107
vn -0.965926 0.000000 0.258819
vn 0.000000 1.000000 0.000000
vn 0.000000 -1.000000 0.000000
vn -0.965926 0.000000 -0.258819
vn -0.707107 0.000000 -0.707107
vn -0.258819 0.000000 -0.965926
vn 0.258819 0.000000 -0.965926
vn 0.707107 0.000000 -0.707107
vn 0.965926 0.000000 -0.258819
vn 0.965926 0.000000 0.258819
vn 0.707107 0.000000 0.707107
vn 0.258819 0.000000 0.965926
vn -0.258819 0.000000 0.965926
vn -0.707107 0.000000 0.707107
vn -0.965926 0.000000 0.258819
vn 0.000000 1.000000 0.000000
vn 0.000000 -1.000000 0.000000
vn -0.965926 0.000000 -0.258819
vn -0.707107 0.000000 -0.707107
vn -0.258819 0.000000 -0.965926
vn 0.258819 0.000000 -0.965926
vn 0.707107 0.000000 -0.707107
vn 0.965926 0.000000 -0.258819
vn 0.965926 0.000000 0.258819
vn 0.707107 0.000000 0.707107
vn 0.258819 0.000000 0.965926
vn -0.258819 0.000000 0.965926
vn -0.707107 0.000000 0.707107
vn -0.965926 0.000000 0.258819
vn 0.000000 1.000000 0.000000
vn 0.000000 -1.000000 0.000000
usemtl metal
f 1/1/1 2/2/1 3/3/1 4/4/1
f 6/5/2 5/6/2 8/7/2 7/8/2
f 5/9/3 1/10/3 4/11/3 8/12/3
f 2/13/4 6/14/4 7/15/4 3/16/4
f 4/17/5 3/18/5 7/19/5 8/20/5
f 5/21/6 6/22/6 2/23/6 1/24/6
f 9/25/7 10/26/7 11/27/7 12/28/7
f 14/29/8 13/30/8 16/31/8 15/32/8
f 13/33/9 9/34/9 12/35/9 16/36/9
f 10/37/10 14/38/10 15/39/10 11/40/10
f 12/41/11 11/42/11 15/43/11 16/44/11
f 13/45/12 14/46/12 10/47/12 9/48/12
f 17/49/13 19/50/13 20/51/13 18/52/13
f 19/53/14 21/54/14 22/55/14 20/56/14
f 21/57/15 23/58/15 24/59/15 22/60/15
f 23/61/16 25/62/16 26/63/16 24/64/16
f 25/65/17 27/66/17 28/67/17 26/68/17
f 27/69/18 29/70/18 30/71/18 28/72/18
f 29/73/19 31/74/19 32/75/19 30/76/19
f 31/77/20 33/78/20 34/79/20 32/80/20
f 33/81/21 35/82/21 36/83/21 34/84/21
f 35/85/22 17/86/22 18/87/22 36/88/22
f 35/89/23 33/90/23 31/91/23 29/92/23 27/93/23 25/94/23 23/95/23 21/96/23 19/97/23 17/98/23
f 18/99/24 20/100/24 22/101/24 24/102/24 26/103/24 28/104/24 30/105/24 32/106/24 34/107/24 36/108/24
f 37/109/25 39/110/25 40/111/25 38/112/25
f 39/113/26 41/114/26 42/115/26 40/116/26
f 41/117/27 43/118/27 44/119/27 42/120/27
f 43/121/28 45/122/28 46/123/28 44/124/28
f 45/125/29 47/126/29 48/127/29 46/128/29
f 47/129/30 49/130/30 50/131/30 48/132/30
f 49/133/31 51/134/31 52/135/31 50/136/31
f 51/137/32 53/138/32 54/139/32 52/140/32
f 53/141/33 55/142/33 56/143/33 54/144/33
f 55/145/34 37/146/34 38/147/34 56/148/34
f 55/149/35 53/150/35 51/151/35 49/152/35 47/153/35 45/154/35 43/155/35 41/156/35 39/157/35 37/158/35
f 38/159/36 40/160/36 42/161/36 44/162/36 46/163/36 48/164/36 50/165/36 52/166/36 54/167/36 56/168/36
f 57/169/37 59/170/37 60/171/37 58/172/37
f 59/173/38 61/174/38 62/175/38 60/176/38
f 61/177/39 63/178/39 64/179/39 62/180/39
f 63/181/40 65/182/40 66/183/40 64/184/40
f 65/185/41 67/186/41 68/187/41 66/188/41
f 67/189/42 69/190/42 70/191/42 68/192/42
f 69/193/43 71/194/43 72/195/43 70/196/43
f 71/197/44 73/198/44 74/199/44 72/200/44
f 73/201/45 75/202/45 76/203/45 74/204/45
f 75/205/46 57/206/46 58/207/46 76/208/46
f 75/209/47 73/210/47 71/211/47 69/212/47 67/213/47 65/214/47 63/215/47 61/216/47 59/217/47 57/218/47
f 58/219/48 60/220/48 62/221/48 64/222/48 66/223/48 68/224/48 70/225/48 72/226/48 74/227/48 76/228/48
f 77/229/49 79/230/49 80/231/49 78/232/49
f 79/233/50 81/234/50 82/235/50 80/236/50
f 81/237/51 83/238/51 84/239/51 82/240/51
f 83/241/52 85/242/52 86/243/52 84/244/52
f 85/245/53 87/246/53 88/247/53 86/248/53
f 87/249/54 89/250/54 90/251/54 88/252/54
f 89/253/55 91/254/55 92/255/55 90/256/55
f 91/257/56 93/258/56 94/259/56 92/260/56
f 93/261/57 95/262/57 96/263/57 94/264/57
f 95/265/58 77/266/58 78/267/58 96/268/58
f 95/269/59 93/270/59 91/271/59 89/272/59 87/273/59 85/274/59 83/275/59 81/276/59 79/277/59 77/278/59
f 78/279/60 80/280/60 82/281/60 84/282/60 86/283/60 88/284/60 90/285/60 92/286/60 94/287/60 96/288/60
usemtl linen_shadow
f 97/289/61 98/290/61 99/291/61 100/292/61
f 102/293/62 101/294/62 104/295/62 103/296/62
f 101/297/63 97/298/63 100/299/63 104/300/63
f 98/301/64 102/302/64 103/303/64 99/304/64
f 100/305/65 99/306/65 103/307/65 104/308/65
f 101/309/66 102/310/66 98/311/66 97/312/66
f 105/313/67 106/314/67 107/315/67 108/316/67
f 110/317/68 109/318/68 112/319/68 111/320/68
f 109/321/69 105/322/69 108/323/69 112/324/69
f 106/325/70 110/326/70 111/327/70 107/328/70
f 108/329/71 107/330/71 111/331/71 112/332/71
f 109/333/72 110/334/72 106/335/72 105/336/72
f 113/337/73 115/338/73 116/339/73 114/340/73
f 115/341/74 117/342/74 118/343/74 116/344/74
f 117/345/75 119/346/75 120/347/75 118/348/75
f 119/349/76 121/350/76 122/351/76 120/352/76
f 121/353/77 123/354/77 124/355/77 122/356/77
f 123/357/78 125/358/78 126/359/78 124/360/78
f 125/361/79 127/362/79 128/363/79 126/364/79
f 127/365/80 129/366/80 130/367/80 128/368/80
f 129/369/81 131/370/81 132/371/81 130/372/81
f 131/373/82 113/374/82 114/375/82 132/376/82
f 131/377/83 129/378/83 127/379/83 125/380/83 123/381/83 121/382/83 119/383/83 117/384/83 115/385/83 113/386/83
f 114/387/84 116/388/84 118/389/84 120/390/84 122/391/84 124/392/84 126/393/84 128/394/84 130/395/84 132/396/84
f 133/397/85 135/398/85 136/399/85 134/400/85
f 135/401/86 137/402/86 138/403/86 136/404/86
f 137/405/87 139/406/87 140/407/87 138/408/87
f 139/409/88 141/410/88 142/411/88 140/412/88
f 141/413/89 143/414/89 144/415/89 142/416/89
f 143/417/90 145/418/90 146/419/90 144/420/90
f 145/421/91 147/422/91 148/423/91 146/424/91
f 147/425/92 149/426/92 150/427/92 148/428/92
f 149/429/93 151/430/93 152/431/93 150/432/93
f 151/433/94 133/434/94 134/435/94 152/436/94
f 151/437/95 149/438/95 147/439/95 145/440/95 143/441/95 141/442/95 139/443/95 137/444/95 135/445/95 133/446/95
f 134/447/96 136/448/96 138/449/96 140/450/96 142/451/96 144/452/96 146/453/96 148/454/96 150/455/96 152/456/96
f 153/457/97 155/458/97 156/459/97 154/460/97
f 155/461/98 157/462/98 158/463/98 156/464/98
f 157/465/99 159/466/99 160/467/99 158/468/99
f 159/469/100 161/470/100 162/471/100 160/472/100
f 161/473/101 163/474/101 164/475/101 162/476/101
f 163/477/102 165/478/102 166/479/102 164/480/102
f 165/481/103 167/482/103 168/483/103 166/484/103
f 167/485/104 169/486/104 170/487/104 168/488/104
f 169/489/105 171/490/105 172/491/105 170/492/105
f 171/493/106 153/494/106 154/495/106 172/496/106
f 171/497/107 169/498/107 167/499/107 165/500/107 163/501/107 161/502/107 159/503/107 157/504/107 155/505/107 153/506/107
f 154/507/108 156/508/108 158/509/108 160/510/108 162/511/108 164/512/108 166/513/108 168/514/108 170/515/108 172/516/108
f 173/517/109 175/518/109 176/519/109 174/520/109
f 175/521/110 177/522/110 178/523/110 176/524/110
f 177/525/111 179/526/111 180/527/111 178/528/111
f 179/529/112 181/530/112 182/531/112 180/532/112
f 181/533/113 183/534/113 184/535/113 182/536/113
f 183/537/114 185/538/114 186/539/114 184/540/114
f 185/541/115 187/542/115 188/543/115 186/544/115
f 187/545/116 189/546/116 190/547/116 188/548/116
f 189/549/117 191/550/117 192/551/117 190/552/117
f 191/553/118 173/554/118 174/555/118 192/556/118
f 191/557/119 189/558/119 187/559/119 185/560/119 183/561/119 181/562/119 179/563/119 177/564/119 175/565/119 173/566/119
f 174/567/120 176/568/120 178/569/120 180/570/120 182/571/120 184/572/120 186/573/120 188/574/120 190/575/120 192/576/120
usemtl bed_sheet
f 193/577/121 194/578/121 195/579/121 196/580/121
f 198/581/122 197/582/122 200/583/122 199/584/122
f 197/585/123 193/586/123 196/587/123 200/588/123
f 194/589/124 198/590/124 199/591/124 195/592/124
f 196/593/125 195/594/125 199/595/125 200/596/125
f 197/597/126 198/598/126 194/599/126 193/600/126
f 201/601/127 202/602/127 203/603/127 204/604/127
f 206/605/128 205/606/128 208/607/128 207/608/128
f 205/609/129 201/610/129 204/611/129 208/612/129
f 202/613/130 206/614/130 207/615/130 203/616/130
f 204/617/131 203/618/131 207/619/131 208/620/131
f 205/621/132 206/622/132 202/623/132 201/624/132
f 209/625/133 211/626/133 212/627/133 210/628/133
f 211/629/134 213/630/134 214/631/134 212/632/134
f 213/633/135 215/634/135 216/635/135 214/636/135
f 215/637/136 217/638/136 218/639/136 216/640/136
f 217/641/137 219/642/137 220/643/137 218/644/137
f 219/645/138 221/646/138 222/647/138 220/648/138
f 221/649/139 223/650/139 224/651/139 222/652/139
f 223/653/140 225/654/140 226/655/140 224/656/140
f 225/657/141 227/658/141 228/659/141 226/660/141
f 227/661/142 209/662/142 210/663/142 228/664/142
f 227/665/143 225/666/143 223/667/143 221/668/143 219/669/143 217/670/143 215/671/143 213/672/143 211/673/143 209/674/143
f 210/675/144 212/676/144 214/677/144 216/678/144 218/679/144 220/680/144 222/681/144 224/682/144 226/683/144 228/684/144
f 229/685/145 231/686/145 232/687/145 230/688/145
f 231/689/146 233/690/146 234/691/146 232/692/146
f 233/693/147 235/694/147 236/695/147 234/696/147
f 235/697/148 237/698/148 238/699/148 236/700/148
f 237/701/149 239/702/149 240/703/149 238/704/149
f 239/705/150 241/706/150 242/707/150 240/708/150
f 241/709/151 243/710/151 244/711/151 242/712/151
f 243/713/152 245/714/152 246/715/152 244/716/152
f 245/717/153 247/718/153 248/719/153 246/720/153
f 247/721/154 229/722/154 230/723/154 248/724/154
f 247/725/155 245/726/155 243/727/155 241/728/155 239/729/155 237/730/155 235/731/155 233/732/155 231/733/155 229/734/155
f 230/735/156 232/736/156 234/737/156 236/738/156 238/739/156 240/740/156 242/741/156 244/742/156 246/743/156 248/744/156
f 249/745/157 251/746/157 252/747/157 250/748/157
f 251/749/158 253/750/158 254/751/158 252/752/158
f 253/753/159 255/754/159 256/755/159 254/756/159
f 255/757/160 257/758/160 258/759/160 256/760/160
f 257/761/161 259/762/161 260/763/161 258/764/161
f 259/765/162 261/766/162 262/767/162 260/768/162
f 261/769/163 263/770/163 264/771/163 262/772/163
f 263/773/164 265/774/164 266/775/164 264/776/164
f 265/777/165 267/778/165 268/779/165 266/780/165
f 267/781/166 249/782/166 250/783/166 268/784/166
f 267/785/167 265/786/167 263/787/167 261/788/167 259/789/167 257/790/167 255/791/167 253/792/167 251/793/167 249/794/167
f 250/795/168 252/796/168 254/797/168 256/798/168 258/799/168 260/800/168 262/801/168 264/802/168 266/803/168 268/804/168
f 269/805/169 271/806/169 272/807/169 270/808/169
f 271/809/170 273/810/170 274/811/170 272/812/170
f 273/813/171 275/814/171 276/815/171 274/816/171
f 275/817/172 277/818/172 278/819/172 276/820/172
f 277/821/173 279/822/173 280/823/173 278/824/173
f 279/825/174 281/826/174 282/827/174 280/828/174
f 281/829/175 283/830/175 284/831/175 282/832/175
f 283/833/176 285/834/176 286/835/176 284/836/176
f 285/837/177 287/838/177 288/839/177 286/840/177
f 287/841/178 269/842/178 270/843/178 288/844/178
f 287/845/179 285/846/179 283/847/179 281/848/179 279/849/179 277/850/179 275/851/179 273/852/179 271/853/179 269/854/179
f 270/855/180 272/856/180 274/857/180 276/858/180 278/859/180 280/860/180 282/861/180 284/862/180 286/863/180 288/864/180
usemtl blanket
f 289/865/181 290/866/181 291/867/181 292/868/181
f 294/869/182 293/870/182 296/871/182 295/872/182
f 293/873/183 289/874/183 292/875/183 296/876/183
f 290/877/184 294/878/184 295/879/184 291/880/184
f 292/881/185 291/882/185 295/883/185 296/884/185
f 293/885/186 294/886/186 290/887/186 289/888/186
f 297/889/187 298/890/187 299/891/187 300/892/187
f 302/893/188 301/894/188 304/895/188 303/896/188
f 301/897/189 297/898/189 300/899/189 304/900/189
f 298/901/190 302/902/190 303/903/190 299/904/190
f 300/905/191 299/906/191 303/907/191 304/908/191
f 301/909/192 302/910/192 298/911/192 297/912/192
f 305/913/193 307/914/193 308/915/193 306/916/193
f 307/917/194 309/918/194 310/919/194 308/920/194
f 309/921/195 311/922/195 312/923/195 310/924/195
f 311/925/196 313/926/196 314/927/196 312/928/196
f 313/929/197 315/930/197 316/931/197 314/932/197
f 315/933/198 317/934/198 318/935/198 316/936/198
f 317/937/199 319/938/199 320/939/199 318/940/199
f 319/941/200 321/942/200 322/943/200 320/944/200
f 321/945/201 323/946/201 324/947/201 322/948/201
f 323/949/202 305/950/202 306/951/202 324/952/202
f 323/953/203 321/954/203 319/955/203 317/956/203 315/957/203 313/958/203 311/959/203 309/960/203 307/961/203 305/962/203
f 306/963/204 308/964/204 310/965/204 312/966/204 314/967/204 316/968/204 318/969/204 320/970/204 322/971/204 324/972/204
f 325/973/205 327/974/205 328/975/205 326/976/205
f 327/977/206 329/978/206 330/979/206 328/980/206
f 329/981/207 331/982/207 332/983/207 330/984/207
f 331/985/208 333/986/208 334/987/208 332/988/208
f 333/989/209 335/990/209 336/991/209 334/992/209
f 335/993/210 337/994/210 338/995/210 336/996/210
f 337/997/211 339/998/211 340/999/211 338/1000/211
f 339/1001/212 341/1002/212 342/1003/212 340/1004/212
f 341/1005/213 343/1006/213 344/1007/213 342/1008/213
f 343/1009/214 325/1010/214 326/1011/214 344/1012/214
f 343/1013/215 341/1014/215 339/1015/215 337/1016/215 335/1017/215 333/1018/215 331/1019/215 329/1020/215 327/1021/215 325/1022/215
f 326/1023/216 328/1024/216 330/1025/216 332/1026/216 334/1027/216 336/1028/216 338/1029/216 340/1030/216 342/1031/216 344/1032/216
f 345/1033/217 347/1034/217 348/1035/217 346/1036/217
f 347/1037/218 349/1038/218 350/1039/218 348/1040/218
f 349/1041/219 351/1042/219 352/1043/219 350/1044/219
f 351/1045/220 353/1046/220 354/1047/220 352/1048/220
f 353/1049/221 355/1050/221 356/1051/221 354/1052/221
f 355/1053/222 357/1054/222 358/1055/222 356/1056/222
f 357/1057/223 359/1058/223 360/1059/223 358/1060/223
f 359/1061/224 361/1062/224 362/1063/224 360/1064/224
f 361/1065/225 363/1066/225 364/1067/225 362/1068/225
f 363/1069/226 345/1070/226 346/1071/226 364/1072/226
f 363/1073/227 361/1074/227 359/1075/227 357/1076/227 355/1077/227 353/1078/227 351/1079/227 349/1080/227 347/1081/227 345/1082/227
f 346/1083/228 348/1084/228 350/1085/228 352/1086/228 354/1087/228 356/1088/228 358/1089/228 360/1090/228 362/1091/228 364/1092/228
f 365/1093/229 367/1094/229 368/1095/229 366/1096/229
f 367/1097/230 369/1098/230 370/1099/230 368/1100/230
f 369/1101/231 371/1102/231 372/1103/231 370/1104/231
f 371/1105/232 373/1106/232 374/1107/232 372/1108/232
f 373/1109/233 375/1110/233 376/1111/233 374/1112/233
f 375/1113/234 377/1114/234 378/1115/234 376/1116/234
f 377/1117/235 379/1118/235 380/1119/235 378/1120/235
f 379/1121/236 381/1122/236 382/1123/236 380/1124/236
f 381/1125/237 383/1126/237 384/1127/237 382/1128/237
f 383/1129/238 365/1130/238 366/1131/238 384/1132/238
f 383/1133/239 381/1134/239 379/1135/239 377/1136/239 375/1137/239 373/1138/239 371/1139/239 369/1140/239 367/1141/239 365/1142/239
f 366/1143/240 368/1144/240 370/1145/240 372/1146/240 374/1147/240 376/1148/240 378/1149/240 380/1150/240 382/1151/240 384/1152/240
usemtl linen_shadow
f 385/1153/241 386/1154/241 387/1155/241 388/1156/241
f 390/1157/242 389/1158/242 392/1159/242 391/1160/242
f 389/1161/243 385/1162/243 388/1163/243 392/1164/243
f 386/1165/244 390/1166/244 391/1167/244 387/1168/244
f 388/1169/245 387/1170/245 391/1171/245 392/1172/245
f 389/1173/246 390/1174/246 386/1175/246 385/1176/246
f 393/1177/247 394/1178/247 395/1179/247 396/1180/247
f 398/1181/248 397/1182/248 400/1183/248 399/1184/248
f 397/1185/249 393/1186/249 396/1187/249 400/1188/249
f 394/1189/250 398/1190/250 399/1191/250 395/1192/250
f 396/1193/251 395/1194/251 399/1195/251 400/1196/251
f 397/1197/252 398/1198/252 394/1199/252 393/1200/252
f 401/1201/253 402/1202/253 403/1203/253 404/1204/253
f 406/1205/254 405/1206/254 408/1207/254 407/1208/254
f 405/1209/255 401/1210/255 404/1211/255 408/1212/255
f 402/1213/256 406/1214/256 407/1215/256 403/1216/256
f 404/1217/257 403/1218/257 407/1219/257 408/1220/257
f 405/1221/258 406/1222/258 402/1223/258 401/1224/258
f 409/1225/259 410/1226/259 411/1227/259 412/1228/259
f 414/1229/260 413/1230/260 416/1231/260 415/1232/260
f 413/1233/261 409/1234/261 412/1235/261 416/1236/261
f 410/1237/262 414/1238/262 415/1239/262 411/1240/262
f 412/1241/263 411/1242/263 415/1243/263 416/1244/263
f 413/1245/264 414/1246/264 410/1247/264 409/1248/264
usemtl bed_sheet
f 417/1249/265 418/1250/265 419/1251/265 420/1252/265
f 422/1253/266 421/1254/266 424/1255/266 423/1256/266
f 421/1257/267 417/1258/267 420/1259/267 424/1260/267
f 418/1261/268 422/1262/268 423/1263/268 419/1264/268
f 420/1265/269 419/1266/269 423/1267/269 424/1268/269
f 421/1269/270 422/1270/270 418/1271/270 417/1272/270
f 425/1273/271 426/1274/271 427/1275/271 428/1276/271
f 430/1277/272 429/1278/272 432/1279/272 431/1280/272
f 429/1281/273 425/1282/273 428/1283/273 432/1284/273
f 426/1285/274 430/1286/274 431/1287/274 427/1288/274
f 428/1289/275 427/1290/275 431/1291/275 432/1292/275
f 429/1293/276 430/1294/276 426/1295/276 425/1296/276
usemtl tape
f 433/1297/277 434/1298/277 435/1299/277 436/1300/277
f 438/1301/278 437/1302/278 440/1303/278 439/1304/278
f 437/1305/279 433/1306/279 436/1307/279 440/1308/279
f 434/1309/280 438/1310/280 439/1311/280 435/1312/280
f 436/1313/281 435/1314/281 439/1315/281 440/1316/281
f 437/1317/282 438/1318/282 434/1319/282 433/1320/282
usemtl metal
f 441/1321/283 442/1322/283 443/1323/283 444/1324/283
f 446/1325/284 445/1326/284 448/1327/284 447/1328/284
f 445/1329/285 441/1330/285 444/1331/285 448/1332/285
f 442/1333/286 446/1334/286 447/1335/286 443/1336/286
f 444/1337/287 443/1338/287 447/1339/287 448/1340/287
f 445/1341/288 446/1342/288 442/1343/288 441/1344/288
usemtl tape
f 449/1345/289 450/1346/289 451/1347/289 452/1348/289
f 454/1349/290 453/1350/290 456/1351/290 455/1352/290
f 453/1353/291 449/1354/291 452/1355/291 456/1356/291
f 450/1357/292 454/1358/292 455/1359/292 451/1360/292
f 452/1361/293 451/1362/293 455/1363/293 456/1364/293
f 453/1365/294 454/1366/294 450/1367/294 449/1368/294
usemtl metal
f 457/1369/295 458/1370/295 459/1371/295 460/1372/295
f 462/1373/296 461/1374/296 464/1375/296 463/1376/296
f 461/1377/297 457/1378/297 460/1379/297 464/1380/297
f 458/1381/298 462/1382/298 463/1383/298 459/1384/298
f 460/1385/299 459/1386/299 463/1387/299 464/1388/299
f 461/1389/300 462/1390/300 458/1391/300 457/1392/300
usemtl tape
f 465/1393/301 466/1394/301 467/1395/301 468/1396/301
f 470/1397/302 469/1398/302 472/1399/302 471/1400/302
f 469/1401/303 465/1402/303 468/1403/303 472/1404/303
f 466/1405/304 470/1406/304 471/1407/304 467/1408/304
f 468/1409/305 467/1410/305 471/1411/305 472/1412/305
f 469/1413/306 470/1414/306 466/1415/306 465/1416/306
usemtl metal
f 473/1417/307 474/1418/307 475/1419/307 476/1420/307
f 478/1421/308 477/1422/308 480/1423/308 479/1424/308
f 477/1425/309 473/1426/309 476/1427/309 480/1428/309
f 474/1429/310 478/1430/310 479/1431/310 475/1432/310
f 476/1433/311 475/1434/311 479/1435/311 480/1436/311
f 477/1437/312 478/1438/312 474/1439/312 473/1440/312
usemtl sterile_blue
f 481/1441/313 482/1442/313 483/1443/313 484/1444/313
f 486/1445/314 485/1446/314 488/1447/314 487/1448/314
f 485/1449/315 481/1450/315 484/1451/315 488/1452/315
f 482/1453/316 486/1454/316 487/1455/316 483/1456/316
f 484/1457/317 483/1458/317 487/1459/317 488/1460/317
f 485/1461/318 486/1462/318 482/1463/318 481/1464/318
usemtl bed_sheet
f 489/1465/319 490/1466/319 491/1467/319 492/1468/319
f 494/1469/320 493/1470/320 496/1471/320 495/1472/320
f 493/1473/321 489/1474/321 492/1475/321 496/1476/321
f 490/1477/322 494/1478/322 495/1479/322 491/1480/322
f 492/1481/323 491/1482/323 495/1483/323 496/1484/323
f 493/1485/324 494/1486/324 490/1487/324 489/1488/324
f 497/1489/325 498/1490/325 499/1491/325 500/1492/325
f 502/1493/326 501/1494/326 504/1495/326 503/1496/326
f 501/1497/327 497/1498/327 500/1499/327 504/1500/327
f 498/1501/328 502/1502/328 503/1503/328 499/1504/328
f 500/1505/329 499/1506/329 503/1507/329 504/1508/329
f 501/1509/330 502/1510/330 498/1511/330 497/1512/330
f 505/1513/331 507/1514/331 508/1515/331 506/1516/331
f 507/1517/332 509/1518/332 510/1519/332 508/1520/332
f 509/1521/333 511/1522/333 512/1523/333 510/1524/333
f 511/1525/334 513/1526/334 514/1527/334 512/1528/334
f 513/1529/335 515/1530/335 516/1531/335 514/1532/335
f 515/1533/336 517/1534/336 518/1535/336 516/1536/336
f 517/1537/337 519/1538/337 520/1539/337 518/1540/337
f 519/1541/338 521/1542/338 522/1543/338 520/1544/338
f 521/1545/339 523/1546/339 524/1547/339 522/1548/339
f 523/1549/340 505/1550/340 506/1551/340 524/1552/340
f 523/1553/341 521/1554/341 519/1555/341 517/1556/341 515/1557/341 513/1558/341 511/1559/341 509/1560/341 507/1561/341 505/1562/341
f 506/1563/342 508/1564/342 510/1565/342 512/1566/342 514/1567/342 516/1568/342 518/1569/342 520/1570/342 522/1571/342 524/1572/342
f 525/1573/343 527/1574/343 528/1575/343 526/1576/343
f 527/1577/344 529/1578/344 530/1579/344 528/1580/344
f 529/1581/345 531/1582/345 532/1583/345 530/1584/345
f 531/1585/346 533/1586/346 534/1587/346 532/1588/346
f 533/1589/347 535/1590/347 536/1591/347 534/1592/347
f 535/1593/348 537/1594/348 538/1595/348 536/1596/348
f 537/1597/349 539/1598/349 540/1599/349 538/1600/349
f 539/1601/350 541/1602/350 542/1603/350 540/1604/350
f 541/1605/351 543/1606/351 544/1607/351 542/1608/351
f 543/1609/352 525/1610/352 526/1611/352 544/1612/352
f 543/1613/353 541/1614/353 539/1615/353 537/1616/353 535/1617/353 533/1618/353 531/1619/353 529/1620/353 527/1621/353 525/1622/353
f 526/1623/354 528/1624/354 530/1625/354 532/1626/354 534/1627/354 536/1628/354 538/1629/354 540/1630/354 542/1631/354 544/1632/354
f 545/1633/355 547/1634/355 548/1635/355 546/1636/355
f 547/1637/356 549/1638/356 550/1639/356 548/1640/356
f 549/1641/357 551/1642/357 552/1643/357 550/1644/357
f 551/1645/358 553/1646/358 554/1647/358 552/1648/358
f 553/1649/359 555/1650/359 556/1651/359 554/1652/359
f 555/1653/360 557/1654/360 558/1655/360 556/1656/360
f 557/1657/361 559/1658/361 560/1659/361 558/1660/361
f 559/1661/362 561/1662/362 562/1663/362 560/1664/362
f 561/1665/363 563/1666/363 564/1667/363 562/1668/363
f 563/1669/364 545/1670/364 546/1671/364 564/1672/364
f 563/1673/365 561/1674/365 559/1675/365 557/1676/365 555/1677/365 553/1678/365 551/1679/365 549/1680/365 547/1681/365 545/1682/365
f 546/1683/366 548/1684/366 550/1685/366 552/1686/366 554/1687/366 556/1688/366 558/1689/366 560/1690/366 562/1691/366 564/1692/366
f 565/1693/367 567/1694/367 568/1695/367 566/1696/367
f 567/1697/368 569/1698/368 570/1699/368 568/1700/368
f 569/1701/369 571/1702/369 572/1703/369 570/1704/369
f 571/1705/370 573/1706/370 574/1707/370 572/1708/370
f 573/1709/371 575/1710/371 576/1711/371 574/1712/371
f 575/1713/372 577/1714/372 578/1715/372 576/1716/372
f 577/1717/373 579/1718/373 580/1719/373 578/1720/373
f 579/1721/374 581/1722/374 582/1723/374 580/1724/374
f 581/1725/375 583/1726/375 584/1727/375 582/1728/375
f 583/1729/376 565/1730/376 566/1731/376 584/1732/376
f 583/1733/377 581/1734/377 579/1735/377 577/1736/377 575/1737/377 573/1738/377 571/1739/377 569/1740/377 567/1741/377 565/1742/377
f 566/1743/378 568/1744/378 570/1745/378 572/1746/378 574/1747/378 576/1748/378 578/1749/378 580/1750/378 582/1751/378 584/1752/378
usemtl linen_shadow
f 585/1753/379 586/1754/379 587/1755/379 588/1756/379
f 590/1757/380 589/1758/380 592/1759/380 591/1760/380
f 589/1761/381 585/1762/381 588/1763/381 592/1764/381
f 586/1765/382 590/1766/382 591/1767/382 587/1768/382
f 588/1769/383 587/1770/383 591/1771/383 592/1772/383
f 589/1773/384 590/1774/384 586/1775/384 585/1776/384
f 593/1777/385 594/1778/385 595/1779/385 596/1780/385
f 598/1781/386 597/1782/386 600/1783/386 599/1784/386
f 597/1785/387 593/1786/387 596/1787/387 600/1788/387
f 594/1789/388 598/1790/388 599/1791/388 595/1792/388
f 596/1793/389 595/1794/389 599/1795/389 600/1796/389
f 597/1797/390 598/1798/390 594/1799/390 593/1800/390
usemtl metal
f 601/1801/391 602/1802/391 603/1803/391 604/1804/391
f 606/1805/392 605/1806/392 608/1807/392 607/1808/392
f 605/1809/393 601/1810/393 604/1811/393 608/1812/393
f 602/1813/394 606/1814/394 607/1815/394 603/1816/394
f 604/1817/395 603/1818/395 607/1819/395 608/1820/395
f 605/1821/396 606/1822/396 602/1823/396 601/1824/396
f 609/1825/397 610/1826/397 611/1827/397 612/1828/397
f 614/1829/398 613/1830/398 616/1831/398 615/1832/398
f 613/1833/399 609/1834/399 612/1835/399 616/1836/399
f 610/1837/400 614/1838/400 615/1839/400 611/1840/400
f 612/1841/401 611/1842/401 615/1843/401 616/1844/401
f 613/1845/402 614/1846/402 610/1847/402 609/1848/402
f 617/1849/403 619/1850/403 620/1851/403 618/1852/403
f 619/1853/404 621/1854/404 622/1855/404 620/1856/404
f 621/1857/405 623/1858/405 624/1859/405 622/1860/405
f 623/1861/406 625/1862/406 626/1863/406 624/1864/406
f 625/1865/407 627/1866/407 628/1867/407 626/1868/407
f 627/1869/408 629/1870/408 630/1871/408 628/1872/408
f 629/1873/409 631/1874/409 632/1875/409 630/1876/409
f 631/1877/410 617/1878/410 618/1879/410 632/1880/410
f 631/1881/411 629/1882/411 627/1883/411 625/1884/411 623/1885/411 621/1886/411 619/1887/411 617/1888/411
f 618/1889/412 620/1890/412 622/1891/412 624/1892/412 626/1893/412 628/1894/412 630/1895/412 632/1896/412
f 633/1897/413 635/1898/413 636/1899/413 634/1900/413
f 635/1901/414 637/1902/414 638/1903/414 636/1904/414
f 637/1905/415 639/1906/415 640/1907/415 638/1908/415
f 639/1909/416 641/1910/416 642/1911/416 640/1912/416
f 641/1913/417 643/1914/417 644/1915/417 642/1916/417
f 643/1917/418 645/1918/418 646/1919/418 644/1920/418
f 645/1921/419 647/1922/419 648/1923/419 646/1924/419
f 647/1925/420 633/1926/420 634/1927/420 648/1928/420
f 647/1929/421 645/1930/421 643/1931/421 641/1932/421 639/1933/421 637/1934/421 635/1935/421 633/1936/421
f 634/1937/422 636/1938/422 638/1939/422 640/1940/422 642/1941/422 644/1942/422 646/1943/422 648/1944/422
f 649/1945/423 651/1946/423 652/1947/423 650/1948/423
f 651/1949/424 653/1950/424 654/1951/424 652/1952/424
f 653/1953/425 655/1954/425 656/1955/425 654/1956/425
f 655/1957/426 657/1958/426 658/1959/426 656/1960/426
f 657/1961/427 659/1962/427 660/1963/427 658/1964/427
f 659/1965/428 661/1966/428 662/1967/428 660/1968/428
f 661/1969/429 663/1970/429 664/1971/429 662/1972/429
f 663/1973/430 649/1974/430 650/1975/430 664/1976/430
f 663/1977/431 661/1978/431 659/1979/431 657/1980/431 655/1981/431 653/1982/431 651/1983/431 649/1984/431
f 650/1985/432 652/1986/432 654/1987/432 656/1988/432 658/1989/432 660/1990/432 662/1991/432 664/1992/432
f 665/1993/433 667/1994/433 668/1995/433 666/1996/433
f 667/1997/434 669/1998/434 670/1999/434 668/2000/434
f 669/2001/435 671/2002/435 672/2003/435 670/2004/435
f 671/2005/436 673/2006/436 674/2007/436 672/2008/436
f 673/2009/437 675/2010/437 676/2011/437 674/2012/437
f 675/2013/438 677/2014/438 678/2015/438 676/2016/438
f 677/2017/439 679/2018/439 680/2019/439 678/2020/439
f 679/2021/440 665/2022/440 666/2023/440 680/2024/440
f 679/2025/441 677/2026/441 675/2027/441 673/2028/441 671/2029/441 669/2030/441 667/2031/441 665/2032/441
f 666/2033/442 668/2034/442 670/2035/442 672/2036/442 674/2037/442 676/2038/442 678/2039/442 680/2040/442
f 681/2041/443 682/2042/443 683/2043/443 684/2044/443
f 686/2045/444 685/2046/444 688/2047/444 687/2048/444
f 685/2049/445 681/2050/445 684/2051/445 688/2052/445
f 682/2053/446 686/2054/446 687/2055/446 683/2056/446
f 684/2057/447 683/2058/447 687/2059/447 688/2060/447
f 685/2061/448 686/2062/448 682/2063/448 681/2064/448
f 689/2065/449 690/2066/449 691/2067/449 692/2068/449
f 694/2069/450 693/2070/450 696/2071/450 695/2072/450
f 693/2073/451 689/2074/451 692/2075/451 696/2076/451
f 690/2077/452 694/2078/452 695/2079/452 691/2080/452
f 692/2081/453 691/2082/453 695/2083/453 696/2084/453
f 693/2085/454 694/2086/454 690/2087/454 689/2088/454
f 697/2089/455 699/2090/455 700/2091/455 698/2092/455
f 699/2093/456 701/2094/456 702/2095/456 700/2096/456
f 701/2097/457 703/2098/457 704/2099/457 702/2100/457
f 703/2101/458 705/2102/458 706/2103/458 704/2104/458
f 705/2105/459 707/2106/459 708/2107/459 706/2108/459
f 707/2109/460 709/2110/460 710/2111/460 708/2112/460
f 709/2113/461 711/2114/461 712/2115/461 710/2116/461
f 711/2117/462 697/2118/462 698/2119/462 712/2120/462
f 711/2121/463 709/2122/463 707/2123/463 705/2124/463 703/2125/463 701/2126/463 699/2127/463 697/2128/463
f 698/2129/464 700/2130/464 702/2131/464 704/2132/464 706/2133/464 708/2134/464 710/2135/464 712/2136/464
f 713/2137/465 715/2138/465 716/2139/465 714/2140/465
f 715/2141/466 717/2142/466 718/2143/466 716/2144/466
f 717/2145/467 719/2146/467 720/2147/467 718/2148/467
f 719/2149/468 721/2150/468 722/2151/468 720/2152/468
f 721/2153/469 723/2154/469 724/2155/469 722/2156/469
f 723/2157/470 725/2158/470 726/2159/470 724/2160/470
f 725/2161/471 727/2162/471 728/2163/471 726/2164/471
f 727/2165/472 713/2166/472 714/2167/472 728/2168/472
f 727/2169/473 725/2170/473 723/2171/473 721/2172/473 719/2173/473 717/2174/473 715/2175/473 713/2176/473
f 714/2177/474 716/2178/474 718/2179/474 720/2180/474 722/2181/474 724/2182/474 726/2183/474 728/2184/474
f 729/2185/475 731/2186/475 732/2187/475 730/2188/475
f 731/2189/476 733/2190/476 734/2191/476 732/2192/476
f 733/2193/477 735/2194/477 736/2195/477 734/2196/477
f 735/2197/478 737/2198/478 738/2199/478 736/2200/478
f 737/2201/479 739/2202/479 740/2203/479 738/2204/479
f 739/2205/480 741/2206/480 742/2207/480 740/2208/480
f 741/2209/481 743/2210/481 744/2211/481 742/2212/481
f 743/2213/482 729/2214/482 730/2215/482 744/2216/482
f 743/2217/483 741/2218/483 739/2219/483 737/2220/483 735/2221/483 733/2222/483 731/2223/483 729/2224/483
f 730/2225/484 732/2226/484 734/2227/484 736/2228/484 738/2229/484 740/2230/484 742/2231/484 744/2232/484
f 745/2233/485 747/2234/485 748/2235/485 746/2236/485
f 747/2237/486 749/2238/486 750/2239/486 748/2240/486
f 749/2241/487 751/2242/487 752/2243/487 750/2244/487
f 751/2245/488 753/2246/488 754/2247/488 752/2248/488
f 753/2249/489 755/2250/489 756/2251/489 754/2252/489
f 755/2253/490 757/2254/490 758/2255/490 756/2256/490
f 757/2257/491 759/2258/491 760/2259/491 758/2260/491
f 759/2261/492 745/2262/492 746/2263/492 760/2264/492
f 759/2265/493 757/2266/493 755/2267/493 753/2268/493 751/2269/493 749/2270/493 747/2271/493 745/2272/493
f 746/2273/494 748/2274/494 750/2275/494 752/2276/494 754/2277/494 756/2278/494 758/2279/494 760/2280/494
usemtl rail_bumper
f 761/2281/495 763/2282/495 764/2283/495 762/2284/495
f 763/2285/496 765/2286/496 766/2287/496 764/2288/496
f 765/2289/497 767/2290/497 768/2291/497 766/2292/497
f 767/2293/498 769/2294/498 770/2295/498 768/2296/498
f 769/2297/499 771/2298/499 772/2299/499 770/2300/499
f 771/2301/500 773/2302/500 774/2303/500 772/2304/500
f 773/2305/501 775/2306/501 776/2307/501 774/2308/501
f 775/2309/502 777/2310/502 778/2311/502 776/2312/502
f 777/2313/503 779/2314/503 780/2315/503 778/2316/503
f 779/2317/504 761/2318/504 762/2319/504 780/2320/504
f 779/2321/505 777/2322/505 775/2323/505 773/2324/505 771/2325/505 769/2326/505 767/2327/505 765/2328/505 763/2329/505 761/2330/505
f 762/2331/506 764/2332/506 766/2333/506 768/2334/506 770/2335/506 772/2336/506 774/2337/506 776/2338/506 778/2339/506 780/2340/506
f 781/2341/507 783/2342/507 784/2343/507 782/2344/507
f 783/2345/508 785/2346/508 786/2347/508 784/2348/508
f 785/2349/509 787/2350/509 788/2351/509 786/2352/509
f 787/2353/510 789/2354/510 790/2355/510 788/2356/510
f 789/2357/511 791/2358/511 792/2359/511 790/2360/511
f 791/2361/512 793/2362/512 794/2363/512 792/2364/512
f 793/2365/513 795/2366/513 796/2367/513 794/2368/513
f 795/2369/514 797/2370/514 798/2371/514 796/2372/514
f 797/2373/515 799/2374/515 800/2375/515 798/2376/515
f 799/2377/516 781/2378/516 782/2379/516 800/2380/516
f 799/2381/517 797/2382/517 795/2383/517 793/2384/517 791/2385/517 789/2386/517 787/2387/517 785/2388/517 783/2389/517 781/2390/517
f 782/2391/518 784/2392/518 786/2393/518 788/2394/518 790/2395/518 792/2396/518 794/2397/518 796/2398/518 798/2399/518 800/2400/518
usemtl metal
f 801/2401/519 803/2402/519 804/2403/519 802/2404/519
f 803/2405/520 805/2406/520 806/2407/520 804/2408/520
f 805/2409/521 807/2410/521 808/2411/521 806/2412/521
f 807/2413/522 809/2414/522 810/2415/522 808/2416/522
f 809/2417/523 811/2418/523 812/2419/523 810/2420/523
f 811/2421/524 813/2422/524 814/2423/524 812/2424/524
f 813/2425/525 815/2426/525 816/2427/525 814/2428/525
f 815/2429/526 801/2430/526 802/2431/526 816/2432/526
f 815/2433/527 813/2434/527 811/2435/527 809/2436/527 807/2437/527 805/2438/527 803/2439/527 801/2440/527
f 802/2441/528 804/2442/528 806/2443/528 808/2444/528 810/2445/528 812/2446/528 814/2447/528 816/2448/528
f 817/2449/529 819/2450/529 820/2451/529 818/2452/529
f 819/2453/530 821/2454/530 822/2455/530 820/2456/530
f 821/2457/531 823/2458/531 824/2459/531 822/2460/531
f 823/2461/532 825/2462/532 826/2463/532 824/2464/532
f 825/2465/533 827/2466/533 828/2467/533 826/2468/533
f 827/2469/534 829/2470/534 830/2471/534 828/2472/534
f 829/2473/535 831/2474/535 832/2475/535 830/2476/535
f 831/2477/536 817/2478/536 818/2479/536 832/2480/536
f 831/2481/537 829/2482/537 827/2483/537 825/2484/537 823/2485/537 821/2486/537 819/2487/537 817/2488/537
f 818/2489/538 820/2490/538 822/2491/538 824/2492/538 826/2493/538 828/2494/538 830/2495/538 832/2496/538
f 833/2497/539 835/2498/539 836/2499/539 834/2500/539
f 835/2501/540 837/2502/540 838/2503/540 836/2504/540
f 837/2505/541 839/2506/541 840/2507/541 838/2508/541
f 839/2509/542 841/2510/542 842/2511/542 840/2512/542
f 841/2513/543 843/2514/543 844/2515/543 842/2516/543
f 843/2517/544 845/2518/544 846/2519/544 844/2520/544
f 845/2521/545 847/2522/545 848/2523/545 846/2524/545
f 847/2525/546 849/2526/546 850/2527/546 848/2528/546
f 849/2529/547 851/2530/547 852/2531/547 850/2532/547
f 851/2533/548 833/2534/548 834/2535/548 852/2536/548
f 851/2537/549 849/2538/549 847/2539/549 845/2540/549 843/2541/549 841/2542/549 839/2543/549 837/2544/549 835/2545/549 833/2546/549
f 834/2547/550 836/2548/550 838/2549/550 840/2550/550 842/2551/550 844/2552/550 846/2553/550 848/2554/550 850/2555/550 852/2556/550
f 853/2557/551 855/2558/551 856/2559/551 854/2560/551
f 855/2561/552 857/2562/552 858/2563/552 856/2564/552
f 857/2565/553 859/2566/553 860/2567/553 858/2568/553
f 859/2569/554 861/2570/554 862/2571/554 860/2572/554
f 861/2573/555 863/2574/555 864/2575/555 862/2576/555
f 863/2577/556 865/2578/556 866/2579/556 864/2580/556
f 865/2581/557 867/2582/557 868/2583/557 866/2584/557
f 867/2585/558 853/2586/558 854/2587/558 868/2588/558
f 867/2589/559 865/2590/559 863/2591/559 861/2592/559 859/2593/559 857/2594/559 855/2595/559 853/2596/559
f 854/2597/560 856/2598/560 858/2599/560 860/2600/560 862/2601/560 864/2602/560 866/2603/560 868/2604/560
f 869/2605/561 871/2606/561 872/2607/561 870/2608/561
f 871/2609/562 873/2610/562 874/2611/562 872/2612/562
f 873/2613/563 875/2614/563 876/2615/563 874/2616/563
f 875/2617/564 877/2618/564 878/2619/564 876/2620/564
f 877/2621/565 879/2622/565 880/2623/565 878/2624/565
f 879/2625/566 881/2626/566 882/2627/566 880/2628/566
f 881/2629/567 883/2630/567 884/2631/567 882/2632/567
f 883/2633/568 869/2634/568 870/2635/568 884/2636/568
f 883/2637/569 881/2638/569 879/2639/569 877/2640/569 875/2641/569 873/2642/569 871/2643/569 869/2644/569
f 870/2645/570 872/2646/570 874/2647/570 876/2648/570 878/2649/570 880/2650/570 882/2651/570 884/2652/570
f 885/2653/571 887/2654/571 888/2655/571 886/2656/571
f 887/2657/572 889/2658/572 890/2659/572 888/2660/572
f 889/2661/573 891/2662/573 892/2663/573 890/2664/573
f 891/2665/574 893/2666/574 894/2667/574 892/2668/574
f 893/2669/575 895/2670/575 896/2671/575 894/2672/575
f 895/2673/576 897/2674/576 898/2675/576 896/2676/576
f 897/2677/577 899/2678/577 900/2679/577 898/2680/577
f 899/2681/578 885/2682/578 886/2683/578 900/2684/578
f 899/2685/579 897/2686/579 895/2687/579 893/2688/579 891/2689/579 889/2690/579 887/2691/579 885/2692/579
f 886/2693/580 888/2694/580 890/2695/580 892/2696/580 894/2697/580 896/2698/580 898/2699/580 900/2700/580
f 901/2701/581 903/2702/581 904/2703/581 902/2704/581
f 903/2705/582 905/2706/582 906/2707/582 904/2708/582
f 905/2709/583 907/2710/583 908/2711/583 906/2712/583
f 907/2713/584 909/2714/584 910/2715/584 908/2716/584
f 909/2717/585 911/2718/585 912/2719/585 910/2720/585
f 911/2721/586 913/2722/586 914/2723/586 912/2724/586
f 913/2725/587 915/2726/587 916/2727/587 914/2728/587
f 915/2729/588 901/2730/588 902/2731/588 916/2732/588
f 915/2733/589 913/2734/589 911/2735/589 909/2736/589 907/2737/589 905/2738/589 903/2739/589 901/2740/589
f 902/2741/590 904/2742/590 906/2743/590 908/2744/590 910/2745/590 912/2746/590 914/2747/590 916/2748/590
f 917/2749/591 919/2750/591 920/2751/591 918/2752/591
f 919/2753/592 921/2754/592 922/2755/592 920/2756/592
f 921/2757/593 923/2758/593 924/2759/593 922/2760/593
f 923/2761/594 925/2762/594 926/2763/594 924/2764/594
f 925/2765/595 927/2766/595 928/2767/595 926/2768/595
f 927/2769/596 929/2770/596 930/2771/596 928/2772/596
f 929/2773/597 931/2774/597 932/2775/597 930/2776/597
f 931/2777/598 917/2778/598 918/2779/598 932/2780/598
f 931/2781/599 929/2782/599 927/2783/599 925/2784/599 923/2785/599 921/2786/599 919/2787/599 917/2788/599
f 918/2789/600 920/2790/600 922/2791/600 924/2792/600 926/2793/600 928/2794/600 930/2795/600 932/2796/600
f 933/2797/601 935/2798/601 936/2799/601 934/2800/601
f 935/2801/602 937/2802/602 938/2803/602 936/2804/602
f 937/2805/603 939/2806/603 940/2807/603 938/2808/603
f 939/2809/604 941/2810/604 942/2811/604 940/2812/604
f 941/2813/605 943/2814/605 944/2815/605 942/2816/605
f 943/2817/606 945/2818/606 946/2819/606 944/2820/606
f 945/2821/607 947/2822/607 948/2823/607 946/2824/607
f 947/2825/608 933/2826/608 934/2827/608 948/2828/608
f 947/2829/609 945/2830/609 943/2831/609 941/2832/609 939/2833/609 937/2834/609 935/2835/609 933/2836/609
f 934/2837/610 936/2838/610 938/2839/610 940/2840/610 942/2841/610 944/2842/610 946/2843/610 948/2844/610
f 949/2845/611 951/2846/611 952/2847/611 950/2848/611
f 951/2849/612 953/2850/612 954/2851/612 952/2852/612
f 953/2853/613 955/2854/613 956/2855/613 954/2856/613
f 955/2857/614 957/2858/614 958/2859/614 956/2860/614
f 957/2861/615 959/2862/615 960/2863/615 958/2864/615
f 959/2865/616 961/2866/616 962/2867/616 960/2868/616
f 961/2869/617 963/2870/617 964/2871/617 962/2872/617
f 963/2873/618 949/2874/618 950/2875/618 964/2876/618
f 963/2877/619 961/2878/619 959/2879/619 957/2880/619 955/2881/619 953/2882/619 951/2883/619 949/2884/619
f 950/2885/620 952/2886/620 954/2887/620 956/2888/620 958/2889/620 960/2890/620 962/2891/620 964/2892/620
f 965/2893/621 967/2894/621 968/2895/621 966/2896/621
f 967/2897/622 969/2898/622 970/2899/622 968/2900/622
f 969/2901/623 971/2902/623 972/2903/623 970/2904/623
f 971/2905/624 973/2906/624 974/2907/624 972/2908/624
f 973/2909/625 975/2910/625 976/2911/625 974/2912/625
f 975/2913/626 977/2914/626 978/2915/626 976/2916/626
f 977/2917/627 979/2918/627 980/2919/627 978/2920/627
f 979/2921/628 981/2922/628 982/2923/628 980/2924/628
f 981/2925/629 983/2926/629 984/2927/629 982/2928/629
f 983/2929/630 965/2930/630 966/2931/630 984/2932/630
f 983/2933/631 981/2934/631 979/2935/631 977/2936/631 975/2937/631 973/2938/631 971/2939/631 969/2940/631 967/2941/631 965/2942/631
f 966/2943/632 968/2944/632 970/2945/632 972/2946/632 974/2947/632 976/2948/632 978/2949/632 980/2950/632 982/2951/632 984/2952/632
f 985/2953/633 987/2954/633 988/2955/633 986/2956/633
f 987/2957/634 989/2958/634 990/2959/634 988/2960/634
f 989/2961/635 991/2962/635 992/2963/635 990/2964/635
f 991/2965/636 993/2966/636 994/2967/636 992/2968/636
f 993/2969/637 995/2970/637 996/2971/637 994/2972/637
f 995/2973/638 997/2974/638 998/2975/638 996/2976/638
f 997/2977/639 999/2978/639 1000/2979/639 998/2980/639
f 999/2981/640 985/2982/640 986/2983/640 1000/2984/640
f 999/2985/641 997/2986/641 995/2987/641 993/2988/641 991/2989/641 989/2990/641 987/2991/641 985/2992/641
f 986/2993/642 988/2994/642 990/2995/642 992/2996/642 994/2997/642 996/2998/642 998/2999/642 1000/3000/642
f 1001/3001/643 1003/3002/643 1004/3003/643 1002/3004/643
f 1003/3005/644 1005/3006/644 1006/3007/644 1004/3008/644
f 1005/3009/645 1007/3010/645 1008/3011/645 1006/3012/645
f 1007/3013/646 1009/3014/646 1010/3015/646 1008/3016/646
f 1009/3017/647 1011/3018/647 1012/3019/647 1010/3020/647
f 1011/3021/648 1013/3022/648 1014/3023/648 1012/3024/648
f 1013/3025/649 1015/3026/649 1016/3027/649 1014/3028/649
f 1015/3029/650 1001/3030/650 1002/3031/650 1016/3032/650
f 1015/3033/651 1013/3034/651 1011/3035/651 1009/3036/651 1007/3037/651 1005/3038/651 1003/3039/651 1001/3040/651
f 1002/3041/652 1004/3042/652 1006/3043/652 1008/3044/652 1010/3045/652 1012/3046/652 1014/3047/652 1016/3048/652
f 1017/3049/653 1019/3050/653 1020/3051/653 1018/3052/653
f 1019/3053/654 1021/3054/654 1022/3055/654 1020/3056/654
f 1021/3057/655 1023/3058/655 1024/3059/655 1022/3060/655
f 1023/3061/656 1025/3062/656 1026/3063/656 1024/3064/656
f 1025/3065/657 1027/3066/657 1028/3067/657 1026/3068/657
f 1027/3069/658 1029/3070/658 1030/3071/658 1028/3072/658
f 1029/3073/659 1031/3074/659 1032/3075/659 1030/3076/659
f 1031/3077/660 1017/3078/660 1018/3079/660 1032/3080/660
f 1031/3081/661 1029/3082/661 1027/3083/661 1025/3084/661 1023/3085/661 1021/3086/661 1019/3087/661 1017/3088/661
f 1018/3089/662 1020/3090/662 1022/3091/662 1024/3092/662 1026/3093/662 1028/3094/662 1030/3095/662 1032/3096/662
f 1033/3097/663 1035/3098/663 1036/3099/663 1034/3100/663
f 1035/3101/664 1037/3102/664 1038/3103/664 1036/3104/664
f 1037/3105/665 1039/3106/665 1040/3107/665 1038/3108/665
f 1039/3109/666 1041/3110/666 1042/3111/666 1040/3112/666
f 1041/3113/667 1043/3114/667 1044/3115/667 1042/3116/667
f 1043/3117/668 1045/3118/668 1046/3119/668 1044/3120/668
f 1045/3121/669 1047/3122/669 1048/3123/669 1046/3124/669
f 1047/3125/670 1033/3126/670 1034/3127/670 1048/3128/670
f 1047/3129/671 1045/3130/671 1043/3131/671 1041/3132/671 1039/3133/671 1037/3134/671 1035/3135/671 1033/3136/671
f 1034/3137/672 1036/3138/672 1038/3139/672 1040/3140/672 1042/3141/672 1044/3142/672 1046/3143/672 1048/3144/672
f 1049/3145/673 1051/3146/673 1052/3147/673 1050/3148/673
f 1051/3149/674 1053/3150/674 1054/3151/674 1052/3152/674
f 1053/3153/675 1055/3154/675 1056/3155/675 1054/3156/675
f 1055/3157/676 1057/3158/676 1058/3159/676 1056/3160/676
f 1057/3161/677 1059/3162/677 1060/3163/677 1058/3164/677
f 1059/3165/678 1061/3166/678 1062/3167/678 1060/3168/678
f 1061/3169/679 1063/3170/679 1064/3171/679 1062/3172/679
f 1063/3173/680 1049/3174/680 1050/3175/680 1064/3176/680
f 1063/3177/681 1061/3178/681 1059/3179/681 1057/3180/681 1055/3181/681 1053/3182/681 1051/3183/681 1049/3184/681
f 1050/3185/682 1052/3186/682 1054/3187/682 1056/3188/682 1058/3189/682 1060/3190/682 1062/3191/682 1064/3192/682
f 1065/3193/683 1067/3194/683 1068/3195/683 1066/3196/683
f 1067/3197/684 1069/3198/684 1070/3199/684 1068/3200/684
f 1069/3201/685 1071/3202/685 1072/3203/685 1070/3204/685
f 1071/3205/686 1073/3206/686 1074/3207/686 1072/3208/686
f 1073/3209/687 1075/3210/687 1076/3211/687 1074/3212/687
f 1075/3213/688 1077/3214/688 1078/3215/688 1076/3216/688
f 1077/3217/689 1079/3218/689 1080/3219/689 1078/3220/689
f 1079/3221/690 1081/3222/690 1082/3223/690 1080/3224/690
f 1081/3225/691 1083/3226/691 1084/3227/691 1082/3228/691
f 1083/3229/692 1085/3230/692 1086/3231/692 1084/3232/692
f 1085/3233/693 1087/3234/693 1088/3235/693 1086/3236/693
f 1087/3237/694 1065/3238/694 1066/3239/694 1088/3240/694
f 1087/3241/695 1085/3242/695 1083/3243/695 1081/3244/695 1079/3245/695 1077/3246/695 1075/3247/695 1073/3248/695 1071/3249/695 1069/3250/695 1067/3251/695 1065/3252/695
f 1066/3253/696 1068/3254/696 1070/3255/696 1072/3256/696 1074/3257/696 1076/3258/696 1078/3259/696 1080/3260/696 1082/3261/696 1084/3262/696 1086/3263/696 1088/3264/696
f 1089/3265/697 1091/3266/697 1092/3267/697 1090/3268/697
f 1091/3269/698 1093/3270/698 1094/3271/698 1092/3272/698
f 1093/3273/699 1095/3274/699 1096/3275/699 1094/3276/699
f 1095/3277/700 1097/3278/700 1098/3279/700 1096/3280/700
f 1097/3281/701 1099/3282/701 1100/3283/701 1098/3284/701
f 1099/3285/702 1101/3286/702 1102/3287/702 1100/3288/702
f 1101/3289/703 1103/3290/703 1104/3291/703 1102/3292/703
f 1103/3293/704 1105/3294/704 1106/3295/704 1104/3296/704
f 1105/3297/705 1107/3298/705 1108/3299/705 1106/3300/705
f 1107/3301/706 1109/3302/706 1110/3303/706 1108/3304/706
f 1109/3305/707 1111/3306/707 1112/3307/707 1110/3308/707
f 1111/3309/708 1089/3310/708 1090/3311/708 1112/3312/708
f 1111/3313/709 1109/3314/709 1107/3315/709 1105/3316/709 1103/3317/709 1101/3318/709 1099/3319/709 1097/3320/709 1095/3321/709 1093/3322/709 1091/3323/709 1089/3324/709
f 1090/3325/710 1092/3326/710 1094/3327/710 1096/3328/710 1098/3329/710 1100/3330/710 1102/3331/710 1104/3332/710 1106/3333/710 1108/3334/710 1110/3335/710 1112/3336/710
usemtl rubber_dark
f 1113/3337/711 1115/3338/711 1116/3339/711 1114/3340/711
f 1115/3341/712 1117/3342/712 1118/3343/712 1116/3344/712
f 1117/3345/713 1119/3346/713 1120/3347/713 1118/3348/713
f 1119/3349/714 1121/3350/714 1122/3351/714 1120/3352/714
f 1121/3353/715 1123/3354/715 1124/3355/715 1122/3356/715
f 1123/3357/716 1125/3358/716 1126/3359/716 1124/3360/716
f 1125/3361/717 1127/3362/717 1128/3363/717 1126/3364/717
f 1127/3365/718 1129/3366/718 1130/3367/718 1128/3368/718
f 1129/3369/719 1131/3370/719 1132/3371/719 1130/3372/719
f 1131/3373/720 1133/3374/720 1134/3375/720 1132/3376/720
f 1133/3377/721 1135/3378/721 1136/3379/721 1134/3380/721
f 1135/3381/722 1113/3382/722 1114/3383/722 1136/3384/722
f 1135/3385/723 1133/3386/723 1131/3387/723 1129/3388/723 1127/3389/723 1125/3390/723 1123/3391/723 1121/3392/723 1119/3393/723 1117/3394/723 1115/3395/723 1113/3396/723
f 1114/3397/724 1116/3398/724 1118/3399/724 1120/3400/724 1122/3401/724 1124/3402/724 1126/3403/724 1128/3404/724 1130/3405/724 1132/3406/724 1134/3407/724 1136/3408/724
f 1137/3409/725 1139/3410/725 1140/3411/725 1138/3412/725
f 1139/3413/726 1141/3414/726 1142/3415/726 1140/3416/726
f 1141/3417/727 1143/3418/727 1144/3419/727 1142/3420/727
f 1143/3421/728 1145/3422/728 1146/3423/728 1144/3424/728
f 1145/3425/729 1147/3426/729 1148/3427/729 1146/3428/729
f 1147/3429/730 1149/3430/730 1150/3431/730 1148/3432/730
f 1149/3433/731 1151/3434/731 1152/3435/731 1150/3436/731
f 1151/3437/732 1153/3438/732 1154/3439/732 1152/3440/732
f 1153/3441/733 1155/3442/733 1156/3443/733 1154/3444/733
f 1155/3445/734 1157/3446/734 1158/3447/734 1156/3448/734
f 1157/3449/735 1159/3450/735 1160/3451/735 1158/3452/735
f 1159/3453/736 1137/3454/736 1138/3455/736 1160/3456/736
f 1159/3457/737 1157/3458/737 1155/3459/737 1153/3460/737 1151/3461/737 1149/3462/737 1147/3463/737 1145/3464/737 1143/3465/737 1141/3466/737 1139/3467/737 1137/3468/737
f 1138/3469/738 1140/3470/738 1142/3471/738 1144/3472/738 1146/3473/738 1148/3474/738 1150/3475/738 1152/3476/738 1154/3477/738 1156/3478/738 1158/3479/738 1160/3480/738
usemtl metal
f 1161/3481/739 1163/3482/739 1164/3483/739 1162/3484/739
f 1163/3485/740 1165/3486/740 1166/3487/740 1164/3488/740
f 1165/3489/741 1167/3490/741 1168/3491/741 1166/3492/741
f 1167/3493/742 1169/3494/742 1170/3495/742 1168/3496/742
f 1169/3497/743 1171/3498/743 1172/3499/743 1170/3500/743
f 1171/3501/744 1173/3502/744 1174/3503/744 1172/3504/744
f 1173/3505/745 1175/3506/745 1176/3507/745 1174/3508/745
f 1175/3509/746 1177/3510/746 1178/3511/746 1176/3512/746
f 1177/3513/747 1179/3514/747 1180/3515/747 1178/3516/747
f 1179/3517/748 1181/3518/748 1182/3519/748 1180/3520/748
f 1181/3521/749 1183/3522/749 1184/3523/749 1182/3524/749
f 1183/3525/750 1161/3526/750 1162/3527/750 1184/3528/750
f 1183/3529/751 1181/3530/751 1179/3531/751 1177/3532/751 1175/3533/751 1173/3534/751 1171/3535/751 1169/3536/751 1167/3537/751 1165/3538/751 1163/3539/751 1161/3540/751
f 1162/3541/752 1164/3542/752 1166/3543/752 1168/3544/752 1170/3545/752 1172/3546/752 1174/3547/752 1176/3548/752 1178/3549/752 1180/3550/752 1182/3551/752 1184/3552/752
f 1185/3553/753 1187/3554/753 1188/3555/753 1186/3556/753
f 1187/3557/754 1189/3558/754 1190/3559/754 1188/3560/754
f 1189/3561/755 1191/3562/755 1192/3563/755 1190/3564/755
f 1191/3565/756 1193/3566/756 1194/3567/756 1192/3568/756
f 1193/3569/757 1195/3570/757 1196/3571/757 1194/3572/757
f 1195/3573/758 1197/3574/758 1198/3575/758 1196/3576/758
f 1197/3577/759 1199/3578/759 1200/3579/759 1198/3580/759
f 1199/3581/760 1201/3582/760 1202/3583/760 1200/3584/760
f 1201/3585/761 1203/3586/761 1204/3587/761 1202/3588/761
f 1203/3589/762 1205/3590/762 1206/3591/762 1204/3592/762
f 1205/3593/763 1207/3594/763 1208/3595/763 1206/3596/763
f 1207/3597/764 1185/3598/764 1186/3599/764 1208/3600/764
f 1207/3601/765 1205/3602/765 1203/3603/765 1201/3604/765 1199/3605/765 1197/3606/765 1195/3607/765 1193/3608/765 1191/3609/765 1189/3610/765 1187/3611/765 1185/3612/765
f 1186/3613/766 1188/3614/766 1190/3615/766 1192/3616/766 1194/3617/766 1196/3618/766 1198/3619/766 1200/3620/766 1202/3621/766 1204/3622/766 1206/3623/766 1208/3624/766
usemtl rubber_dark
f 1209/3625/767 1211/3626/767 1212/3627/767 1210/3628/767
f 1211/3629/768 1213/3630/768 1214/3631/768 1212/3632/768
f 1213/3633/769 1215/3634/769 1216/3635/769 1214/3636/769
f 1215/3637/770 1217/3638/770 1218/3639/770 1216/3640/770
f 1217/3641/771 1219/3642/771 1220/3643/771 1218/3644/771
f 1219/3645/772 1221/3646/772 1222/3647/772 1220/3648/772
f 1221/3649/773 1223/3650/773 1224/3651/773 1222/3652/773
f 1223/3653/774 1225/3654/774 1226/3655/774 1224/3656/774
f 1225/3657/775 1227/3658/775 1228/3659/775 1226/3660/775
f 1227/3661/776 1229/3662/776 1230/3663/776 1228/3664/776
f 1229/3665/777 1231/3666/777 1232/3667/777 1230/3668/777
f 1231/3669/778 1209/3670/778 1210/3671/778 1232/3672/778
f 1231/3673/779 1229/3674/779 1227/3675/779 1225/3676/779 1223/3677/779 1221/3678/779 1219/3679/779 1217/3680/779 1215/3681/779 1213/3682/779 1211/3683/779 1209/3684/779
f 1210/3685/780 1212/3686/780 1214/3687/780 1216/3688/780 1218/3689/780 1220/3690/780 1222/3691/780 1224/3692/780 1226/3693/780 1228/3694/780 1230/3695/780 1232/3696/780
f 1233/3697/781 1235/3698/781 1236/3699/781 1234/3700/781
f 1235/3701/782 1237/3702/782 1238/3703/782 1236/3704/782
f 1237/3705/783 1239/3706/783 1240/3707/783 1238/3708/783
f 1239/3709/784 1241/3710/784 1242/3711/784 1240/3712/784
f 1241/3713/785 1243/3714/785 1244/3715/785 1242/3716/785
f 1243/3717/786 1245/3718/786 1246/3719/786 1244/3720/786
f 1245/3721/787 1247/3722/787 1248/3723/787 1246/3724/787
f 1247/3725/788 1249/3726/788 1250/3727/788 1248/3728/788
f 1249/3729/789 1251/3730/789 1252/3731/789 1250/3732/789
f 1251/3733/790 1253/3734/790 1254/3735/790 1252/3736/790
f 1253/3737/791 1255/3738/791 1256/3739/791 1254/3740/791
f 1255/3741/792 1233/3742/792 1234/3743/792 1256/3744/792
f 1255/3745/793 1253/3746/793 1251/3747/793 1249/3748/793 1247/3749/793 1245/3750/793 1243/3751/793 1241/3752/793 1239/3753/793 1237/3754/793 1235/3755/793 1233/3756/793
f 1234/3757/794 1236/3758/794 1238/3759/794 1240/3760/794 1242/3761/794 1244/3762/794 1246/3763/794 1248/3764/794 1250/3765/794 1252/3766/794 1254/3767/794 1256/3768/794
