# Generated by tools/generate_hospital_ward_assets.py
mtllib hospital_ward_materials.mtl
o ward_medical_headwall
v -0.820750 1.310000 -0.032500
v 0.820750 1.310000 -0.032500
v 0.820750 1.650000 -0.032500
v -0.820750 1.650000 -0.032500
v -0.820750 1.310000 0.032500
v 0.820750 1.310000 0.032500
v 0.820750 1.650000 0.032500
v -0.820750 1.650000 0.032500
v -0.850000 1.310000 -0.003250
v 0.850000 1.310000 -0.003250
v 0.850000 1.650000 -0.003250
v -0.850000 1.650000 -0.003250
v -0.850000 1.310000 0.003250
v 0.850000 1.310000 0.003250
v 0.850000 1.650000 0.003250
v -0.850000 1.650000 0.003250
v -0.791500 1.310000 -0.003250
v -0.791500 1.650000 -0.003250
v -0.800067 1.310000 0.017433
v -0.800067 1.650000 0.017433
v -0.820750 1.310000 0.026000
v -0.820750 1.650000 0.026000
v -0.841433 1.310000 0.017433
v -0.841433 1.650000 0.017433
v -0.850000 1.310000 -0.003250
v -0.850000 1.650000 -0.003250
v -0.841433 1.310000 -0.023933
v -0.841433 1.650000 -0.023933
v -0.820750 1.310000 -0.032500
v -0.820750 1.650000 -0.032500
v -0.800067 1.310000 -0.023933
v -0.800067 1.650000 -0.023933
v -0.791500 1.310000 0.003250
v -0.791500 1.650000 0.003250
v -0.800067 1.310000 0.023933
v -0.800067 1.650000 0.023933
v -0.820750 1.310000 0.032500
v -0.820750 1.650000 0.032500
v -0.841433 1.310000 0.023933
v -0.841433 1.650000 0.023933
v -0.850000 1.310000 0.003250
v -0.850000 1.650000 0.003250
v -0.841433 1.310000 -0.017433
v -0.841433 1.650000 -0.017433
v -0.820750 1.310000 -0.026000
v -0.820750 1.650000 -0.026000
v -0.800067 1.310000 -0.017433
v -0.800067 1.650000 -0.017433
v 0.850000 1.310000 -0.003250
v 0.850000 1.650000 -0.003250
v 0.841433 1.310000 0.017433
v 0.841433 1.650000 0.017433
v 0.820750 1.310000 0.026000
v 0.820750 1.650000 0.026000
v 0.800067 1.310000 0.017433
v 0.800067 1.650000 0.017433
v 0.791500 1.310000 -0.003250
v 0.791500 1.650000 -0.003250
v 0.800067 1.310000 -0.023933
v 0.800067 1.650000 -0.023933
v 0.820750 1.310000 -0.032500
v 0.820750 1.650000 -0.032500
v 0.841433 1.310000 -0.023933
v 0.841433 1.650000 -0.023933
v 0.850000 1.310000 0.003250
v 0.850000 1.650000 0.003250
v 0.841433 1.310000 0.023933
v 0.841433 1.650000 0.023933
v 0.820750 1.310000 0.032500
v 0.820750 1.650000 0.032500
v 0.800067 1.310000 0.023933
v 0.800067 1.650000 0.023933
v 0.791500 1.310000 0.003250
v 0.791500 1.650000 0.003250
v 0.800067 1.310000 -0.017433
v 0.800067 1.650000 -0.017433
v 0.820750 1.310000 -0.026000
v 0.820750 1.650000 -0.026000
v 0.841433 1.310000 -0.017433
v 0.841433 1.650000 -0.017433
v -0.780000 1.660000 -0.013000
v 0.780000 1.660000 -0.013000
v -0.780000 1.641191 -0.019111
v 0.780000 1.641191 -0.019111
v -0.780000 1.629566 -0.035111
v 0.780000 1.629566 -0.035111
v -0.780000 1.629566 -0.054889
v 0.780000 1.629566 -0.054889
v -0.780000 1.641191 -0.070889
v 0.780000 1.641191 -0.070889
v -0.780000 1.660000 -0.077000
v 0.780000 1.660000 -0.077000
v -0.780000 1.678809 -0.070889
v 0.780000 1.678809 -0.070889
v -0.780000 1.690434 -0.054889
v 0.780000 1.690434 -0.054889
v -0.780000 1.690434 -0.035111
v 0.780000 1.690434 -0.035111
v -0.780000 1.678809 -0.019111
v 0.780000 1.678809 -0.019111
v -0.740000 1.300000 -0.015000
v 0.740000 1.300000 -0.015000
v -0.740000 1.282366 -0.020729
v 0.740000 1.282366 -0.020729
v -0.740000 1.271468 -0.035729
v 0.740000 1.271468 -0.035729
v -0.740000 1.271468 -0.054271
v 0.740000 1.271468 -0.054271
v -0.740000 1.282366 -0.069271
v 0.740000 1.282366 -0.069271
v -0.740000 1.300000 -0.075000
v 0.740000 1.300000 -0.075000
v -0.740000 1.317634 -0.069271
v 0.740000 1.317634 -0.069271
v -0.740000 1.328532 -0.054271
v 0.740000 1.328532 -0.054271
v -0.740000 1.328532 -0.035729
v 0.740000 1.328532 -0.035729
v -0.740000 1.317634 -0.020729
v 0.740000 1.317634 -0.020729
v -0.625800 1.442500 -0.071000
v -0.534200 1.442500 -0.071000
v -0.534200 1.557500 -0.071000
v -0.625800 1.557500 -0.071000
v -0.625800 1.442500 -0.045000
v -0.534200 1.442500 -0.045000
v -0.534200 1.557500 -0.045000
v -0.625800 1.557500 -0.045000
v -0.637500 1.442500 -0.059300
v -0.522500 1.442500 -0.059300
v -0.522500 1.557500 -0.059300
v -0.637500 1.557500 -0.059300
v -0.637500 1.442500 -0.056700
v -0.522500 1.442500 -0.056700
v -0.522500 1.557500 -0.056700
v -0.637500 1.557500 -0.056700
v -0.614100 1.442500 -0.059300
v -0.614100 1.557500 -0.059300
v -0.617527 1.442500 -0.051027
v -0.617527 1.557500 -0.051027
v -0.625800 1.442500 -0.047600
v -0.625800 1.557500 -0.047600
v -0.634073 1.442500 -0.051027
v -0.634073 1.557500 -0.051027
v -0.637500 1.442500 -0.059300
v -0.637500 1.557500 -0.059300
v -0.634073 1.442500 -0.067573
v -0.634073 1.557500 -0.067573
v -0.625800 1.442500 -0.071000
v -0.625800 1.557500 -0.071000
v -0.617527 1.442500 -0.067573
v -0.617527 1.557500 -0.067573
v -0.614100 1.442500 -0.056700
v -0.614100 1.557500 -0.056700
v -0.617527 1.442500 -0.048427
v -0.617527 1.557500 -0.048427
v -0.625800 1.442500 -0.045000
v -0.625800 1.557500 -0.045000
v -0.634073 1.442500 -0.048427
v -0.634073 1.557500 -0.048427
v -0.637500 1.442500 -0.056700
v -0.637500 1.557500 -0.056700
v -0.634073 1.442500 -0.064973
v -0.634073 1.557500 -0.064973
v -0.625800 1.442500 -0.068400
v -0.625800 1.557500 -0.068400
v -0.617527 1.442500 -0.064973
v -0.617527 1.557500 -0.064973
v -0.522500 1.442500 -0.059300
v -0.522500 1.557500 -0.059300
v -0.525927 1.442500 -0.051027
v -0.525927 1.557500 -0.051027
v -0.534200 1.442500 -0.047600
v -0.534200 1.557500 -0.047600
v -0.542473 1.442500 -0.051027
v -0.542473 1.557500 -0.051027
v -0.545900 1.442500 -0.059300
v -0.545900 1.557500 -0.059300
v -0.542473 1.442500 -0.067573
v -0.542473 1.557500 -0.067573
v -0.534200 1.442500 -0.071000
v -0.534200 1.557500 -0.071000
v -0.525927 1.442500 -0.067573
v -0.525927 1.557500 -0.067573
v -0.522500 1.442500 -0.056700
v -0.522500 1.557500 -0.056700
v -0.525927 1.442500 -0.048427
v -0.525927 1.557500 -0.048427
v -0.534200 1.442500 -0.045000
v -0.534200 1.557500 -0.045000
v -0.542473 1.442500 -0.048427
v -0.542473 1.557500 -0.048427
v -0.545900 1.442500 -0.056700
v -0.545900 1.557500 -0.056700
v -0.542473 1.442500 -0.064973
v -0.542473 1.557500 -0.064973
v -0.534200 1.442500 -0.068400
v -0.534200 1.557500 -0.068400
v -0.525927 1.442500 -0.064973
v -0.525927 1.557500 -0.064973
v -0.540000 1.490000 -0.074000
v -0.540000 1.510000 -0.074000
v -0.543961 1.490000 -0.056645
v -0.543961 1.510000 -0.056645
v -0.555060 1.490000 -0.042727
v -0.555060 1.510000 -0.042727
v -0.571099 1.490000 -0.035003
v -0.571099 1.510000 -0.035003
v -0.588901 1.490000 -0.035003
v -0.588901 1.510000 -0.035003
v -0.604940 1.490000 -0.042727
v -0.604940 1.510000 -0.042727
v -0.616039 1.490000 -0.056645
v -0.616039 1.510000 -0.056645
v -0.620000 1.490000 -0.074000
v -0.620000 1.510000 -0.074000
v -0.616039 1.490000 -0.091355
v -0.616039 1.510000 -0.091355
v -0.604940 1.490000 -0.105273
v -0.604940 1.510000 -0.105273
v -0.588901 1.490000 -0.112997
v -0.588901 1.510000 -0.112997
v -0.571099 1.490000 -0.112997
v -0.571099 1.510000 -0.112997
v -0.555060 1.490000 -0.105273
v -0.555060 1.510000 -0.105273
v -0.543961 1.490000 -0.091355
v -0.543961 1.510000 -0.091355
v -0.635000 1.592500 -0.069000
v -0.525000 1.592500 -0.069000
v -0.525000 1.627500 -0.069000
v -0.635000 1.627500 -0.069000
v -0.635000 1.592500 -0.051000
v -0.525000 1.592500 -0.051000
v -0.525000 1.627500 -0.051000
v -0.635000 1.627500 -0.051000
v -0.445800 1.442500 -0.071000
v -0.354200 1.442500 -0.071000
v -0.354200 1.557500 -0.071000
v -0.445800 1.557500 -0.071000
v -0.445800 1.442500 -0.045000
v -0.354200 1.442500 -0.045000
v -0.354200 1.557500 -0.045000
v -0.445800 1.557500 -0.045000
v -0.457500 1.442500 -0.059300
v -0.342500 1.442500 -0.059300
v -0.342500 1.557500 -0.059300
v -0.457500 1.557500 -0.059300
v -0.457500 1.442500 -0.056700
v -0.342500 1.442500 -0.056700
v -0.342500 1.557500 -0.056700
v -0.457500 1.557500 -0.056700
v -0.434100 1.442500 -0.059300
v -0.434100 1.557500 -0.059300
v -0.437527 1.442500 -0.051027
v -0.437527 1.557500 -0.051027
v -0.445800 1.442500 -0.047600
v -0.445800 1.557500 -0.047600
v -0.454073 1.442500 -0.051027
v -0.454073 1.557500 -0.051027
v -0.457500 1.442500 -0.059300
v -0.457500 1.557500 -0.059300
v -0.454073 1.442500 -0.067573
v -0.454073 1.557500 -0.067573
v -0.445800 1.442500 -0.071000
v -0.445800 1.557500 -0.071000
v -0.437527 1.442500 -0.067573
v -0.437527 1.557500 -0.067573
v -0.434100 1.442500 -0.056700
v -0.434100 1.557500 -0.056700
v -0.437527 1.442500 -0.048427
v -0.437527 1.557500 -0.048427
v -0.445800 1.442500 -0.045000
v -0.445800 1.557500 -0.045000
v -0.454073 1.442500 -0.048427
v -0.454073 1.557500 -0.048427
v -0.457500 1.442500 -0.056700
v -0.457500 1.557500 -0.056700
v -0.454073 1.442500 -0.064973
v -0.454073 1.557500 -0.064973
v -0.445800 1.442500 -0.068400
v -0.445800 1.557500 -0.068400
v -0.437527 1.442500 -0.064973
v -0.437527 1.557500 -0.064973
v -0.342500 1.442500 -0.059300
v -0.342500 1.557500 -0.059300
v -0.345927 1.442500 -0.051027
v -0.345927 1.557500 -0.051027
v -0.354200 1.442500 -0.047600
v -0.354200 1.557500 -0.047600
v -0.362473 1.442500 -0.051027
v -0.362473 1.557500 -0.051027
v -0.365900 1.442500 -0.059300
v -0.365900 1.557500 -0.059300
v -0.362473 1.442500 -0.067573
v -0.362473 1.557500 -0.067573
v -0.354200 1.442500 -0.071000
v -0.354200 1.557500 -0.071000
v -0.345927 1.442500 -0.067573
v -0.345927 1.557500 -0.067573
v -0.342500 1.442500 -0.056700
v -0.342500 1.557500 -0.056700
v -0.345927 1.442500 -0.048427
v -0.345927 1.557500 -0.048427
v -0.354200 1.442500 -0.045000
v -0.354200 1.557500 -0.045000
v -0.362473 1.442500 -0.048427
v -0.362473 1.557500 -0.048427
v -0.365900 1.442500 -0.056700
v -0.365900 1.557500 -0.056700
v -0.362473 1.442500 -0.064973
v -0.362473 1.557500 -0.064973
v -0.354200 1.442500 -0.068400
v -0.354200 1.557500 -0.068400
v -0.345927 1.442500 -0.064973
v -0.345927 1.557500 -0.064973
v -0.360000 1.490000 -0.074000
v -0.360000 1.510000 -0.074000
v -0.363961 1.490000 -0.056645
v -0.363961 1.510000 -0.056645
v -0.375060 1.490000 -0.042727
v -0.375060 1.510000 -0.042727
v -0.391099 1.490000 -0.035003
v -0.391099 1.510000 -0.035003
v -0.408901 1.490000 -0.035003
v -0.408901 1.510000 -0.035003
v -0.424940 1.490000 -0.042727
v -0.424940 1.510000 -0.042727
v -0.436039 1.490000 -0.056645
v -0.436039 1.510000 -0.056645
v -0.440000 1.490000 -0.074000
v -0.440000 1.510000 -0.074000
v -0.436039 1.490000 -0.091355
v -0.436039 1.510000 -0.091355
v -0.424940 1.490000 -0.105273
v -0.424940 1.510000 -0.105273
v -0.408901 1.490000 -0.112997
v -0.408901 1.510000 -0.112997
v -0.391099 1.490000 -0.112997
v -0.391099 1.510000 -0.112997
v -0.375060 1.490000 -0.105273
v -0.375060 1.510000 -0.105273
v -0.363961 1.490000 -0.091355
v -0.363961 1.510000 -0.091355
v -0.455000 1.592500 -0.069000
v -0.345000 1.592500 -0.069000
v -0.345000 1.627500 -0.069000
v -0.455000 1.627500 -0.069000
v -0.455000 1.592500 -0.051000
v -0.345000 1.592500 -0.051000
v -0.345000 1.627500 -0.051000
v -0.455000 1.627500 -0.051000
v -0.265800 1.442500 -0.071000
v -0.174200 1.442500 -0.071000
v -0.174200 1.557500 -0.071000
v -0.265800 1.557500 -0.071000
v -0.265800 1.442500 -0.045000
v -0.174200 1.442500 -0.045000
v -0.174200 1.557500 -0.045000
v -0.265800 1.557500 -0.045000
v -0.277500 1.442500 -0.059300
v -0.162500 1.442500 -0.059300
v -0.162500 1.557500 -0.059300
v -0.277500 1.557500 -0.059300
v -0.277500 1.442500 -0.056700
v -0.162500 1.442500 -0.056700
v -0.162500 1.557500 -0.056700
v -0.277500 1.557500 -0.056700
v -0.254100 1.442500 -0.059300
v -0.254100 1.557500 -0.059300
v -0.257527 1.442500 -0.051027
v -0.257527 1.557500 -0.051027
v -0.265800 1.442500 -0.047600
v -0.265800 1.557500 -0.047600
v -0.274073 1.442500 -0.051027
v -0.274073 1.557500 -0.051027
v -0.277500 1.442500 -0.059300
v -0.277500 1.557500 -0.059300
v -0.274073 1.442500 -0.067573
v -0.274073 1.557500 -0.067573
v -0.265800 1.442500 -0.071000
v -0.265800 1.557500 -0.071000
v -0.257527 1.442500 -0.067573
v -0.257527 1.557500 -0.067573
v -0.254100 1.442500 -0.056700
v -0.254100 1.557500 -0.056700
v -0.257527 1.442500 -0.048427
v -0.257527 1.557500 -0.048427
v -0.265800 1.442500 -0.045000
v -0.265800 1.557500 -0.045000
v -0.274073 1.442500 -0.048427
v -0.274073 1.557500 -0.048427
v -0.277500 1.442500 -0.056700
v -0.277500 1.557500 -0.056700
v -0.274073 1.442500 -0.064973
v -0.274073 1.557500 -0.064973
v -0.265800 1.442500 -0.068400
v -0.265800 1.557500 -0.068400
v -0.257527 1.442500 -0.064973
v -0.257527 1.557500 -0.064973
v -0.162500 1.442500 -0.059300
v -0.162500 1.557500 -0.059300
v -0.165927 1.442500 -0.051027
v -0.165927 1.557500 -0.051027
v -0.174200 1.442500 -0.047600
v -0.174200 1.557500 -0.047600
v -0.182473 1.442500 -0.051027
v -0.182473 1.557500 -0.051027
v -0.185900 1.442500 -0.059300
v -0.185900 1.557500 -0.059300
v -0.182473 1.442500 -0.067573
v -0.182473 1.557500 -0.067573
v -0.174200 1.442500 -0.071000
v -0.174200 1.557500 -0.071000
v -0.165927 1.442500 -0.067573
v -0.165927 1.557500 -0.067573
v -0.162500 1.442500 -0.056700
v -0.162500 1.557500 -0.056700
v -0.165927 1.442500 -0.048427
v -0.165927 1.557500 -0.048427
v -0.174200 1.442500 -0.045000
v -0.174200 1.557500 -0.045000
v -0.182473 1.442500 -0.048427
v -0.182473 1.557500 -0.048427
v -0.185900 1.442500 -0.056700
v -0.185900 1.557500 -0.056700
v -0.182473 1.442500 -0.064973
v -0.182473 1.557500 -0.064973
v -0.174200 1.442500 -0.068400
v -0.174200 1.557500 -0.068400
v -0.165927 1.442500 -0.064973
v -0.165927 1.557500 -0.064973
v -0.180000 1.490000 -0.074000
v -0.180000 1.510000 -0.074000
v -0.183961 1.490000 -0.056645
v -0.183961 1.510000 -0.056645
v -0.195060 1.490000 -0.042727
v -0.195060 1.510000 -0.042727
v -0.211099 1.490000 -0.035003
v -0.211099 1.510000 -0.035003
v -0.228901 1.490000 -0.035003
v -0.228901 1.510000 -0.035003
v -0.244940 1.490000 -0.042727
v -0.244940 1.510000 -0.042727
v -0.256039 1.490000 -0.056645
v -0.256039 1.510000 -0.056645
v -0.260000 1.490000 -0.074000
v -0.260000 1.510000 -0.074000
v -0.256039 1.490000 -0.091355
v -0.256039 1.510000 -0.091355
v -0.244940 1.490000 -0.105273
v -0.244940 1.510000 -0.105273
v -0.228901 1.490000 -0.112997
v -0.228901 1.510000 -0.112997
v -0.211099 1.490000 -0.112997
v -0.211099 1.510000 -0.112997
v -0.195060 1.490000 -0.105273
v -0.195060 1.510000 -0.105273
v -0.183961 1.490000 -0.091355
v -0.183961 1.510000 -0.091355
v -0.275000 1.592500 -0.069000
v -0.165000 1.592500 -0.069000
v -0.165000 1.627500 -0.069000
v -0.275000 1.627500 -0.069000
v -0.275000 1.592500 -0.051000
v -0.165000 1.592500 -0.051000
v -0.165000 1.627500 -0.051000
v -0.275000 1.627500 -0.051000
v 0.066700 1.420000 -0.071000
v 0.173300 1.420000 -0.071000
v 0.173300 1.580000 -0.071000
v 0.066700 1.580000 -0.071000
v 0.066700 1.420000 -0.045000
v 0.173300 1.420000 -0.045000
v 0.173300 1.580000 -0.045000
v 0.066700 1.580000 -0.045000
v 0.055000 1.420000 -0.059300
v 0.185000 1.420000 -0.059300
v 0.185000 1.580000 -0.059300
v 0.055000 1.580000 -0.059300
v 0.055000 1.420000 -0.056700
v 0.185000 1.420000 -0.056700
v 0.185000 1.580000 -0.056700
v 0.055000 1.580000 -0.056700
v 0.078400 1.420000 -0.059300
v 0.078400 1.580000 -0.059300
v 0.074973 1.420000 -0.051027
v 0.074973 1.580000 -0.051027
v 0.066700 1.420000 -0.047600
v 0.066700 1.580000 -0.047600
v 0.058427 1.420000 -0.051027
v 0.058427 1.580000 -0.051027
v 0.055000 1.420000 -0.059300
v 0.055000 1.580000 -0.059300
v 0.058427 1.420000 -0.067573
v 0.058427 1.580000 -0.067573
v 0.066700 1.420000 -0.071000
v 0.066700 1.580000 -0.071000
v 0.074973 1.420000 -0.067573
v 0.074973 1.580000 -0.067573
v 0.078400 1.420000 -0.056700
v 0.078400 1.580000 -0.056700
v 0.074973 1.420000 -0.048427
v 0.074973 1.580000 -0.048427
v 0.066700 1.420000 -0.045000
v 0.066700 1.580000 -0.045000
v 0.058427 1.420000 -0.048427
v 0.058427 1.580000 -0.048427
v 0.055000 1.420000 -0.056700
v 0.055000 1.580000 -0.056700
v 0.058427 1.420000 -0.064973
v 0.058427 1.580000 -0.064973
v 0.066700 1.420000 -0.068400
v 0.066700 1.580000 -0.068400
v 0.074973 1.420000 -0.064973
v 0.074973 1.580000 -0.064973
v 0.185000 1.420000 -0.059300
v 0.185000 1.580000 -0.059300
v 0.181573 1.420000 -0.051027
v 0.181573 1.580000 -0.051027
v 0.173300 1.420000 -0.047600
v 0.173300 1.580000 -0.047600
v 0.165027 1.420000 -0.051027
v 0.165027 1.580000 -0.051027
v 0.161600 1.420000 -0.059300
v 0.161600 1.580000 -0.059300
v 0.165027 1.420000 -0.067573
v 0.165027 1.580000 -0.067573
v 0.173300 1.420000 -0.071000
v 0.173300 1.580000 -0.071000
v 0.181573 1.420000 -0.067573
v 0.181573 1.580000 -0.067573
v 0.185000 1.420000 -0.056700
v 0.185000 1.580000 -0.056700
v 0.181573 1.420000 -0.048427
v 0.181573 1.580000 -0.048427
v 0.173300 1.420000 -0.045000
v 0.173300 1.580000 -0.045000
v 0.165027 1.420000 -0.048427
v 0.165027 1.580000 -0.048427
v 0.161600 1.420000 -0.056700
v 0.161600 1.580000 -0.056700
v 0.165027 1.420000 -0.064973
v 0.165027 1.580000 -0.064973
v 0.173300 1.420000 -0.068400
v 0.173300 1.580000 -0.068400
v 0.181573 1.420000 -0.064973
v 0.181573 1.580000 -0.064973
v 0.086000 1.500000 -0.082000
v 0.104000 1.500000 -0.082000
v 0.104000 1.550000 -0.082000
v 0.086000 1.550000 -0.082000
v 0.086000 1.500000 -0.072000
v 0.104000 1.500000 -0.072000
v 0.104000 1.550000 -0.072000
v 0.086000 1.550000 -0.072000
v 0.136000 1.500000 -0.082000
v 0.154000 1.500000 -0.082000
v 0.154000 1.550000 -0.082000
v 0.136000 1.550000 -0.082000
v 0.136000 1.500000 -0.072000
v 0.154000 1.500000 -0.072000
v 0.154000 1.550000 -0.072000
v 0.136000 1.550000 -0.072000
v 0.094000 1.446000 -0.082000
v 0.146000 1.446000 -0.082000
v 0.146000 1.458000 -0.082000
v 0.094000 1.458000 -0.082000
v 0.094000 1.446000 -0.072000
v 0.146000 1.446000 -0.072000
v 0.146000 1.458000 -0.072000
v 0.094000 1.458000 -0.072000
v 0.266700 1.420000 -0.071000
v 0.373300 1.420000 -0.071000
v 0.373300 1.580000 -0.071000
v 0.266700 1.580000 -0.071000
v 0.266700 1.420000 -0.045000
v 0.373300 1.420000 -0.045000
v 0.373300 1.580000 -0.045000
v 0.266700 1.580000 -0.045000
v 0.255000 1.420000 -0.059300
v 0.385000 1.420000 -0.059300
v 0.385000 1.580000 -0.059300
v 0.255000 1.580000 -0.059300
v 0.255000 1.420000 -0.056700
v 0.385000 1.420000 -0.056700
v 0.385000 1.580000 -0.056700
v 0.255000 1.580000 -0.056700
v 0.278400 1.420000 -0.059300
v 0.278400 1.580000 -0.059300
v 0.274973 1.420000 -0.051027
v 0.274973 1.580000 -0.051027
v 0.266700 1.420000 -0.047600
v 0.266700 1.580000 -0.047600
v 0.258427 1.420000 -0.051027
v 0.258427 1.580000 -0.051027
v 0.255000 1.420000 -0.059300
v 0.255000 1.580000 -0.059300
v 0.258427 1.420000 -0.067573
v 0.258427 1.580000 -0.067573
v 0.266700 1.420000 -0.071000
v 0.266700 1.580000 -0.071000
v 0.274973 1.420000 -0.067573
v 0.274973 1.580000 -0.067573
v 0.278400 1.420000 -0.056700
v 0.278400 1.580000 -0.056700
v 0.274973 1.420000 -0.048427
v 0.274973 1.580000 -0.048427
v 0.266700 1.420000 -0.045000
v 0.266700 1.580000 -0.045000
v 0.258427 1.420000 -0.048427
v 0.258427 1.580000 -0.048427
v 0.255000 1.420000 -0.056700
v 0.255000 1.580000 -0.056700
v 0.258427 1.420000 -0.064973
v 0.258427 1.580000 -0.064973
v 0.266700 1.420000 -0.068400
v 0.266700 1.580000 -0.068400
v 0.274973 1.420000 -0.064973
v 0.274973 1.580000 -0.064973
v 0.385000 1.420000 -0.059300
v 0.385000 1.580000 -0.059300
v 0.381573 1.420000 -0.051027
v 0.381573 1.580000 -0.051027
v 0.373300 1.420000 -0.047600
v 0.373300 1.580000 -0.047600
v 0.365027 1.420000 -0.051027
v 0.365027 1.580000 -0.051027
v 0.361600 1.420000 -0.059300
v 0.361600 1.580000 -0.059300
v 0.365027 1.420000 -0.067573
v 0.365027 1.580000 -0.067573
v 0.373300 1.420000 -0.071000
v 0.373300 1.580000 -0.071000
v 0.381573 1.420000 -0.067573
v 0.381573 1.580000 -0.067573
v 0.385000 1.420000 -0.056700
v 0.385000 1.580000 -0.056700
v 0.381573 1.420000 -0.048427
v 0.381573 1.580000 -0.048427
v 0.373300 1.420000 -0.045000
v 0.373300 1.580000 -0.045000
v 0.365027 1.420000 -0.048427
v 0.365027 1.580000 -0.048427
v 0.361600 1.420000 -0.056700
v 0.361600 1.580000 -0.056700
v 0.365027 1.420000 -0.064973
v 0.365027 1.580000 -0.064973
v 0.373300 1.420000 -0.068400
v 0.373300 1.580000 -0.068400
v 0.381573 1.420000 -0.064973
v 0.381573 1.580000 -0.064973
v 0.286000 1.500000 -0.082000
v 0.304000 1.500000 -0.082000
v 0.304000 1.550000 -0.082000
v 0.286000 1.550000 -0.082000
v 0.286000 1.500000 -0.072000
v 0.304000 1.500000 -0.072000
v 0.304000 1.550000 -0.072000
v 0.286000 1.550000 -0.072000
v 0.336000 1.500000 -0.082000
v 0.354000 1.500000 -0.082000
v 0.354000 1.550000 -0.082000
v 0.336000 1.550000 -0.082000
v 0.336000 1.500000 -0.072000
v 0.354000 1.500000 -0.072000
v 0.354000 1.550000 -0.072000
v 0.336000 1.550000 -0.072000
v 0.294000 1.446000 -0.082000
v 0.346000 1.446000 -0.082000
v 0.346000 1.458000 -0.082000
v 0.294000 1.458000 -0.082000
v 0.294000 1.446000 -0.072000
v 0.346000 1.446000 -0.072000
v 0.346000 1.458000 -0.072000
v 0.294000 1.458000 -0.072000
v 0.466700 1.420000 -0.071000
v 0.573300 1.420000 -0.071000
v 0.573300 1.580000 -0.071000
v 0.466700 1.580000 -0.071000
v 0.466700 1.420000 -0.045000
v 0.573300 1.420000 -0.045000
v 0.573300 1.580000 -0.045000
v 0.466700 1.580000 -0.045000
v 0.455000 1.420000 -0.059300
v 0.585000 1.420000 -0.059300
v 0.585000 1.580000 -0.059300
v 0.455000 1.580000 -0.059300
v 0.455000 1.420000 -0.056700
v 0.585000 1.420000 -0.056700
v 0.585000 1.580000 -0.056700
v 0.455000 1.580000 -0.056700
v 0.478400 1.420000 -0.059300
v 0.478400 1.580000 -0.059300
v 0.474973 1.420000 -0.051027
v 0.474973 1.580000 -0.051027
v 0.466700 1.420000 -0.047600
v 0.466700 1.580000 -0.047600
v 0.458427 1.420000 -0.051027
v 0.458427 1.580000 -0.051027
v 0.455000 1.420000 -0.059300
v 0.455000 1.580000 -0.059300
v 0.458427 1.420000 -0.067573
v 0.458427 1.580000 -0.067573
v 0.466700 1.420000 -0.071000
v 0.466700 1.580000 -0.071000
v 0.474973 1.420000 -0.067573
v 0.474973 1.580000 -0.067573
v 0.478400 1.420000 -0.056700
v 0.478400 1.580000 -0.056700
v 0.474973 1.420000 -0.048427
v 0.474973 1.580000 -0.048427
v 0.466700 1.420000 -0.045000
v 0.466700 1.580000 -0.045000
v 0.458427 1.420000 -0.048427
v 0.458427 1.580000 -0.048427
v 0.455000 1.420000 -0.056700
v 0.455000 1.580000 -0.056700
v 0.458427 1.420000 -0.064973
v 0.458427 1.580000 -0.064973
v 0.466700 1.420000 -0.068400
v 0.466700 1.580000 -0.068400
v 0.474973 1.420000 -0.064973
v 0.474973 1.580000 -0.064973
v 0.585000 1.420000 -0.059300
v 0.585000 1.580000 -0.059300
v 0.581573 1.420000 -0.051027
v 0.581573 1.580000 -0.051027
v 0.573300 1.420000 -0.047600
v 0.573300 1.580000 -0.047600
v 0.565027 1.420000 -0.051027
v 0.565027 1.580000 -0.051027
v 0.561600 1.420000 -0.059300
v 0.561600 1.580000 -0.059300
v 0.565027 1.420000 -0.067573
v 0.565027 1.580000 -0.067573
v 0.573300 1.420000 -0.071000
v 0.573300 1.580000 -0.071000
v 0.581573 1.420000 -0.067573
v 0.581573 1.580000 -0.067573
v 0.585000 1.420000 -0.056700
v 0.585000 1.580000 -0.056700
v 0.581573 1.420000 -0.048427
v 0.581573 1.580000 -0.048427
v 0.573300 1.420000 -0.045000
v 0.573300 1.580000 -0.045000
v 0.565027 1.420000 -0.048427
v 0.565027 1.580000 -0.048427
v 0.561600 1.420000 -0.056700
v 0.561600 1.580000 -0.056700
v 0.565027 1.420000 -0.064973
v 0.565027 1.580000 -0.064973
v 0.573300 1.420000 -0.068400
v 0.573300 1.580000 -0.068400
v 0.581573 1.420000 -0.064973
v 0.581573 1.580000 -0.064973
v 0.486000 1.500000 -0.082000
v 0.504000 1.500000 -0.082000
v 0.504000 1.550000 -0.082000
v 0.486000 1.550000 -0.082000
v 0.486000 1.500000 -0.072000
v 0.504000 1.500000 -0.072000
v 0.504000 1.550000 -0.072000
v 0.486000 1.550000 -0.072000
v 0.536000 1.500000 -0.082000
v 0.554000 1.500000 -0.082000
v 0.554000 1.550000 -0.082000
v 0.536000 1.550000 -0.082000
v 0.536000 1.500000 -0.072000
v 0.554000 1.500000 -0.072000
v 0.554000 1.550000 -0.072000
v 0.536000 1.550000 -0.072000
v 0.494000 1.446000 -0.082000
v 0.546000 1.446000 -0.082000
v 0.546000 1.458000 -0.082000
v 0.494000 1.458000 -0.082000
v 0.494000 1.446000 -0.072000
v 0.546000 1.446000 -0.072000
v 0.546000 1.458000 -0.072000
v 0.494000 1.458000 -0.072000
v 0.600000 1.590000 -0.062500
v 0.800000 1.590000 -0.062500
v 0.800000 1.670000 -0.062500
v 0.600000 1.670000 -0.062500
v 0.600000 1.590000 -0.037500
v 0.800000 1.590000 -0.037500
v 0.800000 1.670000 -0.037500
v 0.600000 1.670000 -0.037500
v 0.620000 1.563000 -0.064000
v 0.760000 1.563000 -0.064000
v 0.760000 1.577000 -0.064000
v 0.620000 1.577000 -0.064000
v 0.620000 1.563000 -0.048000
v 0.760000 1.563000 -0.048000
v 0.760000 1.577000 -0.048000
v 0.620000 1.577000 -0.048000
v 0.590000 1.425000 -0.068000
v 0.810000 1.425000 -0.068000
v 0.810000 1.475000 -0.068000
v 0.590000 1.475000 -0.068000
v 0.590000 1.425000 -0.048000
v 0.810000 1.425000 -0.048000
v 0.810000 1.475000 -0.048000
v 0.590000 1.475000 -0.048000
v 0.620000 1.412000 -0.069000
v 0.780000 1.412000 -0.069000
v 0.780000 1.428000 -0.069000
v 0.620000 1.428000 -0.069000
v 0.620000 1.412000 -0.055000
v 0.780000 1.412000 -0.055000
v 0.780000 1.428000 -0.055000
v 0.620000 1.428000 -0.055000
v 0.592000 1.300000 -0.040000
v 0.572000 1.220000 -0.055000
v 0.587482 1.298321 -0.031045
v 0.567482 1.218321 -0.046045
v 0.577330 1.297906 -0.028833
v 0.557330 1.217906 -0.043833
v 0.569188 1.299068 -0.035030
v 0.549188 1.219068 -0.050030
v 0.569188 1.300932 -0.044970
v 0.549188 1.220932 -0.059970
v 0.577330 1.302094 -0.051167
v 0.557330 1.222094 -0.066167
v 0.587482 1.301679 -0.048955
v 0.567482 1.221679 -0.063955
v 0.559251 1.220000 -0.066977
v 0.479251 1.180000 -0.061977
v 0.563714 1.211605 -0.062729
v 0.483714 1.171605 -0.057729
v 0.565380 1.209532 -0.052661
v 0.485380 1.169532 -0.047661
v 0.562995 1.215341 -0.044354
v 0.482995 1.175341 -0.039354
v 0.558354 1.224659 -0.044064
v 0.478354 1.184659 -0.039064
v 0.554953 1.230468 -0.052009
v 0.474953 1.190468 -0.047009
v 0.555352 1.228395 -0.062206
v 0.475352 1.188395 -0.057206
v 0.479500 1.180000 -0.061990
v 0.359500 1.160000 -0.056990
v 0.481228 1.170745 -0.057540
v 0.361228 1.150745 -0.052540
v 0.482031 1.168460 -0.047412
v 0.362031 1.148460 -0.042412
v 0.481305 1.174864 -0.039233
v 0.361305 1.154864 -0.034233
v 0.479596 1.185136 -0.039162
v 0.359596 1.165136 -0.034162
v 0.478191 1.191540 -0.047252
v 0.358191 1.171540 -0.042252
v 0.478149 1.189255 -0.057411
v 0.358149 1.169255 -0.052411
v -0.408000 1.240000 -0.048000
v -0.388000 1.170000 -0.052000
v -0.412518 1.239485 -0.038993
v -0.392518 1.169485 -0.042993
v -0.422670 1.239358 -0.036768
v -0.402670 1.169358 -0.040768
v -0.430812 1.239714 -0.043001
v -0.410812 1.169714 -0.047001
v -0.430812 1.240286 -0.052999
v -0.410812 1.170286 -0.056999
v -0.422670 1.240642 -0.059232
v -0.402670 1.170642 -0.063232
v -0.412518 1.240515 -0.057007
v -0.392518 1.170515 -0.061007
v -0.400480 1.170000 -0.040010
v -0.300480 1.130000 -0.036010
v -0.403778 1.161288 -0.044663
v -0.303778 1.121288 -0.040663
v -0.404232 1.159136 -0.054842
v -0.304232 1.119136 -0.050842
v -0.401499 1.165165 -0.062880
v -0.301499 1.125165 -0.058880
v -0.397637 1.174835 -0.062726
v -0.297637 1.134835 -0.058726
v -0.395555 1.180864 -0.054495
v -0.295555 1.140864 -0.050495
v -0.396820 1.178712 -0.044385
v -0.296820 1.138712 -0.040385
v -0.300200 1.130000 -0.036002
v -0.180200 1.120000 -0.034002
v -0.300904 1.120650 -0.040532
v -0.180904 1.110650 -0.038532
v -0.300927 1.118341 -0.050686
v -0.180927 1.108341 -0.048686
v -0.300252 1.124811 -0.058817
v -0.180252 1.114811 -0.056817
v -0.299388 1.135189 -0.058803
v -0.179388 1.125189 -0.056803
v -0.298984 1.141659 -0.050654
v -0.178984 1.131659 -0.048654
v -0.299346 1.139350 -0.040506
v -0.179346 1.129350 -0.038506
v -0.160100 1.660000 -0.071000
v 0.120100 1.660000 -0.071000
v 0.120100 1.780000 -0.071000
v -0.160100 1.780000 -0.071000
v -0.160100 1.660000 -0.049000
v 0.120100 1.660000 -0.049000
v 0.120100 1.780000 -0.049000
v -0.160100 1.780000 -0.049000
v -0.170000 1.660000 -0.061100
v 0.130000 1.660000 -0.061100
v 0.130000 1.780000 -0.061100
v -0.170000 1.780000 -0.061100
v -0.170000 1.660000 -0.058900
v 0.130000 1.660000 -0.058900
v 0.130000 1.780000 -0.058900
v -0.170000 1.780000 -0.058900
v -0.150200 1.660000 -0.061100
v -0.150200 1.780000 -0.061100
v -0.153100 1.660000 -0.054100
v -0.153100 1.780000 -0.054100
v -0.160100 1.660000 -0.051200
v -0.160100 1.780000 -0.051200
v -0.167100 1.660000 -0.054100
v -0.167100 1.780000 -0.054100
v -0.170000 1.660000 -0.061100
v -0.170000 1.780000 -0.061100
v -0.167100 1.660000 -0.068100
v -0.167100 1.780000 -0.068100
v -0.160100 1.660000 -0.071000
v -0.160100 1.780000 -0.071000
v -0.153100 1.660000 -0.068100
v -0.153100 1.780000 -0.068100
v -0.150200 1.660000 -0.058900
v -0.150200 1.780000 -0.058900
v -0.153100 1.660000 -0.051900
v -0.153100 1.780000 -0.051900
v -0.160100 1.660000 -0.049000
v -0.160100 1.780000 -0.049000
v -0.167100 1.660000 -0.051900
v -0.167100 1.780000 -0.051900
v -0.170000 1.660000 -0.058900
v -0.170000 1.780000 -0.058900
v -0.167100 1.660000 -0.065900
v -0.167100 1.780000 -0.065900
v -0.160100 1.660000 -0.068800
v -0.160100 1.780000 -0.068800
v -0.153100 1.660000 -0.065900
v -0.153100 1.780000 -0.065900
v 0.130000 1.660000 -0.061100
v 0.130000 1.780000 -0.061100
v 0.127100 1.660000 -0.054100
v 0.127100 1.780000 -0.054100
v 0.120100 1.660000 -0.051200
v 0.120100 1.780000 -0.051200
v 0.113100 1.660000 -0.054100
v 0.113100 1.780000 -0.054100
v 0.110200 1.660000 -0.061100
v 0.110200 1.780000 -0.061100
v 0.113100 1.660000 -0.068100
v 0.113100 1.780000 -0.068100
v 0.120100 1.660000 -0.071000
v 0.120100 1.780000 -0.071000
v 0.127100 1.660000 -0.068100
v 0.127100 1.780000 -0.068100
v 0.130000 1.660000 -0.058900
v 0.130000 1.780000 -0.058900
v 0.127100 1.660000 -0.051900
v 0.127100 1.780000 -0.051900
v 0.120100 1.660000 -0.049000
v 0.120100 1.780000 -0.049000
v 0.113100 1.660000 -0.051900
v 0.113100 1.780000 -0.051900
v 0.110200 1.660000 -0.058900
v 0.110200 1.780000 -0.058900
v 0.113100 1.660000 -0.065900
v 0.113100 1.780000 -0.065900
v 0.120100 1.660000 -0.068800
v 0.120100 1.780000 -0.068800
v 0.127100 1.660000 -0.065900
v 0.127100 1.780000 -0.065900
v -0.682000 1.371000 -0.073000
v -0.682000 1.389000 -0.073000
v -0.687272 1.371000 -0.060272
v -0.687272 1.389000 -0.060272
v -0.700000 1.371000 -0.055000
v -0.700000 1.389000 -0.055000
v -0.712728 1.371000 -0.060272
v -0.712728 1.389000 -0.060272
v -0.718000 1.371000 -0.073000
v -0.718000 1.389000 -0.073000
v -0.712728 1.371000 -0.085728
v -0.712728 1.389000 -0.085728
v -0.700000 1.371000 -0.091000
v -0.700000 1.389000 -0.091000
v -0.687272 1.371000 -0.085728
v -0.687272 1.389000 -0.085728
v -0.642000 1.371000 -0.073000
v -0.642000 1.389000 -0.073000
v -0.647272 1.371000 -0.060272
v -0.647272 1.389000 -0.060272
v -0.660000 1.371000 -0.055000
v -0.660000 1.389000 -0.055000
v -0.672728 1.371000 -0.060272
v -0.672728 1.389000 -0.060272
v -0.678000 1.371000 -0.073000
v -0.678000 1.389000 -0.073000
v -0.672728 1.371000 -0.085728
v -0.672728 1.389000 -0.085728
v -0.660000 1.371000 -0.091000
v -0.660000 1.389000 -0.091000
v -0.647272 1.371000 -0.085728
v -0.647272 1.389000 -0.085728
v -0.602000 1.371000 -0.073000
v -0.602000 1.389000 -0.073000
v -0.607272 1.371000 -0.060272
v -0.607272 1.389000 -0.060272
v -0.620000 1.371000 -0.055000
v -0.620000 1.389000 -0.055000
v -0.632728 1.371000 -0.060272
v -0.632728 1.389000 -0.060272
v -0.638000 1.371000 -0.073000
v -0.638000 1.389000 -0.073000
v -0.632728 1.371000 -0.085728
v -0.632728 1.389000 -0.085728
v -0.620000 1.371000 -0.091000
v -0.620000 1.389000 -0.091000
v -0.607272 1.371000 -0.085728
v -0.607272 1.389000 -0.085728
vt 0.000000 0.000000
vt 1.000000 0.000000
vt 1.000000 1.000000
vt 0.000000 1.000000
vt 0.000000 0.000000
vt 1.000000 0.000000
vt 1.000000 1.000000
vt 0.000000 1.000000
vt 0.000000 0.000000
vt 1.000000 0.000000
vt 1.000000 1.000000
vt 0.000000 1.000000
vt 0.000000 0.000000
vt 1.000000 0.000000
vt 1.000000 1.000000
vt 0.000000 1.000000
vt 0.000000 0.000000
vt 1.000000 0.000000
vt 1.000000 1.000000
vt 0.000000 1.000000
vt 0.000000 0.000000
vt 1.000000 0.000000
vt 1.000000 1.000000
vt 0.000000 1.000000
vt 0.000000 0.000000
vt 1.000000 0.000000
vt 1.000000 1.000000
vt 0.000000 1.000000
vt 0.000000 0.000000
vt 1.000000 0.000000
vt 1.000000 1.000000
vt 0.000000 1.000000
vt 0.000000 0.000000
vt 1.000000 0.000000
vt 1.000000 1.000000
vt 0.000000 1.000000
vt 0.000000 0.000000
vt 1.000000 0.000000
vt 1.000000 1.000000
vt 0.000000 1.000000
vt 0.000000 0.000000
vt 1.000000 0.000000
vt 1.000000 1.000000
vt 0.000000 1.000000
vt 0.000000 0.000000
vt 1.000000 0.000000
vt 1.000000 1.000000
vt 0.000000 1.000000
vt 0.000000 0.000000
vt 1.000000 0.000000
vt 1.000000 1.000000
vt 0.000000 1.000000
vt 0.000000 0.000000
vt 1.000000 0.000000
vt 1.000000 1.000000
vt 0.000000 1.000000
vt 0.000000 0.000000
vt 1.000000 0.000000
vt 1.000000 1.000000
vt 0.000000 1.000000
vt 0.000000 0.000000
vt 1.000000 0.000000
vt 1.000000 1.000000
vt 0.000000 1.000000
vt 0.000000 0.000000
vt 1.000000 0.000000
vt 1.000000 1.000000
vt 0.000000 1.000000
vt 0.000000 0.000000
vt 1.000000 0.000000
vt 1.000000 1.000000
vt 0.000000 1.000000
vt 0.000000 0.000000
vt 1.000000 0.000000
vt 1.000000 1.000000
vt 0.000000 1.000000
vt 0.000000 0.000000
vt 1.000000 0.000000
vt 1.000000 1.000000
vt 0.000000 1.000000
vt 1.000000 0.500000
vt 0.853553 0.853553
vt 0.500000 1.000000
vt 0.146447 0.853553
vt 0.000000 0.500000
vt 0.146447 0.146447
vt 0.500000 0.000000
vt 0.853553 0.146447
vt 1.000000 0.500000
vt 0.853553 0.853553
vt 0.500000 1.000000
vt 0.146447 0.853553
vt 0.000000 0.500000
vt 0.146447 0.146447
vt 0.500000 0.000000
vt 0.853553 0.146447
vt 0.000000 0.000000
vt 1.000000 0.000000
vt 1.000000 1.000000
vt 0.000000 1.000000
vt 0.000000 0.000000
vt 1.000000 0.000000
vt 1.000000 1.000000
vt 0.000000 1.000000
vt 0.000000 0.000000
vt 1.000000 0.000000
vt 1.000000 1.000000
vt 0.000000 1.000000
vt 0.000000 0.000000
vt 1.000000 0.000000
vt 1.000000 1.000000
vt 0.000000 1.000000
vt 0.000000 0.000000
vt 1.000000 0.000000
vt 1.000000 1.000000
vt 0.000000 1.000000
vt 0.000000 0.000000
vt 1.000000 0.000000
vt 1.000000 1.000000
vt 0.000000 1.000000
vt 0.000000 0.000000
vt 1.000000 0.000000
vt 1.000000 1.000000
vt 0.000000 1.000000
vt 0.000000 0.000000
vt 1.000000 0.000000
vt 1.000000 1.000000
vt 0.000000 1.000000
vt 1.000000 0.500000
vt 0.853553 0.853553
vt 0.500000 1.000000
vt 0.146447 0.853553
vt 0.000000 0.500000
vt 0.146447 0.146447
vt 0.500000 0.000000
vt 0.853553 0.146447
vt 1.000000 0.500000
vt 0.853553 0.853553
vt 0.500000 1.000000
vt 0.146447 0.853553
vt 0.000000 0.500000
vt 0.146447 0.146447
vt 0.500000 0.000000
vt 0.853553 0.146447
vt 0.000000 0.000000
vt 1.000000 0.000000
vt 1.000000 1.000000
vt 0.000000 1.000000
vt 0.000000 0.000000
vt 1.000000 0.000000
vt 1.000000 1.000000
vt 0.000000 1.000000
vt 0.000000 0.000000
vt 1.000000 0.000000
vt 1.000000 1.000000
vt 0.000000 1.000000
vt 0.000000 0.000000
vt 1.000000 0.000000
vt 1.000000 1.000000
vt 0.000000 1.000000
vt 0.000000 0.000000
vt 1.000000 0.000000
vt 1.000000 1.000000
vt 0.000000 1.000000
vt 0.000000 0.000000
vt 1.000000 0.000000
vt 1.000000 1.000000
vt 0.000000 1.000000
vt 0.000000 0.000000
vt 1.000000 0.000000
vt 1.000000 1.000000
vt 0.000000 1.000000
vt 0.000000 0.000000
vt 1.000000 0.000000
vt 1.000000 1.000000
vt 0.000000 1.000000
vt 1.000000 0.500000
vt 0.853553 0.853553
vt 0.500000 1.000000
vt 0.146447 0.853553
vt 0.000000 0.500000
vt 0.146447 0.146447
vt 0.500000 0.000000
vt 0.853553 0.146447
vt 1.000000 0.500000
vt 0.853553 0.853553
vt 0.500000 1.000000
vt 0.146447 0.853553
vt 0.000000 0.500000
vt 0.146447 0.146447
vt 0.500000 0.000000
vt 0.853553 0.146447
vt 0.000000 0.000000
vt 1.000000 0.000000
vt 1.000000 1.000000
vt 0.000000 1.000000
vt 0.000000 0.000000
vt 1.000000 0.000000
vt 1.000000 1.000000
vt 0.000000 1.000000
vt 0.000000 0.000000
vt 1.000000 0.000000
vt 1.000000 1.000000
vt 0.000000 1.000000
vt 0.000000 0.000000
vt 1.000000 0.000000
vt 1.000000 1.000000
vt 0.000000 1.000000
vt 0.000000 0.000000
vt 1.000000 0.000000
vt 1.000000 1.000000
vt 0.000000 1.000000
vt 0.000000 0.000000
vt 1.000000 0.000000
vt 1.000000 1.000000
vt 0.000000 1.000000
vt 0.000000 0.000000
vt 1.000000 0.000000
vt 1.000000 1.000000
vt 0.000000 1.000000
vt 0.000000 0.000000
vt 1.000000 0.000000
vt 1.000000 1.000000
vt 0.000000 1.000000
vt 1.000000 0.500000
vt 0.853553 0.853553
vt 0.500000 1.000000
vt 0.146447 0.853553
vt 0.000000 0.500000
vt 0.146447 0.146447
vt 0.500000 0.000000
vt 0.853553 0.146447
vt 1.000000 0.500000
vt 0.853553 0.853553
vt 0.500000 1.000000
vt 0.146447 0.853553
vt 0.000000 0.500000
vt 0.146447 0.146447
vt 0.500000 0.000000
vt 0.853553 0.146447
vt 0.000000 0.000000
vt 1.000000 0.000000
vt 1.000000 1.000000
vt 0.000000 1.000000
vt 0.000000 0.000000
vt 1.000000 0.000000
vt 1.000000 1.000000
vt 0.000000 1.000000
vt 0.000000 0.000000
vt 1.000000 0.000000
vt 1.000000 1.000000
vt 0.000000 1.000000
vt 0.000000 0.000000
vt 1.000000 0.000000
vt 1.000000 1.000000
vt 0.000000 1.000000
vt 0.000000 0.000000
vt 1.000000 0.000000
vt 1.000000 1.000000
vt 0.000000 1.000000
vt 0.000000 0.000000
vt 1.000000 0.000000
vt 1.000000 1.000000
vt 0.000000 1.000000
vt 0.000000 0.000000
vt 1.000000 0.000000
vt 1.000000 1.000000
vt 0.000000 1.000000
vt 0.000000 0.000000
vt 1.000000 0.000000
vt 1.000000 1.000000
vt 0.000000 1.000000
vt 0.000000 0.000000
vt 1.000000 0.000000
vt 1.000000 1.000000
vt 0.000000 1.000000
vt 0.000000 0.000000
vt 1.000000 0.000000
vt 1.000000 1.000000
vt 0.000000 1.000000
vt 1.000000 0.500000
vt 0.904508 0.793893
vt 0.654508 0.975528
vt 0.345492 0.975528
vt 0.095492 0.793893
vt 0.000000 0.500000
vt 0.095492 0.206107
vt 0.345492 0.024472
vt 0.654508 0.024472
vt 0.904508 0.206107
vt 1.000000 0.500000
vt 0.904508 0.793893
vt 0.654508 0.975528
vt 0.345492 0.975528
vt 0.095492 0.793893
vt 0.000000 0.500000
vt 0.095492 0.206107
vt 0.345492 0.024472
vt 0.654508 0.024472
vt 0.904508 0.206107
vt 0.000000 0.000000
vt 1.000000 0.000000
vt 1.000000 1.000000
vt 0.000000 1.000000
vt 0.000000 0.000000
vt 1.000000 0.000000
vt 1.000000 1.000000
vt 0.000000 1.000000
vt 0.000000 0.000000
vt 1.000000 0.000000
vt 1.000000 1.000000
vt 0.000000 1.000000
vt 0.000000 0.000000
vt 1.000000 0.000000
vt 1.000000 1.000000
vt 0.000000 1.000000
vt 0.000000 0.000000
vt 1.000000 0.000000
vt 1.000000 1.000000
vt 0.000000 1.000000
vt 0.000000 0.000000
vt 1.000000 0.000000
vt 1.000000 1.000000
vt 0.000000 1.000000
vt 0.000000 0.000000
vt 1.000000 0.000000
vt 1.000000 1.000000
vt 0.000000 1.000000
vt 0.000000 0.000000
vt 1.000000 0.000000
vt 1.000000 1.000000
vt 0.000000 1.000000
vt 0.000000 0.000000
vt 1.000000 0.000000
vt 1.000000 1.000000
vt 0.000000 1.000000
vt 0.000000 0.000000
vt 1.000000 0.000000
vt 1.000000 1.000000
vt 0.000000 1.000000
vt 1.000000 0.500000
vt 0.904508 0.793893
vt 0.654508 0.975528
vt 0.345492 0.975528
vt 0.095492 0.793893
vt 0.000000 0.500000
vt 0.095492 0.206107
vt 0.345492 0.024472
vt 0.654508 0.024472
vt 0.904508 0.206107
vt 1.000000 0.500000
vt 0.904508 0.793893
vt 0.654508 0.975528
vt 0.345492 0.975528
vt 0.095492 0.793893
vt 0.000000 0.500000
vt 0.095492 0.206107
vt 0.345492 0.024472
vt 0.654508 0.024472
vt 0.904508 0.206107
vt 0.000000 0.000000
vt 1.000000 0.000000
vt 1.000000 1.000000
vt 0.000000 1.000000
vt 0.000000 0.000000
vt 1.000000 0.000000
vt 1.000000 1.000000
vt 0.000000 1.000000
vt 0.000000 0.000000
vt 1.000000 0.000000
vt 1.000000 1.000000
vt 0.000000 1.000000
vt 0.000000 0.000000
vt 1.000000 0.000000
vt 1.000000 1.000000
vt 0.000000 1.000000
vt 0.000000 0.000000
vt 1.000000 0.000000
vt 1.000000 1.000000
vt 0.000000 1.000000
vt 0.000000 0.000000
vt 1.000000 0.000000
vt 1.000000 1.000000
vt 0.000000 1.000000
vt 0.000000 0.000000
vt 1.000000 0.000000
vt 1.000000 1.000000
vt 0.000000 1.000000
vt 0.000000 0.000000
vt 1.000000 0.000000
vt 1.000000 1.000000
vt 0.000000 1.000000
vt 0.000000 0.000000
vt 1.000000 0.000000
vt 1.000000 1.000000
vt 0.000000 1.000000
vt 0.000000 0.000000
vt 1.000000 0.000000
vt 1.000000 1.000000
vt 0.000000 1.000000
vt 0.000000 0.000000
vt 1.000000 0.000000
vt 1.000000 1.000000
vt 0.000000 1.000000
vt 0.000000 0.000000
vt 1.000000 0.000000
vt 1.000000 1.000000
vt 0.000000 1.000000
vt 0.000000 0.000000
vt 1.000000 0.000000
vt 1.000000 1.000000
vt 0.000000 1.000000
vt 0.000000 0.000000
vt 1.000000 0.000000
vt 1.000000 1.000000
vt 0.000000 1.000000
vt 0.000000 0.000000
vt 1.000000 0.000000
vt 1.000000 1.000000
vt 0.000000 1.000000
vt 0.000000 0.000000
vt 1.000000 0.000000
vt 1.000000 1.000000
vt 0.000000 1.000000
vt 0.000000 0.000000
vt 1.000000 0.000000
vt 1.000000 1.000000
vt 0.000000 1.000000
vt 0.000000 0.000000
vt 1.000000 0.000000
vt 1.000000 1.000000
vt 0.000000 1.000000
vt 0.000000 0.000000
vt 1.000000 0.000000
vt 1.000000 1.000000
vt 0.000000 1.000000
vt 0.000000 0.000000
vt 1.000000 0.000000
vt 1.000000 1.000000
vt 0.000000 1.000000
vt 1.000000 0.500000
vt 0.853553 0.853553
vt 0.500000 1.000000
vt 0.146447 0.853553
vt 0.000000 0.500000
vt 0.146447 0.146447
vt 0.500000 0.000000
vt 0.853553 0.146447
vt 1.000000 0.500000
vt 0.853553 0.853553
vt 0.500000 1.000000
vt 0.146447 0.853553
vt 0.000000 0.500000
vt 0.146447 0.146447
vt 0.500000 0.000000
vt 0.853553 0.146447
vt 0.000000 0.000000
vt 1.000000 0.000000
vt 1.000000 1.000000
vt 0.000000 1.000000
vt 0.000000 0.000000
vt 1.000000 0.000000
vt 1.000000 1.000000
vt 0.000000 1.000000
vt 0.000000 0.000000
vt 1.000000 0.000000
vt 1.000000 1.000000
vt 0.000000 1.000000
vt 0.000000 0.000000
vt 1.000000 0.000000
vt 1.000000 1.000000
vt 0.000000 1.000000
vt 0.000000 0.000000
vt 1.000000 0.000000
vt 1.000000 1.000000
vt 0.000000 1.000000
vt 0.000000 0.000000
vt 1.000000 0.000000
vt 1.000000 1.000000
vt 0.000000 1.000000
vt 0.000000 0.000000
vt 1.000000 0.000000
vt 1.000000 1.000000
vt 0.000000 1.000000
vt 0.000000 0.000000
vt 1.000000 0.000000
vt 1.000000 1.000000
vt 0.000000 1.000000
vt 1.000000 0.500000
vt 0.853553 0.853553
vt 0.500000 1.000000
vt 0.146447 0.853553
vt 0.000000 0.500000
vt 0.146447 0.146447
vt 0.500000 0.000000
vt 0.853553 0.146447
vt 1.000000 0.500000
vt 0.853553 0.853553
vt 0.500000 1.000000
vt 0.146447 0.853553
vt 0.000000 0.500000
vt 0.146447 0.146447
vt 0.500000 0.000000
vt 0.853553 0.146447
vt 0.000000 0.000000
vt 1.000000 0.000000
vt 1.000000 1.000000
vt 0.000000 1.000000
vt 0.000000 0.000000
vt 1.000000 0.000000
vt 1.000000 1.000000
vt 0.000000 1.000000
vt 0.000000 0.000000
vt 1.000000 0.000000
vt 1.000000 1.000000
vt 0.000000 1.000000
vt 0.000000 0.000000
vt 1.000000 0.000000
vt 1.000000 1.000000
vt 0.000000 1.000000
vt 0.000000 0.000000
vt 1.000000 0.000000
vt 1.000000 1.000000
vt 0.000000 1.000000
vt 0.000000 0.000000
vt 1.000000 0.000000
vt 1.000000 1.000000
vt 0.000000 1.000000
vt 0.000000 0.000000
vt 1.000000 0.000000
vt 1.000000 1.000000
vt 0.000000 1.000000
vt 0.000000 0.000000
vt 1.000000 0.000000
vt 1.000000 1.000000
vt 0.000000 1.000000
vt 1.000000 0.500000
vt 0.853553 0.853553
vt 0.500000 1.000000
vt 0.146447 0.853553
vt 0.000000 0.500000
vt 0.146447 0.146447
vt 0.500000 0.000000
vt 0.853553 0.146447
vt 1.000000 0.500000
vt 0.853553 0.853553
vt 0.500000 1.000000
vt 0.146447 0.853553
vt 0.000000 0.500000
vt 0.146447 0.146447
vt 0.500000 0.000000
vt 0.853553 0.146447
vt 0.000000 0.000000
vt 1.000000 0.000000
vt 1.000000 1.000000
vt 0.000000 1.000000
vt 0.000000 0.000000
vt 1.000000 0.000000
vt 1.000000 1.000000
vt 0.000000 1.000000
vt 0.000000 0.000000
vt 1.000000 0.000000
vt 1.000000 1.000000
vt 0.000000 1.000000
vt 0.000000 0.000000
vt 1.000000 0.000000
vt 1.000000 1.000000
vt 0.000000 1.000000
vt 0.000000 0.000000
vt 1.000000 0.000000
vt 1.000000 1.000000
vt 0.000000 1.000000
vt 0.000000 0.000000
vt 1.000000 0.000000
vt 1.000000 1.000000
vt 0.000000 1.000000
vt 0.000000 0.000000
vt 1.000000 0.000000
vt 1.000000 1.000000
vt 0.000000 1.000000
vt 0.000000 0.000000
vt 1.000000 0.000000
vt 1.000000 1.000000
vt 0.000000 1.000000
vt 1.000000 0.500000
vt 0.853553 0.853553
vt 0.500000 1.000000
vt 0.146447 0.853553
vt 0.000000 0.500000
vt 0.146447 0.146447
vt 0.500000 0.000000
vt 0.853553 0.146447
vt 1.000000 0.500000
vt 0.853553 0.853553
vt 0.500000 1.000000
vt 0.146447 0.853553
vt 0.000000 0.500000
vt 0.146447 0.146447
vt 0.500000 0.000000
vt 0.853553 0.146447
vt 0.000000 0.000000
vt 1.000000 0.000000
vt 1.000000 1.000000
vt 0.000000 1.000000
vt 0.000000 0.000000
vt 1.000000 0.000000
vt 1.000000 1.000000
vt 0.000000 1.000000
vt 0.000000 0.000000
vt 1.000000 0.000000
vt 1.000000 1.000000
vt 0.000000 1.000000
vt 0.000000 0.000000
vt 1.000000 0.000000
vt 1.000000 1.000000
vt 0.000000 1.000000
vt 0.000000 0.000000
vt 1.000000 0.000000
vt 1.000000 1.000000
vt 0.000000 1.000000
vt 0.000000 0.000000
vt 1.000000 0.000000
vt 1.000000 1.000000
vt 0.000000 1.000000
vt 0.000000 0.000000
vt 1.000000 0.000000
vt 1.000000 1.000000
vt 0.000000 1.000000
vt 0.000000 0.000000
vt 1.000000 0.000000
vt 1.000000 1.000000
vt 0.000000 1.000000
vt 0.000000 0.000000
vt 1.000000 0.000000
vt 1.000000 1.000000
vt 0.000000 1.000000
vt 0.000000 0.000000
vt 1.000000 0.000000
vt 1.000000 1.000000
vt 0.000000 1.000000
vt 0.000000 0.000000
vt 1.000000 0.000000
vt 1.000000 1.000000
vt 0.000000 1.000000
vt 0.000000 0.000000
vt 1.000000 0.000000
vt 1.000000 1.000000
vt 0.000000 1.000000
vt 0.000000 0.000000
vt 1.000000 0.000000
vt 1.000000 1.000000
vt 0.000000 1.000000
vt 0.000000 0.000000
vt 1.000000 0.000000
vt 1.000000 1.000000
vt 0.000000 1.000000
vt 1.000000 0.500000
vt 0.950484 0.716942
vt 0.811745 0.890916
vt 0.611260 0.987464
vt 0.388740 0.987464
vt 0.188255 0.890916
vt 0.049516 0.716942
vt 0.000000 0.500000
vt 0.049516 0.283058
vt 0.188255 0.109084
vt 0.388740 0.012536
vt 0.611260 0.012536
vt 0.811745 0.109084
vt 0.950484 0.283058
vt 1.000000 0.500000
vt 0.950484 0.716942
vt 0.811745 0.890916
vt 0.611260 0.987464
vt 0.388740 0.987464
vt 0.188255 0.890916
vt 0.049516 0.716942
vt 0.000000 0.500000
vt 0.049516 0.283058
vt 0.188255 0.109084
vt 0.388740 0.012536
vt 0.611260 0.012536
vt 0.811745 0.109084
vt 0.950484 0.283058
vt 0.000000 0.000000
vt 1.000000 0.000000
vt 1.000000 1.000000
vt 0.000000 1.000000
vt 0.000000 0.000000
vt 1.000000 0.000000
vt 1.000000 1.000000
vt 0.000000 1.000000
vt 0.000000 0.000000
vt 1.000000 0.000000
vt 1.000000 1.000000
vt 0.000000 1.000000
vt 0.000000 0.000000
vt 1.000000 0.000000
vt 1.000000 1.000000
vt 0.000000 1.000000
vt 0.000000 0.000000
vt 1.000000 0.000000
vt 1.000000 1.000000
vt 0.000000 1.000000
vt 0.000000 0.000000
vt 1.000000 0.000000
vt 1.000000 1.000000
vt 0.000000 1.000000
vt 0.000000 0.000000
vt 1.000000 0.000000
vt 1.000000 1.000000
vt 0.000000 1.000000
vt 0.000000 0.000000
vt 1.000000 0.000000
vt 1.000000 1.000000
vt 0.000000 1.000000
vt 0.000000 0.000000
vt 1.000000 0.000000
vt 1.000000 1.000000
vt 0.000000 1.000000
vt 0.000000 0.000000
vt 1.000000 0.000000
vt 1.000000 1.000000
vt 0.000000 1.000000
vt 0.000000 0.000000
vt 1.000000 0.000000
vt 1.000000 1.000000
vt 0.000000 1.000000
vt 0.000000 0.000000
vt 1.000000 0.000000
vt 1.000000 1.000000
vt 0.000000 1.000000
vt 0.000000 0.000000
vt 1.000000 0.000000
vt 1.000000 1.000000
vt 0.000000 1.000000
vt 0.000000 0.000000
vt 1.000000 0.000000
vt 1.000000 1.000000
vt 0.000000 1.000000
vt 0.000000 0.000000
vt 1.000000 0.000000
vt 1.000000 1.000000
vt 0.000000 1.000000
vt 0.000000 0.000000
vt 1.000000 0.000000
vt 1.000000 1.000000
vt 0.000000 1.000000
vt 0.000000 0.000000
vt 1.000000 0.000000
vt 1.000000 1.000000
vt 0.000000 1.000000
vt 0.000000 0.000000
vt 1.000000 0.000000
vt 1.000000 1.000000
vt 0.000000 1.000000
vt 0.000000 0.000000
vt 1.000000 0.000000
vt 1.000000 1.000000
vt 0.000000 1.000000
vt 0.000000 0.000000
vt 1.000000 0.000000
vt 1.000000 1.000000
vt 0.000000 1.000000
vt 0.000000 0.000000
vt 1.000000 0.000000
vt 1.000000 1.000000
vt 0.000000 1.000000
vt 0.000000 0.000000
vt 1.000000 0.000000
vt 1.000000 1.000000
vt 0.000000 1.000000
vt 0.000000 0.000000
vt 1.000000 0.000000
vt 1.000000 1.000000
vt 0.000000 1.000000
vt 0.000000 0.000000
vt 1.000000 0.000000
vt 1.000000 1.000000
vt 0.000000 1.000000
vt 0.000000 0.000000
vt 1.000000 0.000000
vt 1.000000 1.000000
vt 0.000000 1.000000
vt 0.000000 0.000000
vt 1.000000 0.000000
vt 1.000000 1.000000
vt 0.000000 1.000000
vt 1.000000 0.500000
vt 0.853553 0.853553
vt 0.500000 1.000000
vt 0.146447 0.853553
vt 0.000000 0.500000
vt 0.146447 0.146447
vt 0.500000 0.000000
vt 0.853553 0.146447
vt 1.000000 0.500000
vt 0.853553 0.853553
vt 0.500000 1.000000
vt 0.146447 0.853553
vt 0.000000 0.500000
vt 0.146447 0.146447
vt 0.500000 0.000000
vt 0.853553 0.146447
vt 0.000000 0.000000
vt 1.000000 0.000000
vt 1.000000 1.000000
vt 0.000000 1.000000
vt 0.000000 0.000000
vt 1.000000 0.000000
vt 1.000000 1.000000
vt 0.000000 1.000000
vt 0.000000 0.000000
vt 1.000000 0.000000
vt 1.000000 1.000000
vt 0.000000 1.000000
vt 0.000000 0.000000
vt 1.000000 0.000000
vt 1.000000 1.000000
vt 0.000000 1.000000
vt 0.000000 0.000000
vt 1.000000 0.000000
vt 1.000000 1.000000
vt 0.000000 1.000000
vt 0.000000 0.000000
vt 1.000000 0.000000
vt 1.000000 1.000000
vt 0.000000 1.000000
vt 0.000000 0.000000
vt 1.000000 0.000000
vt 1.000000 1.000000
vt 0.000000 1.000000
vt 0.000000 0.000000
vt 1.000000 0.000000
vt 1.000000 1.000000
vt 0.000000 1.000000
vt 1.000000 0.500000
vt 0.853553 0.853553
vt 0.500000 1.000000
vt 0.146447 0.853553
vt 0.000000 0.500000
vt 0.146447 0.146447
vt 0.500000 0.000000
vt 0.853553 0.146447
vt 1.000000 0.500000
vt 0.853553 0.853553
vt 0.500000 1.000000
vt 0.146447 0.853553
vt 0.000000 0.500000
vt 0.146447 0.146447
vt 0.500000 0.000000
vt 0.853553 0.146447
vt 0.000000 0.000000
vt 1.000000 0.000000
vt 1.000000 1.000000
vt 0.000000 1.000000
vt 0.000000 0.000000
vt 1.000000 0.000000
vt 1.000000 1.000000
vt 0.000000 1.000000
vt 0.000000 0.000000
vt 1.000000 0.000000
vt 1.000000 1.000000
vt 0.000000 1.000000
vt 0.000000 0.000000
vt 1.000000 0.000000
vt 1.000000 1.000000
vt 0.000000 1.000000
vt 0.000000 0.000000
vt 1.000000 0.000000
vt 1.000000 1.000000
vt 0.000000 1.000000
vt 0.000000 0.000000
vt 1.000000 0.000000
vt 1.000000 1.000000
vt 0.000000 1.000000
vt 0.000000 0.000000
vt 1.000000 0.000000
vt 1.000000 1.000000
vt 0.000000 1.000000
vt 0.000000 0.000000
vt 1.000000 0.000000
vt 1.000000 1.000000
vt 0.000000 1.000000
vt 1.000000 0.500000
vt 0.853553 0.853553
vt 0.500000 1.000000
vt 0.146447 0.853553
vt 0.000000 0.500000
vt 0.146447 0.146447
vt 0.500000 0.000000
vt 0.853553 0.146447
vt 1.000000 0.500000
vt 0.853553 0.853553
vt 0.500000 1.000000
vt 0.146447 0.853553
vt 0.000000 0.500000
vt 0.146447 0.146447
vt 0.500000 0.000000
vt 0.853553 0.146447
vt 0.000000 0.000000
vt 1.000000 0.000000
vt 1.000000 1.000000
vt 0.000000 1.000000
vt 0.000000 0.000000
vt 1.000000 0.000000
vt 1.000000 1.000000
vt 0.000000 1.000000
vt 0.000000 0.000000
vt 1.000000 0.000000
vt 1.000000 1.000000
vt 0.000000 1.000000
vt 0.000000 0.000000
vt 1.000000 0.000000
vt 1.000000 1.000000
vt 0.000000 1.000000
vt 0.000000 0.000000
vt 1.000000 0.000000
vt 1.000000 1.000000
vt 0.000000 1.000000
vt 0.000000 0.000000
vt 1.000000 0.000000
vt 1.000000 1.000000
vt 0.000000 1.000000
vt 0.000000 0.000000
vt 1.000000 0.000000
vt 1.000000 1.000000
vt 0.000000 1.000000
vt 0.000000 0.000000
vt 1.000000 0.000000
vt 1.000000 1.000000
vt 0.000000 1.000000
vt 1.000000 0.500000
vt 0.853553 0.853553
vt 0.500000 1.000000
vt 0.146447 0.853553
vt 0.000000 0.500000
vt 0.146447 0.146447
vt 0.500000 0.000000
vt 0.853553 0.146447
vt 1.000000 0.500000
vt 0.853553 0.853553
vt 0.500000 1.000000
vt 0.146447 0.853553
vt 0.000000 0.500000
vt 0.146447 0.146447
vt 0.500000 0.000000
vt 0.853553 0.146447
vt 0.000000 0.000000
vt 1.000000 0.000000
vt 1.000000 1.000000
vt 0.000000 1.000000
vt 0.000000 0.000000
vt 1.000000 0.000000
vt 1.000000 1.000000
vt 0.000000 1.000000
vt 0.000000 0.000000
vt 1.000000 0.000000
vt 1.000000 1.000000
vt 0.000000 1.000000
vt 0.000000 0.000000
vt 1.000000 0.000000
vt 1.000000 1.000000
vt 0.000000 1.000000
vt 0.000000 0.000000
vt 1.000000 0.000000
vt 1.000000 1.000000
vt 0.000000 1.000000
vt 0.000000 0.000000
vt 1.000000 0.000000
vt 1.000000 1.000000
vt 0.000000 1.000000
vt 0.000000 0.000000
vt 1.000000 0.000000
vt 1.000000 1.000000
vt 0.000000 1.000000
vt 0.000000 0.000000
vt 1.000000 0.000000
vt 1.000000 1.000000
vt 0.000000 1.000000
vt 0.000000 0.000000
vt 1.000000 0.000000
vt 1.000000 1.000000
vt 0.000000 1.000000
vt 0.000000 0.000000
vt 1.000000 0.000000
vt 1.000000 1.000000
vt 0.000000 1.000000
vt 0.000000 0.000000
vt 1.000000 0.000000
vt 1.000000 1.000000
vt 0.000000 1.000000
vt 0.000000 0.000000
vt 1.000000 0.000000
vt 1.000000 1.000000
vt 0.000000 1.000000
vt 0.000000 0.000000
vt 1.000000 0.000000
vt 1.000000 1.000000
vt 0.000000 1.000000
vt 0.000000 0.000000
vt 1.000000 0.000000
vt 1.000000 1.000000
vt 0.000000 1.000000
vt 1.000000 0.500000
vt 0.950484 0.716942
vt 0.811745 0.890916
vt 0.611260 0.987464
vt 0.388740 0.987464
vt 0.188255 0.890916
vt 0.049516 0.716942
vt 0.000000 0.500000
vt 0.049516 0.283058
vt 0.188255 0.109084
vt 0.388740 0.012536
vt 0.611260 0.012536
vt 0.811745 0.109084
vt 0.950484 0.283058
vt 1.000000 0.500000
vt 0.950484 0.716942
vt 0.811745 0.890916
vt 0.611260 0.987464
vt 0.388740 0.987464
vt 0.188255 0.890916
vt 0.049516 0.716942
vt 0.000000 0.500000
vt 0.049516 0.283058
vt 0.188255 0.109084
vt 0.388740 0.012536
vt 0.611260 0.012536
vt 0.811745 0.109084
vt 0.950484 0.283058
vt 0.000000 0.000000
vt 1.000000 0.000000
vt 1.000000 1.000000
vt 0.000000 1.000000
vt 0.000000 0.000000
vt 1.000000 0.000000
vt 1.000000 1.000000
vt 0.000000 1.000000
vt 0.000000 0.000000
vt 1.000000 0.000000
vt 1.000000 1.000000
vt 0.000000 1.000000
vt 0.000000 0.000000
vt 1.000000 0.000000
vt 1.000000 1.000000
vt 0.000000 1.000000
vt 0.000000 0.000000
vt 1.000000 0.000000
vt 1.000000 1.000000
vt 0.000000 1.000000
vt 0.000000 0.000000
vt 1.000000 0.000000
vt 1.000000 1.000000
vt 0.000000 1.000000
vt 0.000000 0.000000
vt 1.000000 0.000000
vt 1.000000 1.000000
vt 0.000000 1.000000
vt 0.000000 0.000000
vt 1.000000 0.000000
vt 1.000000 1.000000
vt 0.000000 1.000000
vt 0.000000 0.000000
vt 1.000000 0.000000
vt 1.000000 1.000000
vt 0.000000 1.000000
vt 0.000000 0.000000
vt 1.000000 0.000000
vt 1.000000 1.000000
vt 0.000000 1.000000
vt 0.000000 0.000000
vt 1.000000 0.000000
vt 1.000000 1.000000
vt 0.000000 1.000000
vt 0.000000 0.000000
vt 1.000000 0.000000
vt 1.000000 1.000000
vt 0.000000 1.000000
vt 0.000000 0.000000
vt 1.000000 0.000000
vt 1.000000 1.000000
vt 0.000000 1.000000
vt 0.000000 0.000000
vt 1.000000 0.000000
vt 1.000000 1.000000
vt 0.000000 1.000000
vt 0.000000 0.000000
vt 1.000000 0.000000
vt 1.000000 1.000000
vt 0.000000 1.000000
vt 0.000000 0.000000
vt 1.000000 0.000000
vt 1.000000 1.000000
vt 0.000000 1.000000
vt 0.000000 0.000000
vt 1.000000 0.000000
vt 1.000000 1.000000
vt 0.000000 1.000000
vt 0.000000 0.000000
vt 1.000000 0.000000
vt 1.000000 1.000000
vt 0.000000 1.000000
vt 0.000000 0.000000
vt 1.000000 0.000000
vt 1.000000 1.000000
vt 0.000000 1.000000
vt 0.000000 0.000000
vt 1.000000 0.000000
vt 1.000000 1.000000
vt 0.000000 1.000000
vt 0.000000 0.000000
vt 1.000000 0.000000
vt 1.000000 1.000000
vt 0.000000 1.000000
vt 0.000000 0.000000
vt 1.000000 0.000000
vt 1.000000 1.000000
vt 0.000000 1.000000
vt 0.000000 0.000000
vt 1.000000 0.000000
vt 1.000000 1.000000
vt 0.000000 1.000000
vt 0.000000 0.000000
vt 1.000000 0.000000
vt 1.000000 1.000000
vt 0.000000 1.000000
vt 0.000000 0.000000
vt 1.000000 0.000000
vt 1.000000 1.000000
vt 0.000000 1.000000
vt 0.000000 0.000000
vt 1.000000 0.000000
vt 1.000000 1.000000
vt 0.000000 1.000000
vt 1.000000 0.500000
vt 0.853553 0.853553
vt 0.500000 1.000000
vt 0.146447 0.853553
vt 0.000000 0.500000
vt 0.146447 0.146447
vt 0.500000 0.000000
vt 0.853553 0.146447
vt 1.000000 0.500000
vt 0.853553 0.853553
vt 0.500000 1.000000
vt 0.146447 0.853553
vt 0.000000 0.500000
vt 0.146447 0.146447
vt 0.500000 0.000000
vt 0.853553 0.146447
vt 0.000000 0.000000
vt 1.000000 0.000000
vt 1.000000 1.000000
vt 0.000000 1.000000
vt 0.000000 0.000000
vt 1.000000 0.000000
vt 1.000000 1.000000
vt 0.000000 1.000000
vt 0.000000 0.000000
vt 1.000000 0.000000
vt 1.000000 1.000000
vt 0.000000 1.000000
vt 0.000000 0.000000
vt 1.000000 0.000000
vt 1.000000 1.000000
vt 0.000000 1.000000
vt 0.000000 0.000000
vt 1.000000 0.000000
vt 1.000000 1.000000
vt 0.000000 1.000000
vt 0.000000 0.000000
vt 1.000000 0.000000
vt 1.000000 1.000000
vt 0.000000 1.000000
vt 0.000000 0.000000
vt 1.000000 0.000000
vt 1.000000 1.000000
vt 0.000000 1.000000
vt 0.000000 0.000000
vt 1.000000 0.000000
vt 1.000000 1.000000
vt 0.000000 1.000000
vt 1.000000 0.500000
vt 0.853553 0.853553
vt 0.500000 1.000000
vt 0.146447 0.853553
vt 0.000000 0.500000
vt 0.146447 0.146447
vt 0.500000 0.000000
vt 0.853553 0.146447
vt 1.000000 0.500000
vt 0.853553 0.853553
vt 0.500000 1.000000
vt 0.146447 0.853553
vt 0.000000 0.500000
vt 0.146447 0.146447
vt 0.500000 0.000000
vt 0.853553 0.146447
vt 0.000000 0.000000
vt 1.000000 0.000000
vt 1.000000 1.000000
vt 0.000000 1.000000
vt 0.000000 0.000000
vt 1.000000 0.000000
vt 1.000000 1.000000
vt 0.000000 1.000000
vt 0.000000 0.000000
vt 1.000000 0.000000
vt 1.000000 1.000000
vt 0.000000 1.000000
vt 0.000000 0.000000
vt 1.000000 0.000000
vt 1.000000 1.000000
vt 0.000000 1.000000
vt 0.000000 0.000000
vt 1.000000 0.000000
vt 1.000000 1.000000
vt 0.000000 1.000000
vt 0.000000 0.000000
vt 1.000000 0.000000
vt 1.000000 1.000000
vt 0.000000 1.000000
vt 0.000000 0.000000
vt 1.000000 0.000000
vt 1.000000 1.000000
vt 0.000000 1.000000
vt 0.000000 0.000000
vt 1.000000 0.000000
vt 1.000000 1.000000
vt 0.000000 1.000000
vt 1.000000 0.500000
vt 0.853553 0.853553
vt 0.500000 1.000000
vt 0.146447 0.853553
vt 0.000000 0.500000
vt 0.146447 0.146447
vt 0.500000 0.000000
vt 0.853553 0.146447
vt 1.000000 0.500000
vt 0.853553 0.853553
vt 0.500000 1.000000
vt 0.146447 0.853553
vt 0.000000 0.500000
vt 0.146447 0.146447
vt 0.500000 0.000000
vt 0.853553 0.146447
vt 0.000000 0.000000
vt 1.000000 0.000000
vt 1.000000 1.000000
vt 0.000000 1.000000
vt 0.000000 0.000000
vt 1.000000 0.000000
vt 1.000000 1.000000
vt 0.000000 1.000000
vt 0.000000 0.000000
vt 1.000000 0.000000
vt 1.000000 1.000000
vt 0.000000 1.000000
vt 0.000000 0.000000
vt 1.000000 0.000000
vt 1.000000 1.000000
vt 0.000000 1.000000
vt 0.000000 0.000000
vt 1.000000 0.000000
vt 1.000000 1.000000
vt 0.000000 1.000000
vt 0.000000 0.000000
vt 1.000000 0.000000
vt 1.000000 1.000000
vt 0.000000 1.000000
vt 0.000000 0.000000
vt 1.000000 0.000000
vt 1.000000 1.000000
vt 0.000000 1.000000
vt 0.000000 0.000000
vt 1.000000 0.000000
vt 1.000000 1.000000
vt 0.000000 1.000000
vt 1.000000 0.500000
vt 0.853553 0.853553
vt 0.500000 1.000000
vt 0.146447 0.853553
vt 0.000000 0.500000
vt 0.146447 0.146447
vt 0.500000 0.000000
vt 0.853553 0.146447
vt 1.000000 0.500000
vt 0.853553 0.853553
vt 0.500000 1.000000
vt 0.146447 0.853553
vt 0.000000 0.500000
vt 0.146447 0.146447
vt 0.500000 0.000000
vt 0.853553 0.146447
vt 0.000000 0.000000
vt 1.000000 0.000000
vt 1.000000 1.000000
vt 0.000000 1.000000
vt 0.000000 0.000000
vt 1.000000 0.000000
vt 1.000000 1.000000
vt 0.000000 1.000000
vt 0.000000 0.000000
vt 1.000000 0.000000
vt 1.000000 1.000000
vt 0.000000 1.000000
vt 0.000000 0.000000
vt 1.000000 0.000000
vt 1.000000 1.000000
vt 0.000000 1.000000
vt 0.000000 0.000000
vt 1.000000 0.000000
vt 1.000000 1.000000
vt 0.000000 1.000000
vt 0.000000 0.000000
vt 1.000000 0.000000
vt 1.000000 1.000000
vt 0.000000 1.000000
vt 0.000000 0.000000
vt 1.000000 0.000000
vt 1.000000 1.000000
vt 0.000000 1.000000
vt 0.000000 0.000000
vt 1.000000 0.000000
vt 1.000000 1.000000
vt 0.000000 1.000000
vt 0.000000 0.000000
vt 1.000000 0.000000
vt 1.000000 1.000000
vt 0.000000 1.000000
vt 0.000000 0.000000
vt 1.000000 0.000000
vt 1.000000 1.000000
vt 0.000000 1.000000
vt 0.000000 0.000000
vt 1.000000 0.000000
vt 1.000000 1.000000
vt 0.000000 1.000000
vt 0.000000 0.000000
vt 1.000000 0.000000
vt 1.000000 1.000000
vt 0.000000 1.000000
vt 0.000000 0.000000
vt 1.000000 0.000000
vt 1.000000 1.000000
vt 0.000000 1.000000
vt 0.000000 0.000000
vt 1.000000 0.000000
vt 1.000000 1.000000
vt 0.000000 1.000000
vt 1.000000 0.500000
vt 0.950484 0.716942
vt 0.811745 0.890916
vt 0.611260 0.987464
vt 0.388740 0.987464
vt 0.188255 0.890916
vt 0.049516 0.716942
vt 0.000000 0.500000
vt 0.049516 0.283058
vt 0.188255 0.109084
vt 0.388740 0.012536
vt 0.611260 0.012536
vt 0.811745 0.109084
vt 0.950484 0.283058
vt 1.000000 0.500000
vt 0.950484 0.716942
vt 0.811745 0.890916
vt 0.611260 0.987464
vt 0.388740 0.987464
vt 0.188255 0.890916
vt 0.049516 0.716942
vt 0.000000 0.500000
vt 0.049516 0.283058
vt 0.188255 0.109084
vt 0.388740 0.012536
vt 0.611260 0.012536
vt 0.811745 0.109084
vt 0.950484 0.283058
vt 0.000000 0.000000
vt 1.000000 0.000000
vt 1.000000 1.000000
vt 0.000000 1.000000
vt 0.000000 0.000000
vt 1.000000 0.000000
vt 1.000000 1.000000
vt 0.000000 1.000000
vt 0.000000 0.000000
vt 1.000000 0.000000
vt 1.000000 1.000000
vt 0.000000 1.000000
vt 0.000000 0.000000
vt 1.000000 0.000000
vt 1.000000 1.000000
vt 0.000000 1.000000
vt 0.000000 0.000000
vt 1.000000 0.000000
vt 1.000000 1.000000
vt 0.000000 1.000000
vt 0.000000 0.000000
vt 1.000000 0.000000
vt 1.000000 1.000000
vt 0.000000 1.000000
vt 0.000000 0.000000
vt 1.000000 0.000000
vt 1.000000 1.000000
vt 0.000000 1.000000
vt 0.000000 0.000000
vt 1.000000 0.000000
vt 1.000000 1.000000
vt 0.000000 1.000000
vt 0.000000 0.000000
vt 1.000000 0.000000
vt 1.000000 1.000000
vt 0.000000 1.000000
vt 0.000000 0.000000
vt 1.000000 0.000000
vt 1.000000 1.000000
vt 0.000000 1.000000
vt 0.000000 0.000000
vt 1.000000 0.000000
vt 1.000000 1.000000
vt 0.000000 1.000000
vt 0.000000 0.000000
vt 1.000000 0.000000
vt 1.000000 1.000000
vt 0.000000 1.000000
vt 0.000000 0.000000
vt 1.000000 0.000000
vt 1.000000 1.000000
vt 0.000000 1.000000
vt 0.000000 0.000000
vt 1.000000 0.000000
vt 1.000000 1.000000
vt 0.000000 1.000000
vt 0.000000 0.000000
vt 1.000000 0.000000
vt 1.000000 1.000000
vt 0.000000 1.000000
vt 0.000000 0.000000
vt 1.000000 0.000000
vt 1.000000 1.000000
vt 0.000000 1.000000
vt 0.000000 0.000000
vt 1.000000 0.000000
vt 1.000000 1.000000
vt 0.000000 1.000000
vt 0.000000 0.000000
vt 1.000000 0.000000
vt 1.000000 1.000000
vt 0.000000 1.000000
vt 0.000000 0.000000
vt 1.000000 0.000000
vt 1.000000 1.000000
vt 0.000000 1.000000
vt 0.000000 0.000000
vt 1.000000 0.000000
vt 1.000000 1.000000
vt 0.000000 1.000000
vt 0.000000 0.000000
vt 1.000000 0.000000
vt 1.000000 1.000000
vt 0.000000 1.000000
vt 0.000000 0.000000
vt 1.000000 0.000000
vt 1.000000 1.000000
vt 0.000000 1.000000
vt 0.000000 0.000000
vt 1.000000 0.000000
vt 1.000000 1.000000
vt 0.000000 1.000000
vt 0.000000 0.000000
vt 1.000000 0.000000
vt 1.000000 1.000000
vt 0.000000 1.000000
vt 0.000000 0.000000
vt 1.000000 0.000000
vt 1.000000 1.000000
vt 0.000000 1.000000
vt 0.000000 0.000000
vt 1.000000 0.000000
vt 1.000000 1.000000
vt 0.000000 1.000000
vt 1.000000 0.500000
vt 0.853553 0.853553
vt 0.500000 1.000000
vt 0.146447 0.853553
vt 0.000000 0.500000
vt 0.146447 0.146447
vt 0.500000 0.000000
vt 0.853553 0.146447
vt 1.000000 0.500000
vt 0.853553 0.853553
vt 0.500000 1.000000
vt 0.146447 0.853553
vt 0.000000 0.500000
vt 0.146447 0.146447
vt 0.500000 0.000000
vt 0.853553 0.146447
vt 0.000000 0.000000
vt 1.000000 0.000000
vt 1.000000 1.000000
vt 0.000000 1.000000
vt 0.000000 0.000000
vt 1.000000 0.000000
vt 1.000000 1.000000
vt 0.000000 1.000000
vt 0.000000 0.000000
vt 1.000000 0.000000
vt 1.000000 1.000000
vt 0.000000 1.000000
vt 0.000000 0.000000
vt 1.000000 0.000000
vt 1.000000 1.000000
vt 0.000000 1.000000
vt 0.000000 0.000000
vt 1.000000 0.000000
vt 1.000000 1.000000
vt 0.000000 1.000000
vt 0.000000 0.000000
vt 1.000000 0.000000
vt 1.000000 1.000000
vt 0.000000 1.000000
vt 0.000000 0.000000
vt 1.000000 0.000000
vt 1.000000 1.000000
vt 0.000000 1.000000
vt 0.000000 0.000000
vt 1.000000 0.000000
vt 1.000000 1.000000
vt 0.000000 1.000000
vt 1.000000 0.500000
vt 0.853553 0.853553
vt 0.500000 1.000000
vt 0.146447 0.853553
vt 0.000000 0.500000
vt 0.146447 0.146447
vt 0.500000 0.000000
vt 0.853553 0.146447
vt 1.000000 0.500000
vt 0.853553 0.853553
vt 0.500000 1.000000
vt 0.146447 0.853553
vt 0.000000 0.500000
vt 0.146447 0.146447
vt 0.500000 0.000000
vt 0.853553 0.146447
vt 0.000000 0.000000
vt 1.000000 0.000000
vt 1.000000 1.000000
vt 0.000000 1.000000
vt 0.000000 0.000000
vt 1.000000 0.000000
vt 1.000000 1.000000
vt 0.000000 1.000000
vt 0.000000 0.000000
vt 1.000000 0.000000
vt 1.000000 1.000000
vt 0.000000 1.000000
vt 0.000000 0.000000
vt 1.000000 0.000000
vt 1.000000 1.000000
vt 0.000000 1.000000
vt 0.000000 0.000000
vt 1.000000 0.000000
vt 1.000000 1.000000
vt 0.000000 1.000000
vt 0.000000 0.000000
vt 1.000000 0.000000
vt 1.000000 1.000000
vt 0.000000 1.000000
vt 0.000000 0.000000
vt 1.000000 0.000000
vt 1.000000 1.000000
vt 0.000000 1.000000
vt 0.000000 0.000000
vt 1.000000 0.000000
vt 1.000000 1.000000
vt 0.000000 1.000000
vt 1.000000 0.500000
vt 0.853553 0.853553
vt 0.500000 1.000000
vt 0.146447 0.853553
vt 0.000000 0.500000
vt 0.146447 0.146447
vt 0.500000 0.000000
vt 0.853553 0.146447
vt 1.000000 0.500000
vt 0.853553 0.853553
vt 0.500000 1.000000
vt 0.146447 0.853553
vt 0.000000 0.500000
vt 0.146447 0.146447
vt 0.500000 0.000000
vt 0.853553 0.146447
vt 0.000000 0.000000
vt 1.000000 0.000000
vt 1.000000 1.000000
vt 0.000000 1.000000
vt 0.000000 0.000000
vt 1.000000 0.000000
vt 1.000000 1.000000
vt 0.000000 1.000000
vt 0.000000 0.000000
vt 1.000000 0.000000
vt 1.000000 1.000000
vt 0.000000 1.000000
vt 0.000000 0.000000
vt 1.000000 0.000000
vt 1.000000 1.000000
vt 0.000000 1.000000
vt 0.000000 0.000000
vt 1.000000 0.000000
vt 1.000000 1.000000
vt 0.000000 1.000000
vt 0.000000 0.000000
vt 1.000000 0.000000
vt 1.000000 1.000000
vt 0.000000 1.000000
vt 0.000000 0.000000
vt 1.000000 0.000000
vt 1.000000 1.000000
vt 0.000000 1.000000
vt 0.000000 0.000000
vt 1.000000 0.000000
vt 1.000000 1.000000
vt 0.000000 1.000000
vt 1.000000 0.500000
vt 0.853553 0.853553
vt 0.500000 1.000000
vt 0.146447 0.853553
vt 0.000000 0.500000
vt 0.146447 0.146447
vt 0.500000 0.000000
vt 0.853553 0.146447
vt 1.000000 0.500000
vt 0.853553 0.853553
vt 0.500000 1.000000
vt 0.146447 0.853553
vt 0.000000 0.500000
vt 0.146447 0.146447
vt 0.500000 0.000000
vt 0.853553 0.146447
vt 0.000000 0.000000
vt 1.000000 0.000000
vt 1.000000 1.000000
vt 0.000000 1.000000
vt 0.000000 0.000000
vt 1.000000 0.000000
vt 1.000000 1.000000
vt 0.000000 1.000000
vt 0.000000 0.000000
vt 1.000000 0.000000
vt 1.000000 1.000000
vt 0.000000 1.000000
vt 0.000000 0.000000
vt 1.000000 0.000000
vt 1.000000 1.000000
vt 0.000000 1.000000
vt 0.000000 0.000000
vt 1.000000 0.000000
vt 1.000000 1.000000
vt 0.000000 1.000000
vt 0.000000 0.000000
vt 1.000000 0.000000
vt 1.000000 1.000000
vt 0.000000 1.000000
vt 0.000000 0.000000
vt 1.000000 0.000000
vt 1.000000 1.000000
vt 0.000000 1.000000
vt 0.000000 0.000000
vt 1.000000 0.000000
vt 1.000000 1.000000
vt 0.000000 1.000000
vt 0.000000 0.000000
vt 1.000000 0.000000
vt 1.000000 1.000000
vt 0.000000 1.000000
vt 0.000000 0.000000
vt 1.000000 0.000000
vt 1.000000 1.000000
vt 0.000000 1.000000
vt 0.000000 0.000000
vt 1.000000 0.000000
vt 1.000000 1.000000
vt 0.000000 1.000000
vt 0.000000 0.000000
vt 1.000000 0.000000
vt 1.000000 1.000000
vt 0.000000 1.000000
vt 0.000000 0.000000
vt 1.000000 0.000000
vt 1.000000 1.000000
vt 0.000000 1.000000
vt 0.000000 0.000000
vt 1.000000 0.000000
vt 1.000000 1.000000
vt 0.000000 1.000000
vt 0.000000 0.000000
vt 1.000000 0.000000
vt 1.000000 1.000000
vt 0.000000 1.000000
vt 0.000000 0.000000
vt 1.000000 0.000000
vt 1.000000 1.000000
vt 0.000000 1.000000
vt 0.000000 0.000000
vt 1.000000 0.000000
vt 1.000000 1.000000
vt 0.000000 1.000000
vt 0.000000 0.000000
vt 1.000000 0.000000
vt 1.000000 1.000000
vt 0.000000 1.000000
vt 0.000000 0.000000
vt 1.000000 0.000000
vt 1.000000 1.000000
vt 0.000000 1.000000
vt 0.000000 0.000000
vt 1.000000 0.000000
vt 1.000000 1.000000
vt 0.000000 1.000000
vt 0.000000 0.000000
vt 1.000000 0.000000
vt 1.000000 1.000000
vt 0.000000 1.000000
vt 0.000000 0.000000
vt 1.000000 0.000000
vt 1.000000 1.000000
vt 0.000000 1.000000
vt 0.000000 0.000000
vt 1.000000 0.000000
vt 1.000000 1.000000
vt 0.000000 1.000000
vt 0.000000 0.000000
vt 1.000000 0.000000
vt 1.000000 1.000000
vt 0.000000 1.000000
vt 0.000000 0.000000
vt 1.000000 0.000000
vt 1.000000 1.000000
vt 0.000000 1.000000
vt 0.000000 0.000000
vt 1.000000 0.000000
vt 1.000000 1.000000
vt 0.000000 1.000000
vt 0.000000 0.000000
vt 1.000000 0.000000
vt 1.000000 1.000000
vt 0.000000 1.000000
vt 0.000000 0.000000
vt 1.000000 0.000000
vt 1.000000 1.000000
vt 0.000000 1.000000
vt 0.000000 0.000000
vt 1.000000 0.000000
vt 1.000000 1.000000
vt 0.000000 1.000000
vt 0.000000 0.000000
vt 1.000000 0.000000
vt 1.000000 1.000000
vt 0.000000 1.000000
vt 0.000000 0.000000
vt 1.000000 0.000000
vt 1.000000 1.000000
vt 0.000000 1.000000
vt 0.000000 0.000000
vt 1.000000 0.000000
vt 1.000000 1.000000
vt 0.000000 1.000000
vt 0.000000 0.000000
vt 1.000000 0.000000
vt 1.000000 1.000000
vt 0.000000 1.000000
vt 0.000000 0.000000
vt 1.000000 0.000000
vt 1.000000 1.000000
vt 0.000000 1.000000
vt 0.000000 0.000000
vt 1.000000 0.000000
vt 1.000000 1.000000
vt 0.000000 1.000000
vt 0.000000 0.000000
vt 1.000000 0.000000
vt 1.000000 1.000000
vt 0.000000 1.000000
vt 0.000000 0.000000
vt 1.000000 0.000000
vt 1.000000 1.000000
vt 0.000000 1.000000
vt 0.000000 0.000000
vt 1.000000 0.000000
vt 1.000000 1.000000
vt 0.000000 1.000000
vt 1.000000 0.500000
vt 0.853553 0.853553
vt 0.500000 1.000000
vt 0.146447 0.853553
vt 0.000000 0.500000
vt 0.146447 0.146447
vt 0.500000 0.000000
vt 0.853553 0.146447
vt 1.000000 0.500000
vt 0.853553 0.853553
vt 0.500000 1.000000
vt 0.146447 0.853553
vt 0.000000 0.500000
vt 0.146447 0.146447
vt 0.500000 0.000000
vt 0.853553 0.146447
vt 0.000000 0.000000
vt 1.000000 0.000000
vt 1.000000 1.000000
vt 0.000000 1.000000
vt 0.000000 0.000000
vt 1.000000 0.000000
vt 1.000000 1.000000
vt 0.000000 1.000000
vt 0.000000 0.000000
vt 1.000000 0.000000
vt 1.000000 1.000000
vt 0.000000 1.000000
vt 0.000000 0.000000
vt 1.000000 0.000000
vt 1.000000 1.000000
vt 0.000000 1.000000
vt 0.000000 0.000000
vt 1.000000 0.000000
vt 1.000000 1.000000
vt 0.000000 1.000000
vt 0.000000 0.000000
vt 1.000000 0.000000
vt 1.000000 1.000000
vt 0.000000 1.000000
vt 0.000000 0.000000
vt 1.000000 0.000000
vt 1.000000 1.000000
vt 0.000000 1.000000
vt 0.000000 0.000000
vt 1.000000 0.000000
vt 1.000000 1.000000
vt 0.000000 1.000000
vt 1.000000 0.500000
vt 0.853553 0.853553
vt 0.500000 1.000000
vt 0.146447 0.853553
vt 0.000000 0.500000
vt 0.146447 0.146447
vt 0.500000 0.000000
vt 0.853553 0.146447
vt 1.000000 0.500000
vt 0.853553 0.853553
vt 0.500000 1.000000
vt 0.146447 0.853553
vt 0.000000 0.500000
vt 0.146447 0.146447
vt 0.500000 0.000000
vt 0.853553 0.146447
vt 0.000000 0.000000
vt 1.000000 0.000000
vt 1.000000 1.000000
vt 0.000000 1.000000
vt 0.000000 0.000000
vt 1.000000 0.000000
vt 1.000000 1.000000
vt 0.000000 1.000000
vt 0.000000 0.000000
vt 1.000000 0.000000
vt 1.000000 1.000000
vt 0.000000 1.000000
vt 0.000000 0.000000
vt 1.000000 0.000000
vt 1.000000 1.000000
vt 0.000000 1.000000
vt 0.000000 0.000000
vt 1.000000 0.000000
vt 1.000000 1.000000
vt 0.000000 1.000000
vt 0.000000 0.000000
vt 1.000000 0.000000
vt 1.000000 1.000000
vt 0.000000 1.000000
vt 0.000000 0.000000
vt 1.000000 0.000000
vt 1.000000 1.000000
vt 0.000000 1.000000
vt 0.000000 0.000000
vt 1.000000 0.000000
vt 1.000000 1.000000
vt 0.000000 1.000000
vt 1.000000 0.500000
vt 0.853553 0.853553
vt 0.500000 1.000000
vt 0.146447 0.853553
vt 0.000000 0.500000
vt 0.146447 0.146447
vt 0.500000 0.000000
vt 0.853553 0.146447
vt 1.000000 0.500000
vt 0.853553 0.853553
vt 0.500000 1.000000
vt 0.146447 0.853553
vt 0.000000 0.500000
vt 0.146447 0.146447
vt 0.500000 0.000000
vt 0.853553 0.146447
vt 0.000000 0.000000
vt 1.000000 0.000000
vt 1.000000 1.000000
vt 0.000000 1.000000
vt 0.000000 0.000000
vt 1.000000 0.000000
vt 1.000000 1.000000
vt 0.000000 1.000000
vt 0.000000 0.000000
vt 1.000000 0.000000
vt 1.000000 1.000000
vt 0.000000 1.000000
vt 0.000000 0.000000
vt 1.000000 0.000000
vt 1.000000 1.000000
vt 0.000000 1.000000
vt 0.000000 0.000000
vt 1.000000 0.000000
vt 1.000000 1.000000
vt 0.000000 1.000000
vt 0.000000 0.000000
vt 1.000000 0.000000
vt 1.000000 1.000000
vt 0.000000 1.000000
vt 0.000000 0.000000
vt 1.000000 0.000000
vt 1.000000 1.000000
vt 0.000000 1.000000
vt 0.000000 0.000000
vt 1.000000 0.000000
vt 1.000000 1.000000
vt 0.000000 1.000000
vt 1.000000 0.500000
vt 0.853553 0.853553
vt 0.500000 1.000000
vt 0.146447 0.853553
vt 0.000000 0.500000
vt 0.146447 0.146447
vt 0.500000 0.000000
vt 0.853553 0.146447
vt 1.000000 0.500000
vt 0.853553 0.853553
vt 0.500000 1.000000
vt 0.146447 0.853553
vt 0.000000 0.500000
vt 0.146447 0.146447
vt 0.500000 0.000000
vt 0.853553 0.146447
vt 0.000000 0.000000
vt 1.000000 0.000000
vt 1.000000 1.000000
vt 0.000000 1.000000
vt 0.000000 0.000000
vt 1.000000 0.000000
vt 1.000000 1.000000
vt 0.000000 1.000000
vt 0.000000 0.000000
vt 1.000000 0.000000
vt 1.000000 1.000000
vt 0.000000 1.000000
vt 0.000000 0.000000
vt 1.000000 0.000000
vt 1.000000 1.000000
vt 0.000000 1.000000
vt 0.000000 0.000000
vt 1.000000 0.000000
vt 1.000000 1.000000
vt 0.000000 1.000000
vt 0.000000 0.000000
vt 1.000000 0.000000
vt 1.000000 1.000000
vt 0.000000 1.000000
vt 0.000000 0.000000
vt 1.000000 0.000000
vt 1.000000 1.000000
vt 0.000000 1.000000
vt 0.000000 0.000000
vt 1.000000 0.000000
vt 1.000000 1.000000
vt 0.000000 1.000000
vt 0.000000 0.000000
vt 1.000000 0.000000
vt 1.000000 1.000000
vt 0.000000 1.000000
vt 0.000000 0.000000
vt 1.000000 0.000000
vt 1.000000 1.000000
vt 0.000000 1.000000
vt 0.000000 0.000000
vt 1.000000 0.000000
vt 1.000000 1.000000
vt 0.000000 1.000000
vt 0.000000 0.000000
vt 1.000000 0.000000
vt 1.000000 1.000000
vt 0.000000 1.000000
vt 0.000000 0.000000
vt 1.000000 0.000000
vt 1.000000 1.000000
vt 0.000000 1.000000
vt 0.000000 0.000000
vt 1.000000 0.000000
vt 1.000000 1.000000
vt 0.000000 1.000000
vt 0.000000 0.000000
vt 1.000000 0.000000
vt 1.000000 1.000000
vt 0.000000 1.000000
vt 0.000000 0.000000
vt 1.000000 0.000000
vt 1.000000 1.000000
vt 0.000000 1.000000
vt 0.000000 0.000000
vt 1.000000 0.000000
vt 1.000000 1.000000
vt 0.000000 1.000000
vt 0.000000 0.000000
vt 1.000000 0.000000
vt 1.000000 1.000000
vt 0.000000 1.000000
vt 0.000000 0.000000
vt 1.000000 0.000000
vt 1.000000 1.000000
vt 0.000000 1.000000
vt 0.000000 0.000000
vt 1.000000 0.000000
vt 1.000000 1.000000
vt 0.000000 1.000000
vt 0.000000 0.000000
vt 1.000000 0.000000
vt 1.000000 1.000000
vt 0.000000 1.000000
vt 0.000000 0.000000
vt 1.000000 0.000000
vt 1.000000 1.000000
vt 0.000000 1.000000
vt 0.000000 0.000000
vt 1.000000 0.000000
vt 1.000000 1.000000
vt 0.000000 1.000000
vt 0.000000 0.000000
vt 1.000000 0.000000
vt 1.000000 1.000000
vt 0.000000 1.000000
vt 0.000000 0.000000
vt 1.000000 0.000000
vt 1.000000 1.000000
vt 0.000000 1.000000
vt 0.000000 0.000000
vt 1.000000 0.000000
vt 1.000000 1.000000
vt 0.000000 1.000000
vt 0.000000 0.000000
vt 1.000000 0.000000
vt 1.000000 1.000000
vt 0.000000 1.000000
vt 0.000000 0.000000
vt 1.000000 0.000000
vt 1.000000 1.000000
vt 0.000000 1.000000
vt 0.000000 0.000000
vt 1.000000 0.000000
vt 1.000000 1.000000
vt 0.000000 1.000000
vt 0.000000 0.000000
vt 1.000000 0.000000
vt 1.000000 1.000000
vt 0.000000 1.000000
vt 0.000000 0.000000
vt 1.000000 0.000000
vt 1.000000 1.000000
vt 0.000000 1.000000
vt 0.000000 0.000000
vt 1.000000 0.000000
vt 1.000000 1.000000
vt 0.000000 1.000000
vt 0.000000 0.000000
vt 1.000000 0.000000
vt 1.000000 1.000000
vt 0.000000 1.000000
vt 0.000000 0.000000
vt 1.000000 0.000000
vt 1.000000 1.000000
vt 0.000000 1.000000
vt 0.000000 0.000000
vt 1.000000 0.000000
vt 1.000000 1.000000
vt 0.000000 1.000000
vt 0.000000 0.000000
vt 1.000000 0.000000
vt 1.000000 1.000000
vt 0.000000 1.000000
vt 0.000000 0.000000
vt 1.000000 0.000000
vt 1.000000 1.000000
vt 0.000000 1.000000
vt 0.000000 0.000000
vt 1.000000 0.000000
vt 1.000000 1.000000
vt 0.000000 1.000000
vt 1.000000 0.500000
vt 0.853553 0.853553
vt 0.500000 1.000000
vt 0.146447 0.853553
vt 0.000000 0.500000
vt 0.146447 0.146447
vt 0.500000 0.000000
vt 0.853553 0.146447
vt 1.000000 0.500000
vt 0.853553 0.853553
vt 0.500000 1.000000
vt 0.146447 0.853553
vt 0.000000 0.500000
vt 0.146447 0.146447
vt 0.500000 0.000000
vt 0.853553 0.146447
vt 0.000000 0.000000
vt 1.000000 0.000000
vt 1.000000 1.000000
vt 0.000000 1.000000
vt 0.000000 0.000000
vt 1.000000 0.000000
vt 1.000000 1.000000
vt 0.000000 1.000000
vt 0.000000 0.000000
vt 1.000000 0.000000
vt 1.000000 1.000000
vt 0.000000 1.000000
vt 0.000000 0.000000
vt 1.000000 0.000000
vt 1.000000 1.000000
vt 0.000000 1.000000
vt 0.000000 0.000000
vt 1.000000 0.000000
vt 1.000000 1.000000
vt 0.000000 1.000000
vt 0.000000 0.000000
vt 1.000000 0.000000
vt 1.000000 1.000000
vt 0.000000 1.000000
vt 0.000000 0.000000
vt 1.000000 0.000000
vt 1.000000 1.000000
vt 0.000000 1.000000
vt 0.000000 0.000000
vt 1.000000 0.000000
vt 1.000000 1.000000
vt 0.000000 1.000000
vt 1.000000 0.500000
vt 0.853553 0.853553
vt 0.500000 1.000000
vt 0.146447 0.853553
vt 0.000000 0.500000
vt 0.146447 0.146447
vt 0.500000 0.000000
vt 0.853553 0.146447
vt 1.000000 0.500000
vt 0.853553 0.853553
vt 0.500000 1.000000
vt 0.146447 0.853553
vt 0.000000 0.500000
vt 0.146447 0.146447
vt 0.500000 0.000000
vt 0.853553 0.146447
vt 0.000000 0.000000
vt 1.000000 0.000000
vt 1.000000 1.000000
vt 0.000000 1.000000
vt 0.000000 0.000000
vt 1.000000 0.000000
vt 1.000000 1.000000
vt 0.000000 1.000000
vt 0.000000 0.000000
vt 1.000000 0.000000
vt 1.000000 1.000000
vt 0.000000 1.000000
vt 0.000000 0.000000
vt 1.000000 0.000000
vt 1.000000 1.000000
vt 0.000000 1.000000
vt 0.000000 0.000000
vt 1.000000 0.000000
vt 1.000000 1.000000
vt 0.000000 1.000000
vt 0.000000 0.000000
vt 1.000000 0.000000
vt 1.000000 1.000000
vt 0.000000 1.000000
vt 0.000000 0.000000
vt 1.000000 0.000000
vt 1.000000 1.000000
vt 0.000000 1.000000
vt 0.000000 0.000000
vt 1.000000 0.000000
vt 1.000000 1.000000
vt 0.000000 1.000000
vt 1.000000 0.500000
vt 0.853553 0.853553
vt 0.500000 1.000000
vt 0.146447 0.853553
vt 0.000000 0.500000
vt 0.146447 0.146447
vt 0.500000 0.000000
vt 0.853553 0.146447
vt 1.000000 0.500000
vt 0.853553 0.853553
vt 0.500000 1.000000
vt 0.146447 0.853553
vt 0.000000 0.500000
vt 0.146447 0.146447
vt 0.500000 0.000000
vt 0.853553 0.146447
vt 0.000000 0.000000
vt 1.000000 0.000000
vt 1.000000 1.000000
vt 0.000000 1.000000
vt 0.000000 0.000000
vt 1.000000 0.000000
vt 1.000000 1.000000
vt 0.000000 1.000000
vt 0.000000 0.000000
vt 1.000000 0.000000
vt 1.000000 1.000000
vt 0.000000 1.000000
vt 0.000000 0.000000
vt 1.000000 0.000000
vt 1.000000 1.000000
vt 0.000000 1.000000
vt 0.000000 0.000000
vt 1.000000 0.000000
vt 1.000000 1.000000
vt 0.000000 1.000000
vt 0.000000 0.000000
vt 1.000000 0.000000
vt 1.000000 1.000000
vt 0.000000 1.000000
vt 0.000000 0.000000
vt 1.000000 0.000000
vt 1.000000 1.000000
vt 0.000000 1.000000
vt 0.000000 0.000000
vt 1.000000 0.000000
vt 1.000000 1.000000
vt 0.000000 1.000000
vt 1.000000 0.500000
vt 0.853553 0.853553
vt 0.500000 1.000000
vt 0.146447 0.853553
vt 0.000000 0.500000
vt 0.146447 0.146447
vt 0.500000 0.000000
vt 0.853553 0.146447
vt 1.000000 0.500000
vt 0.853553 0.853553
vt 0.500000 1.000000
vt 0.146447 0.853553
vt 0.000000 0.500000
vt 0.146447 0.146447
vt 0.500000 0.000000
vt 0.853553 0.146447
vt 0.000000 0.000000
vt 1.000000 0.000000
vt 1.000000 1.000000
vt 0.000000 1.000000
vt 0.000000 0.000000
vt 1.000000 0.000000
vt 1.000000 1.000000
vt 0.000000 1.000000
vt 0.000000 0.000000
vt 1.000000 0.000000
vt 1.000000 1.000000
vt 0.000000 1.000000
vt 0.000000 0.000000
vt 1.000000 0.000000
vt 1.000000 1.000000
vt 0.000000 1.000000
vt 0.000000 0.000000
vt 1.000000 0.000000
vt 1.000000 1.000000
vt 0.000000 1.000000
vt 0.000000 0.000000
vt 1.000000 0.000000
vt 1.000000 1.000000
vt 0.000000 1.000000
vt 0.000000 0.000000
vt 1.000000 0.000000
vt 1.000000 1.000000
vt 0.000000 1.000000
vt 0.000000 0.000000
vt 1.000000 0.000000
vt 1.000000 1.000000
vt 0.000000 1.000000
vt 0.000000 0.000000
vt 1.000000 0.000000
vt 1.000000 1.000000
vt 0.000000 1.000000
vt 0.000000 0.000000
vt 1.000000 0.000000
vt 1.000000 1.000000
vt 0.000000 1.000000
vt 0.000000 0.000000
vt 1.000000 0.000000
vt 1.000000 1.000000
vt 0.000000 1.000000
vt 0.000000 0.000000
vt 1.000000 0.000000
vt 1.000000 1.000000
vt 0.000000 1.000000
vt 0.000000 0.000000
vt 1.000000 0.000000
vt 1.000000 1.000000
vt 0.000000 1.000000
vt 0.000000 0.000000
vt 1.000000 0.000000
vt 1.000000 1.000000
vt 0.000000 1.000000
vt 0.000000 0.000000
vt 1.000000 0.000000
vt 1.000000 1.000000
vt 0.000000 1.000000
vt 0.000000 0.000000
vt 1.000000 0.000000
vt 1.000000 1.000000
vt 0.000000 1.000000
vt 0.000000 0.000000
vt 1.000000 0.000000
vt 1.000000 1.000000
vt 0.000000 1.000000
vt 0.000000 0.000000
vt 1.000000 0.000000
vt 1.000000 1.000000
vt 0.000000 1.000000
vt 0.000000 0.000000
vt 1.000000 0.000000
vt 1.000000 1.000000
vt 0.000000 1.000000
vt 0.000000 0.000000
vt 1.000000 0.000000
vt 1.000000 1.000000
vt 0.000000 1.000000
vt 0.000000 0.000000
vt 1.000000 0.000000
vt 1.000000 1.000000
vt 0.000000 1.000000
vt 0.000000 0.000000
vt 1.000000 0.000000
vt 1.000000 1.000000
vt 0.000000 1.000000
vt 0.000000 0.000000
vt 1.000000 0.000000
vt 1.000000 1.000000
vt 0.000000 1.000000
vt 0.000000 0.000000
vt 1.000000 0.000000
vt 1.000000 1.000000
vt 0.000000 1.000000
vt 0.000000 0.000000
vt 1.000000 0.000000
vt 1.000000 1.000000
vt 0.000000 1.000000
vt 0.000000 0.000000
vt 1.000000 0.000000
vt 1.000000 1.000000
vt 0.000000 1.000000
vt 0.000000 0.000000
vt 1.000000 0.000000
vt 1.000000 1.000000
vt 0.000000 1.000000
vt 0.000000 0.000000
vt 1.000000 0.000000
vt 1.000000 1.000000
vt 0.000000 1.000000
vt 0.000000 0.000000
vt 1.000000 0.000000
vt 1.000000 1.000000
vt 0.000000 1.000000
vt 0.000000 0.000000
vt 1.000000 0.000000
vt 1.000000 1.000000
vt 0.000000 1.000000
vt 0.000000 0.000000
vt 1.000000 0.000000
vt 1.000000 1.000000
vt 0.000000 1.000000
vt 0.000000 0.000000
vt 1.000000 0.000000
vt 1.000000 1.000000
vt 0.000000 1.000000
vt 0.000000 0.000000
vt 1.000000 0.000000
vt 1.000000 1.000000
vt 0.000000 1.000000
vt 0.000000 0.000000
vt 1.000000 0.000000
vt 1.000000 1.000000
vt 0.000000 1.000000
vt 0.000000 0.000000
vt 1.000000 0.000000
vt 1.000000 1.000000
vt 0.000000 1.000000
vt 0.000000 0.000000
vt 1.000000 0.000000
vt 1.000000 1.000000
vt 0.000000 1.000000
vt 0.000000 0.000000
vt 1.000000 0.000000
vt 1.000000 1.000000
vt 0.000000 1.000000
vt 0.000000 0.000000
vt 1.000000 0.000000
vt 1.000000 1.000000
vt 0.000000 1.000000
vt 0.000000 0.000000
vt 1.000000 0.000000
vt 1.000000 1.000000
vt 0.000000 1.000000
vt 0.000000 0.000000
vt 1.000000 0.000000
vt 1.000000 1.000000
vt 0.000000 1.000000
vt 0.000000 0.000000
vt 1.000000 0.000000
vt 1.000000 1.000000
vt 0.000000 1.000000
vt 0.000000 0.000000
vt 1.000000 0.000000
vt 1.000000 1.000000
vt 0.000000 1.000000
vt 0.000000 0.000000
vt 1.000000 0.000000
vt 1.000000 1.000000
vt 0.000000 1.000000
vt 0.000000 0.000000
vt 1.000000 0.000000
vt 1.000000 1.000000
vt 0.000000 1.000000
vt 0.000000 0.000000
vt 1.000000 0.000000
vt 1.000000 1.000000
vt 0.000000 1.000000
vt 0.000000 0.000000
vt 1.000000 0.000000
vt 1.000000 1.000000
vt 0.000000 1.000000
vt 0.000000 0.000000
vt 1.000000 0.000000
vt 1.000000 1.000000
vt 0.000000 1.000000
vt 0.000000 0.000000
vt 1.000000 0.000000
vt 1.000000 1.000000
vt 0.000000 1.000000
vt 0.000000 0.000000
vt 1.000000 0.000000
vt 1.000000 1.000000
vt 0.000000 1.000000
vt 1.000000 0.500000
vt 0.811745 0.890916
vt 0.388740 0.987464
vt 0.049516 0.716942
vt 0.049516 0.283058
vt 0.388740 0.012536
vt 0.811745 0.109084
vt 1.000000 0.500000
vt 0.811745 0.890916
vt 0.388740 0.987464
vt 0.049516 0.716942
vt 0.049516 0.283058
vt 0.388740 0.012536
vt 0.811745 0.109084
vt 0.000000 0.000000
vt 1.000000 0.000000
vt 1.000000 1.000000
vt 0.000000 1.000000
vt 0.000000 0.000000
vt 1.000000 0.000000
vt 1.000000 1.000000
vt 0.000000 1.000000
vt 0.000000 0.000000
vt 1.000000 0.000000
vt 1.000000 1.000000
vt 0.000000 1.000000
vt 0.000000 0.000000
vt 1.000000 0.000000
vt 1.000000 1.000000
vt 0.000000 1.000000
vt 0.000000 0.000000
vt 1.000000 0.000000
vt 1.000000 1.000000
vt 0.000000 1.000000
vt 0.000000 0.000000
vt 1.000000 0.000000
vt 1.000000 1.000000
vt 0.000000 1.000000
vt 0.000000 0.000000
vt 1.000000 0.000000
vt 1.000000 1.000000
vt 0.000000 1.000000
vt 1.000000 0.500000
vt 0.811745 0.890916
vt 0.388740 0.987464
vt 0.049516 0.716942
vt 0.049516 0.283058
vt 0.388740 0.012536
vt 0.811745 0.109084
vt 1.000000 0.500000
vt 0.811745 0.890916
vt 0.388740 0.987464
vt 0.049516 0.716942
vt 0.049516 0.283058
vt 0.388740 0.012536
vt 0.811745 0.109084
vt 0.000000 0.000000
vt 1.000000 0.000000
vt 1.000000 1.000000
vt 0.000000 1.000000
vt 0.000000 0.000000
vt 1.000000 0.000000
vt 1.000000 1.000000
vt 0.000000 1.000000
vt 0.000000 0.000000
vt 1.000000 0.000000
vt 1.000000 1.000000
vt 0.000000 1.000000
vt 0.000000 0.000000
vt 1.000000 0.000000
vt 1.000000 1.000000
vt 0.000000 1.000000
vt 0.000000 0.000000
vt 1.000000 0.000000
vt 1.000000 1.000000
vt 0.000000 1.000000
vt 0.000000 0.000000
vt 1.000000 0.000000
vt 1.000000 1.000000
vt 0.000000 1.000000
vt 0.000000 0.000000
vt 1.000000 0.000000
vt 1.000000 1.000000
vt 0.000000 1.000000
vt 1.000000 0.500000
vt 0.811745 0.890916
vt 0.388740 0.987464
vt 0.049516 0.716942
vt 0.049516 0.283058
vt 0.388740 0.012536
vt 0.811745 0.109084
vt 1.000000 0.500000
vt 0.811745 0.890916
vt 0.388740 0.987464
vt 0.049516 0.716942
vt 0.049516 0.283058
vt 0.388740 0.012536
vt 0.811745 0.109084
vt 0.000000 0.000000
vt 1.000000 0.000000
vt 1.000000 1.000000
vt 0.000000 1.000000
vt 0.000000 0.000000
vt 1.000000 0.000000
vt 1.000000 1.000000
vt 0.000000 1.000000
vt 0.000000 0.000000
vt 1.000000 0.000000
vt 1.000000 1.000000
vt 0.000000 1.000000
vt 0.000000 0.000000
vt 1.000000 0.000000
vt 1.000000 1.000000
vt 0.000000 1.000000
vt 0.000000 0.000000
vt 1.000000 0.000000
vt 1.000000 1.000000
vt 0.000000 1.000000
vt 0.000000 0.000000
vt 1.000000 0.000000
vt 1.000000 1.000000
vt 0.000000 1.000000
vt 0.000000 0.000000
vt 1.000000 0.000000
vt 1.000000 1.000000
vt 0.000000 1.000000
vt 1.000000 0.500000
vt 0.811745 0.890916
vt 0.388740 0.987464
vt 0.049516 0.716942
vt 0.049516 0.283058
vt 0.388740 0.012536
vt 0.811745 0.109084
vt 1.000000 0.500000
vt 0.811745 0.890916
vt 0.388740 0.987464
vt 0.049516 0.716942
vt 0.049516 0.283058
vt 0.388740 0.012536
vt 0.811745 0.109084
vt 0.000000 0.000000
vt 1.000000 0.000000
vt 1.000000 1.000000
vt 0.000000 1.000000
vt 0.000000 0.000000
vt 1.000000 0.000000
vt 1.000000 1.000000
vt 0.000000 1.000000
vt 0.000000 0.000000
vt 1.000000 0.000000
vt 1.000000 1.000000
vt 0.000000 1.000000
vt 0.000000 0.000000
vt 1.000000 0.000000
vt 1.000000 1.000000
vt 0.000000 1.000000
vt 0.000000 0.000000
vt 1.000000 0.000000
vt 1.000000 1.000000
vt 0.000000 1.000000
vt 0.000000 0.000000
vt 1.000000 0.000000
vt 1.000000 1.000000
vt 0.000000 1.000000
vt 0.000000 0.000000
vt 1.000000 0.000000
vt 1.000000 1.000000
vt 0.000000 1.000000
vt 1.000000 0.500000
vt 0.811745 0.890916
vt 0.388740 0.987464
vt 0.049516 0.716942
vt 0.049516 0.283058
vt 0.388740 0.012536
vt 0.811745 0.109084
vt 1.000000 0.500000
vt 0.811745 0.890916
vt 0.388740 0.987464
vt 0.049516 0.716942
vt 0.049516 0.283058
vt 0.388740 0.012536
vt 0.811745 0.109084
vt 0.000000 0.000000
vt 1.000000 0.000000
vt 1.000000 1.000000
vt 0.000000 1.000000
vt 0.000000 0.000000
vt 1.000000 0.000000
vt 1.000000 1.000000
vt 0.000000 1.000000
vt 0.000000 0.000000
vt 1.000000 0.000000
vt 1.000000 1.000000
vt 0.000000 1.000000
vt 0.000000 0.000000
vt 1.000000 0.000000
vt 1.000000 1.000000
vt 0.000000 1.000000
vt 0.000000 0.000000
vt 1.000000 0.000000
vt 1.000000 1.000000
vt 0.000000 1.000000
vt 0.000000 0.000000
vt 1.000000 0.000000
vt 1.000000 1.000000
vt 0.000000 1.000000
vt 0.000000 0.000000
vt 1.000000 0.000000
vt 1.000000 1.000000
vt 0.000000 1.000000
vt 1.000000 0.500000
vt 0.811745 0.890916
vt 0.388740 0.987464
vt 0.049516 0.716942
vt 0.049516 0.283058
vt 0.388740 0.012536
vt 0.811745 0.109084
vt 1.000000 0.500000
vt 0.811745 0.890916
vt 0.388740 0.987464
vt 0.049516 0.716942
vt 0.049516 0.283058
vt 0.388740 0.012536
vt 0.811745 0.109084
vt 0.000000 0.000000
vt 1.000000 0.000000
vt 1.000000 1.000000
vt 0.000000 1.000000
vt 0.000000 0.000000
vt 1.000000 0.000000
vt 1.000000 1.000000
vt 0.000000 1.000000
vt 0.000000 0.000000
vt 1.000000 0.000000
vt 1.000000 1.000000
vt 0.000000 1.000000
vt 0.000000 0.000000
vt 1.000000 0.000000
vt 1.000000 1.000000
vt 0.000000 1.000000
vt 0.000000 0.000000
vt 1.000000 0.000000
vt 1.000000 1.000000
vt 0.000000 1.000000
vt 0.000000 0.000000
vt 1.000000 0.000000
vt 1.000000 1.000000
vt 0.000000 1.000000
vt 0.000000 0.000000
vt 1.000000 0.000000
vt 1.000000 1.000000
vt 0.000000 1.000000
vt 0.000000 0.000000
vt 1.000000 0.000000
vt 1.000000 1.000000
vt 0.000000 1.000000
vt 0.000000 0.000000
vt 1.000000 0.000000
vt 1.000000 1.000000
vt 0.000000 1.000000
vt 0.000000 0.000000
vt 1.000000 0.000000
vt 1.000000 1.000000
vt 0.000000 1.000000
vt 0.000000 0.000000
vt 1.000000 0.000000
vt 1.000000 1.000000
vt 0.000000 1.000000
vt 0.000000 0.000000
vt 1.000000 0.000000
vt 1.000000 1.000000
vt 0.000000 1.000000
vt 0.000000 0.000000
vt 1.000000 0.000000
vt 1.000000 1.000000
vt 0.000000 1.000000
vt 0.000000 0.000000
vt 1.000000 0.000000
vt 1.000000 1.000000
vt 0.000000 1.000000
vt 0.000000 0.000000
vt 1.000000 0.000000
vt 1.000000 1.000000
vt 0.000000 1.000000
vt 0.000000 0.000000
vt 1.000000 0.000000
vt 1.000000 1.000000
vt 0.000000 1.000000
vt 0.000000 0.000000
vt 1.000000 0.000000
vt 1.000000 1.000000
vt 0.000000 1.000000
vt 0.000000 0.000000
vt 1.000000 0.000000
vt 1.000000 1.000000
vt 0.000000 1.000000
vt 0.000000 0.000000
vt 1.000000 0.000000
vt 1.000000 1.000000
vt 0.000000 1.000000
vt 0.000000 0.000000
vt 1.000000 0.000000
vt 1.000000 1.000000
vt 0.000000 1.000000
vt 1.000000 0.500000
vt 0.853553 0.853553
vt 0.500000 1.000000
vt 0.146447 0.853553
vt 0.000000 0.500000
vt 0.146447 0.146447
vt 0.500000 0.000000
vt 0.853553 0.146447
vt 1.000000 0.500000
vt 0.853553 0.853553
vt 0.500000 1.000000
vt 0.146447 0.853553
vt 0.000000 0.500000
vt 0.146447 0.146447
vt 0.500000 0.000000
vt 0.853553 0.146447
vt 0.000000 0.000000
vt 1.000000 0.000000
vt 1.000000 1.000000
vt 0.000000 1.000000
vt 0.000000 0.000000
vt 1.000000 0.000000
vt 1.000000 1.000000
vt 0.000000 1.000000
vt 0.000000 0.000000
vt 1.000000 0.000000
vt 1.000000 1.000000
vt 0.000000 1.000000
vt 0.000000 0.000000
vt 1.000000 0.000000
vt 1.000000 1.000000
vt 0.000000 1.000000
vt 0.000000 0.000000
vt 1.000000 0.000000
vt 1.000000 1.000000
vt 0.000000 1.000000
vt 0.000000 0.000000
vt 1.000000 0.000000
vt 1.000000 1.000000
vt 0.000000 1.000000
vt 0.000000 0.000000
vt 1.000000 0.000000
vt 1.000000 1.000000
vt 0.000000 1.000000
vt 0.000000 0.000000
vt 1.000000 0.000000
vt 1.000000 1.000000
vt 0.000000 1.000000
vt 1.000000 0.500000
vt 0.853553 0.853553
vt 0.500000 1.000000
vt 0.146447 0.853553
vt 0.000000 0.500000
vt 0.146447 0.146447
vt 0.500000 0.000000
vt 0.853553 0.146447
vt 1.000000 0.500000
vt 0.853553 0.853553
vt 0.500000 1.000000
vt 0.146447 0.853553
vt 0.000000 0.500000
vt 0.146447 0.146447
vt 0.500000 0.000000
vt 0.853553 0.146447
vt 0.000000 0.000000
vt 1.000000 0.000000
vt 1.000000 1.000000
vt 0.000000 1.000000
vt 0.000000 0.000000
vt 1.000000 0.000000
vt 1.000000 1.000000
vt 0.000000 1.000000
vt 0.000000 0.000000
vt 1.000000 0.000000
vt 1.000000 1.000000
vt 0.000000 1.000000
vt 0.000000 0.000000
vt 1.000000 0.000000
vt 1.000000 1.000000
vt 0.000000 1.000000
vt 0.000000 0.000000
vt 1.000000 0.000000
vt 1.000000 1.000000
vt 0.000000 1.000000
vt 0.000000 0.000000
vt 1.000000 0.000000
vt 1.000000 1.000000
vt 0.000000 1.000000
vt 0.000000 0.000000
vt 1.000000 0.000000
vt 1.000000 1.000000
vt 0.000000 1.000000
vt 0.000000 0.000000
vt 1.000000 0.000000
vt 1.000000 1.000000
vt 0.000000 1.000000
vt 1.000000 0.500000
vt 0.853553 0.853553
vt 0.500000 1.000000
vt 0.146447 0.853553
vt 0.000000 0.500000
vt 0.146447 0.146447
vt 0.500000 0.000000
vt 0.853553 0.146447
vt 1.000000 0.500000
vt 0.853553 0.853553
vt 0.500000 1.000000
vt 0.146447 0.853553
vt 0.000000 0.500000
vt 0.146447 0.146447
vt 0.500000 0.000000
vt 0.853553 0.146447
vt 0.000000 0.000000
vt 1.000000 0.000000
vt 1.000000 1.000000
vt 0.000000 1.000000
vt 0.000000 0.000000
vt 1.000000 0.000000
vt 1.000000 1.000000
vt 0.000000 1.000000
vt 0.000000 0.000000
vt 1.000000 0.000000
vt 1.000000 1.000000
vt 0.000000 1.000000
vt 0.000000 0.000000
vt 1.000000 0.000000
vt 1.000000 1.000000
vt 0.000000 1.000000
vt 0.000000 0.000000
vt 1.000000 0.000000
vt 1.000000 1.000000
vt 0.000000 1.000000
vt 0.000000 0.000000
vt 1.000000 0.000000
vt 1.000000 1.000000
vt 0.000000 1.000000
vt 0.000000 0.000000
vt 1.000000 0.000000
vt 1.000000 1.000000
vt 0.000000 1.000000
vt 0.000000 0.000000
vt 1.000000 0.000000
vt 1.000000 1.000000
vt 0.000000 1.000000
vt 1.000000 0.500000
vt 0.853553 0.853553
vt 0.500000 1.000000
vt 0.146447 0.853553
vt 0.000000 0.500000
vt 0.146447 0.146447
vt 0.500000 0.000000
vt 0.853553 0.146447
vt 1.000000 0.500000
vt 0.853553 0.853553
vt 0.500000 1.000000
vt 0.146447 0.853553
vt 0.000000 0.500000
vt 0.146447 0.146447
vt 0.500000 0.000000
vt 0.853553 0.146447
vt 0.000000 0.000000
vt 1.000000 0.000000
vt 1.000000 1.000000
vt 0.000000 1.000000
vt 0.000000 0.000000
vt 1.000000 0.000000
vt 1.000000 1.000000
vt 0.000000 1.000000
vt 0.000000 0.000000
vt 1.000000 0.000000
vt 1.000000 1.000000
vt 0.000000 1.000000
vt 0.000000 0.000000
vt 1.000000 0.000000
vt 1.000000 1.000000
vt 0.000000 1.000000
vt 0.000000 0.000000
vt 1.000000 0.000000
vt 1.000000 1.000000
vt 0.000000 1.000000
vt 0.000000 0.000000
vt 1.000000 0.000000
vt 1.000000 1.000000
vt 0.000000 1.000000
vt 0.000000 0.000000
vt 1.000000 0.000000
vt 1.000000 1.000000
vt 0.000000 1.000000
vt 0.000000 0.000000
vt 1.000000 0.000000
vt 1.000000 1.000000
vt 0.000000 1.000000
vt 1.000000 0.500000
vt 0.853553 0.853553
vt 0.500000 1.000000
vt 0.146447 0.853553
vt 0.000000 0.500000
vt 0.146447 0.146447
vt 0.500000 0.000000
vt 0.853553 0.146447
vt 1.000000 0.500000
vt 0.853553 0.853553
vt 0.500000 1.000000
vt 0.146447 0.853553
vt 0.000000 0.500000
vt 0.146447 0.146447
vt 0.500000 0.000000
vt 0.853553 0.146447
vt 0.000000 0.000000
vt 1.000000 0.000000
vt 1.000000 1.000000
vt 0.000000 1.000000
vt 0.000000 0.000000
vt 1.000000 0.000000
vt 1.000000 1.000000
vt 0.000000 1.000000
vt 0.000000 0.000000
vt 1.000000 0.000000
vt 1.000000 1.000000
vt 0.000000 1.000000
vt 0.000000 0.000000
vt 1.000000 0.000000
vt 1.000000 1.000000
vt 0.000000 1.000000
vt 0.000000 0.000000
vt 1.000000 0.000000
vt 1.000000 1.000000
vt 0.000000 1.000000
vt 0.000000 0.000000
vt 1.000000 0.000000
vt 1.000000 1.000000
vt 0.000000 1.000000
vt 0.000000 0.000000
vt 1.000000 0.000000
vt 1.000000 1.000000
vt 0.000000 1.000000
vt 0.000000 0.000000
vt 1.000000 0.000000
vt 1.000000 1.000000
vt 0.000000 1.000000
vt 1.000000 0.500000
vt 0.853553 0.853553
vt 0.500000 1.000000
vt 0.146447 0.853553
vt 0.000000 0.500000
vt 0.146447 0.146447
vt 0.500000 0.000000
vt 0.853553 0.146447
vt 1.000000 0.500000
vt 0.853553 0.853553
vt 0.500000 1.000000
vt 0.146447 0.853553
vt 0.000000 0.500000
vt 0.146447 0.146447
vt 0.500000 0.000000
vt 0.853553 0.146447
vt 0.000000 0.000000
vt 1.000000 0.000000
vt 1.000000 1.000000
vt 0.000000 1.000000
vt 0.000000 0.000000
vt 1.000000 0.000000
vt 1.000000 1.000000
vt 0.000000 1.000000
vt 0.000000 0.000000
vt 1.000000 0.000000
vt 1.000000 1.000000
vt 0.000000 1.000000
vt 0.000000 0.000000
vt 1.000000 0.000000
vt 1.000000 1.000000
vt 0.000000 1.000000
vt 0.000000 0.000000
vt 1.000000 0.000000
vt 1.000000 1.000000
vt 0.000000 1.000000
vt 0.000000 0.000000
vt 1.000000 0.000000
vt 1.000000 1.000000
vt 0.000000 1.000000
vt 0.000000 0.000000
vt 1.000000 0.000000
vt 1.000000 1.000000
vt 0.000000 1.000000
vt 0.000000 0.000000
vt 1.000000 0.000000
vt 1.000000 1.000000
vt 0.000000 1.000000
vt 1.000000 0.500000
vt 0.853553 0.853553
vt 0.500000 1.000000
vt 0.146447 0.853553
vt 0.000000 0.500000
vt 0.146447 0.146447
vt 0.500000 0.000000
vt 0.853553 0.146447
vt 1.000000 0.500000
vt 0.853553 0.853553
vt 0.500000 1.000000
vt 0.146447 0.853553
vt 0.000000 0.500000
vt 0.146447 0.146447
vt 0.500000 0.000000
vt 0.853553 0.146447
vn 0.000000 0.000000 1.000000
vn 0.000000 0.000000 -1.000000
vn 1.000000 0.000000 0.000000
vn -1.000000 0.000000 0.000000
vn 0.000000 -1.000000 0.000000
vn -0.000000 1.000000 0.000000
vn 0.000000 0.000000 1.000000
vn 0.000000 0.000000 -1.000000
vn 1.000000 0.000000 0.000000
vn -1.000000 0.000000 0.000000
vn 0.000000 -1.000000 0.000000
vn -0.000000 1.000000 0.000000
vn -0.923880 0.000000 -0.382683
vn -0.382683 0.000000 -0.923880
vn 0.382683 0.000000 -0.923880
vn 0.923880 0.000000 -0.382683
vn 0.923880 0.000000 0.382683
vn 0.382683 0.000000 0.923880
vn -0.382683 0.000000 0.923880
vn -0.923880 0.000000 0.382683
vn 0.000000 1.000000 0.000000
vn 0.000000 -1.000000 0.000000
vn -0.923880 0.000000 -0.382683
vn -0.382683 0.000000 -0.923880
vn 0.382683 0.000000 -0.923880
vn 0.923880 0.000000 -0.382683
vn 0.923880 0.000000 0.382683
vn 0.382683 0.000000 0.923880
vn -0.382683 0.000000 0.923880
vn -0.923880 0.000000 0.382683
vn 0.000000 1.000000 0.000000
vn 0.000000 -1.000000 0.000000
vn -0.923880 0.000000 -0.382683
vn -0.382683 0.000000 -0.923880
vn 0.382683 0.000000 -0.923880
vn 0.923880 0.000000 -0.382683
vn 0.923880 0.000000 0.382683
vn 0.382683 0.000000 0.923880
vn -0.382683 0.000000 0.923880
vn -0.923880 0.000000 0.382683
vn 0.000000 1.000000 0.000000
vn 0.000000 -1.000000 0.000000
vn -0.923880 0.000000 -0.382683
vn -0.382683 0.000000 -0.923880
vn 0.382683 0.000000 -0.923880
vn 0.923880 0.000000 -0.382683
vn 0.923880 0.000000 0.382683
vn 0.382683 0.000000 0.923880
vn -0.382683 0.000000 0.923880
vn -0.923880 0.000000 0.382683
vn 0.000000 1.000000 0.000000
vn 0.000000 -1.000000 0.000000
vn 0.000000 -0.309017 0.951057
vn 0.000000 -0.809017 0.587785
vn 0.000000 -1.000000 0.000000
vn 0.000000 -0.809017 -0.587785
vn 0.000000 -0.309017 -0.951057
vn 0.000000 0.309017 -0.951057
vn 0.000000 0.809017 -0.587785
vn 0.000000 1.000000 0.000000
vn 0.000000 0.809017 0.587785
vn 0.000000 0.309017 0.951057
vn -1.000000 0.000000 0.000000
vn 1.000000 0.000000 0.000000
vn 0.000000 -0.309017 0.951057
vn 0.000000 -0.809017 0.587785
vn 0.000000 -1.000000 0.000000
vn 0.000000 -0.809017 -0.587785
vn 0.000000 -0.309017 -0.951057
vn 0.000000 0.309017 -0.951057
vn 0.000000 0.809017 -0.587785
vn 0.000000 1.000000 0.000000
vn 0.000000 0.809017 0.587785
vn 0.000000 0.309017 0.951057
vn -1.000000 0.000000 0.000000
vn 1.000000 0.000000 0.000000
vn 0.000000 0.000000 1.000000
vn 0.000000 0.000000 -1.000000
vn 1.000000 0.000000 0.000000
vn -1.000000 0.000000 0.000000
vn 0.000000 -1.000000 0.000000
vn -0.000000 1.000000 0.000000
vn 0.000000 0.000000 1.000000
vn 0.000000 0.000000 -1.000000
vn 1.000000 0.000000 0.000000
vn -1.000000 0.000000 0.000000
vn 0.000000 -1.000000 0.000000
vn -0.000000 1.000000 0.000000
vn -0.923880 0.000000 -0.382683
vn -0.382683 0.000000 -0.923880
vn 0.382683 0.000000 -0.923880
vn 0.923880 0.000000 -0.382683
vn 0.923880 0.000000 0.382683
vn 0.382683 0.000000 0.923880
vn -0.382683 0.000000 0.923880
vn -0.923880 0.000000 0.382683
vn 0.000000 1.000000 0.000000
vn 0.000000 -1.000000 0.000000
vn -0.923880 0.000000 -0.382683
vn -0.382683 0.000000 -0.923880
vn 0.382683 0.000000 -0.923880
vn 0.923880 0.000000 -0.382683
vn 0.923880 0.000000 0.382683
vn 0.382683 0.000000 0.923880
vn -0.382683 0.000000 0.923880
vn -0.923880 0.000000 0.382683
vn 0.000000 1.000000 0.000000
vn 0.000000 -1.000000 0.000000
vn -0.923880 0.000000 -0.382683
vn -0.382683 0.000000 -0.923880
vn 0.382683 0.000000 -0.923880
vn 0.923880 0.000000 -0.382683
vn 0.923880 0.000000 0.382683
vn 0.382683 0.000000 0.923880
vn -0.382683 0.000000 0.923880
vn -0.923880 0.000000 0.382683
vn 0.000000 1.000000 0.000000
vn 0.000000 -1.000000 0.000000
vn -0.923880 0.000000 -0.382683
vn -0.382683 0.000000 -0.923880
vn 0.382683 0.000000 -0.923880
vn 0.923880 0.000000 -0.382683
vn 0.923880 0.000000 0.382683
vn 0.382683 0.000000 0.923880
vn -0.382683 0.000000 0.923880
vn -0.923880 0.000000 0.382683
vn 0.000000 1.000000 0.000000
vn 0.000000 -1.000000 0.000000
vn -0.974928 0.000000 -0.222521
vn -0.781831 0.000000 -0.623490
vn -0.433884 0.000000 -0.900969
vn 0.000000 0.000000 -1.000000
vn 0.433884 0.000000 -0.900969
vn 0.781831 0.000000 -0.623490
vn 0.974928 0.000000 -0.222521
vn 0.974928 0.000000 0.222521
vn 0.781831 0.000000 0.623490
vn 0.433884 0.000000 0.900969
vn 0.000000 0.000000 1.000000
vn -0.433884 0.000000 0.900969
vn -0.781831 0.000000 0.623490
vn -0.974928 0.000000 0.222521
vn 0.000000 1.000000 0.000000
vn 0.000000 -1.000000 0.000000
vn 0.000000 0.000000 1.000000
vn 0.000000 0.000000 -1.000000
vn 1.000000 0.000000 0.000000
vn -1.000000 0.000000 0.000000
vn 0.000000 -1.000000 0.000000
vn -0.000000 1.000000 0.000000
vn 0.000000 0.000000 1.000000
vn 0.000000 0.000000 -1.000000
vn 1.000000 0.000000 0.000000
vn -1.000000 0.000000 0.000000
vn 0.000000 -1.000000 0.000000
vn -0.000000 1.000000 0.000000
vn 0.000000 0.000000 1.000000
vn 0.000000 0.000000 -1.000000
vn 1.000000 0.000000 0.000000
vn -1.000000 0.000000 0.000000
vn 0.000000 -1.000000 0.000000
vn -0.000000 1.000000 0.000000
vn -0.923880 0.000000 -0.382683
vn -0.382683 0.000000 -0.923880
vn 0.382683 0.000000 -0.923880
vn 0.923880 0.000000 -0.382683
vn 0.923880 0.000000 0.382683
vn 0.382683 0.000000 0.923880
vn -0.382683 0.000000 0.923880
vn -0.923880 0.000000 0.382683
vn 0.000000 1.000000 0.000000
vn 0.000000 -1.000000 0.000000
vn -0.923880 0.000000 -0.382683
vn -0.382683 0.000000 -0.923880
vn 0.382683 0.000000 -0.923880
vn 0.923880 0.000000 -0.382683
vn 0.923880 0.000000 0.382683
vn 0.382683 0.000000 0.923880
vn -0.382683 0.000000 0.923880
vn -0.923880 0.000000 0.382683
vn 0.000000 1.000000 0.000000
vn 0.000000 -1.000000 0.000000
vn -0.923880 0.000000 -0.382683
vn -0.382683 0.000000 -0.923880
vn 0.382683 0.000000 -0.923880
vn 0.923880 0.000000 -0.382683
vn 0.923880 0.000000 0.382683
vn 0.382683 0.000000 0.923880
vn -0.382683 0.000000 0.923880
vn -0.923880 0.000000 0.382683
vn 0.000000 1.000000 0.000000
vn 0.000000 -1.000000 0.000000
vn -0.923880 0.000000 -0.382683
vn -0.382683 0.000000 -0.923880
vn 0.382683 0.000000 -0.923880
vn 0.923880 0.000000 -0.382683
vn 0.923880 0.000000 0.382683
vn 0.382683 0.000000 0.923880
vn -0.382683 0.000000 0.923880
vn -0.923880 0.000000 0.382683
vn 0.000000 1.000000 0.000000
vn 0.000000 -1.000000 0.000000
vn -0.974928 0.000000 -0.222521
vn -0.781831 0.000000 -0.623490
vn -0.433884 0.000000 -0.900969
vn 0.000000 0.000000 -1.000000
vn 0.433884 0.000000 -0.900969
vn 0.781831 0.000000 -0.623490
vn 0.974928 0.000000 -0.222521
vn 0.974928 0.000000 0.222521
vn 0.781831 0.000000 0.623490
vn 0.433884 0.000000 0.900969
vn 0.000000 0.000000 1.000000
vn -0.433884 0.000000 0.900969
vn -0.781831 0.000000 0.623490
vn -0.974928 0.000000 0.222521
vn 0.000000 1.000000 0.000000
vn 0.000000 -1.000000 0.000000
vn 0.000000 0.000000 1.000000
vn 0.000000 0.000000 -1.000000
vn 1.000000 0.000000 0.000000
vn -1.000000 0.000000 0.000000
vn 0.000000 -1.000000 0.000000
vn -0.000000 1.000000 0.000000
vn 0.000000 0.000000 1.000000
vn 0.000000 0.000000 -1.000000
vn 1.000000 0.000000 0.000000
vn -1.000000 0.000000 0.000000
vn 0.000000 -1.000000 0.000000
vn -0.000000 1.000000 0.000000
vn 0.000000 0.000000 1.000000
vn 0.000000 0.000000 -1.000000
vn 1.000000 0.000000 0.000000
vn -1.000000 0.000000 0.000000
vn 0.000000 -1.000000 0.000000
vn -0.000000 1.000000 0.000000
vn -0.923880 0.000000 -0.382683
vn -0.382683 0.000000 -0.923880
vn 0.382683 0.000000 -0.923880
vn 0.923880 0.000000 -0.382683
vn 0.923880 0.000000 0.382683
vn 0.382683 0.000000 0.923880
vn -0.382683 0.000000 0.923880
vn -0.923880 0.000000 0.382683
vn 0.000000 1.000000 0.000000
vn 0.000000 -1.000000 0.000000
vn -0.923880 0.000000 -0.382683
vn -0.382683 0.000000 -0.923880
vn 0.382683 0.000000 -0.923880
vn 0.923880 0.000000 -0.382683
vn 0.923880 0.000000 0.382683
vn 0.382683 0.000000 0.923880
vn -0.382683 0.000000 0.923880
vn -0.923880 0.000000 0.382683
vn 0.000000 1.000000 0.000000
vn 0.000000 -1.000000 0.000000
vn -0.923880 0.000000 -0.382683
vn -0.382683 0.000000 -0.923880
vn 0.382683 0.000000 -0.923880
vn 0.923880 0.000000 -0.382683
vn 0.923880 0.000000 0.382683
vn 0.382683 0.000000 0.923880
vn -0.382683 0.000000 0.923880
vn -0.923880 0.000000 0.382683
vn 0.000000 1.000000 0.000000
vn 0.000000 -1.000000 0.000000
vn -0.923880 0.000000 -0.382683
vn -0.382683 0.000000 -0.923880
vn 0.382683 0.000000 -0.923880
vn 0.923880 0.000000 -0.382683
vn 0.923880 0.000000 0.382683
vn 0.382683 0.000000 0.923880
vn -0.382683 0.000000 0.923880
vn -0.923880 0.000000 0.382683
vn 0.000000 1.000000 0.000000
vn 0.000000 -1.000000 0.000000
vn -0.974928 0.000000 -0.222521
vn -0.781831 0.000000 -0.623490
vn -0.433884 0.000000 -0.900969
vn 0.000000 0.000000 -1.000000
vn 0.433884 0.000000 -0.900969
vn 0.781831 0.000000 -0.623490
vn 0.974928 0.000000 -0.222521
vn 0.974928 0.000000 0.222521
vn 0.781831 0.000000 0.623490
vn 0.433884 0.000000 0.900969
vn 0.000000 0.000000 1.000000
vn -0.433884 0.000000 0.900969
vn -0.781831 0.000000 0.623490
vn -0.974928 0.000000 0.222521
vn 0.000000 1.000000 0.000000
vn 0.000000 -1.000000 0.000000
vn 0.000000 0.000000 1.000000
vn 0.000000 0.000000 -1.000000
vn 1.000000 0.000000 0.000000
vn -1.000000 0.000000 0.000000
vn 0.000000 -1.000000 0.000000
vn -0.000000 1.000000 0.000000
vn 0.000000 0.000000 1.000000
vn 0.000000 0.000000 -1.000000
vn 1.000000 0.000000 0.000000
vn -1.000000 0.000000 0.000000
vn 0.000000 -1.000000 0.000000
vn -0.000000 1.000000 0.000000
vn 0.000000 0.000000 1.000000
vn 0.000000 0.000000 -1.000000
vn 1.000000 0.000000 0.000000
vn -1.000000 0.000000 0.000000
vn 0.000000 -1.000000 0.000000
vn -0.000000 1.000000 0.000000
vn -0.923880 0.000000 -0.382683
vn -0.382683 0.000000 -0.923880
vn 0.382683 0.000000 -0.923880
vn 0.923880 0.000000 -0.382683
vn 0.923880 0.000000 0.382683
vn 0.382683 0.000000 0.923880
vn -0.382683 0.000000 0.923880
vn -0.923880 0.000000 0.382683
vn 0.000000 1.000000 0.000000
vn 0.000000 -1.000000 0.000000
vn -0.923880 0.000000 -0.382683
vn -0.382683 0.000000 -0.923880
vn 0.382683 0.000000 -0.923880
vn 0.923880 0.000000 -0.382683
vn 0.923880 0.000000 0.382683
vn 0.382683 0.000000 0.923880
vn -0.382683 0.000000 0.923880
vn -0.923880 0.000000 0.382683
vn 0.000000 1.000000 0.000000
vn 0.000000 -1.000000 0.000000
vn -0.923880 0.000000 -0.382683
vn -0.382683 0.000000 -0.923880
vn 0.382683 0.000000 -0.923880
vn 0.923880 0.000000 -0.382683
vn 0.923880 0.000000 0.382683
vn 0.382683 0.000000 0.923880
vn -0.382683 0.000000 0.923880
vn -0.923880 0.000000 0.382683
vn 0.000000 1.000000 0.000000
vn 0.000000 -1.000000 0.000000
vn -0.923880 0.000000 -0.382683
vn -0.382683 0.000000 -0.923880
vn 0.382683 0.000000 -0.923880
vn 0.923880 0.000000 -0.382683
vn 0.923880 0.000000 0.382683
vn 0.382683 0.000000 0.923880
vn -0.382683 0.000000 0.923880
vn -0.923880 0.000000 0.382683
vn 0.000000 1.000000 0.000000
vn 0.000000 -1.000000 0.000000
vn 0.000000 0.000000 1.000000
vn 0.000000 0.000000 -1.000000
vn 1.000000 0.000000 0.000000
vn -1.000000 0.000000 0.000000
vn 0.000000 -1.000000 0.000000
vn -0.000000 1.000000 0.000000
vn 0.000000 0.000000 1.000000
vn 0.000000 0.000000 -1.000000
vn 1.000000 0.000000 0.000000
vn -1.000000 0.000000 0.000000
vn 0.000000 -1.000000 0.000000
vn -0.000000 1.000000 0.000000
vn 0.000000 0.000000 1.000000
vn 0.000000 0.000000 -1.000000
vn 1.000000 0.000000 0.000000
vn -1.000000 0.000000 0.000000
vn 0.000000 -1.000000 0.000000
vn -0.000000 1.000000 0.000000
vn 0.000000 0.000000 1.000000
vn 0.000000 0.000000 -1.000000
vn 1.000000 0.000000 0.000000
vn -1.000000 0.000000 0.000000
vn 0.000000 -1.000000 0.000000
vn -0.000000 1.000000 0.000000
vn 0.000000 0.000000 1.000000
vn 0.000000 0.000000 -1.000000
vn 1.000000 0.000000 0.000000
vn -1.000000 0.000000 0.000000
vn 0.000000 -1.000000 0.000000
vn -0.000000 1.000000 0.000000
vn -0.923880 0.000000 -0.382683
vn -0.382683 0.000000 -0.923880
vn 0.382683 0.000000 -0.923880
vn 0.923880 0.000000 -0.382683
vn 0.923880 0.000000 0.382683
vn 0.382683 0.000000 0.923880
vn -0.382683 0.000000 0.923880
vn -0.923880 0.000000 0.382683
vn 0.000000 1.000000 0.000000
vn 0.000000 -1.000000 0.000000
vn -0.923880 0.000000 -0.382683
vn -0.382683 0.000000 -0.923880
vn 0.382683 0.000000 -0.923880
vn 0.923880 0.000000 -0.382683
vn 0.923880 0.000000 0.382683
vn 0.382683 0.000000 0.923880
vn -0.382683 0.000000 0.923880
vn -0.923880 0.000000 0.382683
vn 0.000000 1.000000 0.000000
vn 0.000000 -1.000000 0.000000
vn -0.923880 0.000000 -0.382683
vn -0.382683 0.000000 -0.923880
vn 0.382683 0.000000 -0.923880
vn 0.923880 0.000000 -0.382683
vn 0.923880 0.000000 0.382683
vn 0.382683 0.000000 0.923880
vn -0.382683 0.000000 0.923880
vn -0.923880 0.000000 0.382683
vn 0.000000 1.000000 0.000000
vn 0.000000 -1.000000 0.000000
vn -0.923880 0.000000 -0.382683
vn -0.382683 0.000000 -0.923880
vn 0.382683 0.000000 -0.923880
vn 0.923880 0.000000 -0.382683
vn 0.923880 0.000000 0.382683
vn 0.382683 0.000000 0.923880
vn -0.382683 0.000000 0.923880
vn -0.923880 0.000000 0.382683
vn 0.000000 1.000000 0.000000
vn 0.000000 -1.000000 0.000000
vn 0.000000 0.000000 1.000000
vn 0.000000 0.000000 -1.000000
vn 1.000000 0.000000 0.000000
vn -1.000000 0.000000 0.000000
vn 0.000000 -1.000000 0.000000
vn -0.000000 1.000000 0.000000
vn 0.000000 0.000000 1.000000
vn 0.000000 0.000000 -1.000000
vn 1.000000 0.000000 0.000000
vn -1.000000 0.000000 0.000000
vn 0.000000 -1.000000 0.000000
vn -0.000000 1.000000 0.000000
vn 0.000000 0.000000 1.000000
vn 0.000000 0.000000 -1.000000
vn 1.000000 0.000000 0.000000
vn -1.000000 0.000000 0.000000
vn 0.000000 -1.000000 0.000000
vn -0.000000 1.000000 0.000000
vn 0.000000 0.000000 1.000000
vn 0.000000 0.000000 -1.000000
vn 1.000000 0.000000 0.000000
vn -1.000000 0.000000 0.000000
vn 0.000000 -1.000000 0.000000
vn -0.000000 1.000000 0.000000
vn 0.000000 0.000000 1.000000
vn 0.000000 0.000000 -1.000000
vn 1.000000 0.000000 0.000000
vn -1.000000 0.000000 0.000000
vn 0.000000 -1.000000 0.000000
vn -0.000000 1.000000 0.000000
vn -0.923880 0.000000 -0.382683
vn -0.382683 0.000000 -0.923880
vn 0.382683 0.000000 -0.923880
vn 0.923880 0.000000 -0.382683
vn 0.923880 0.000000 0.382683
vn 0.382683 0.000000 0.923880
vn -0.382683 0.000000 0.923880
vn -0.923880 0.000000 0.382683
vn 0.000000 1.000000 0.000000
vn 0.000000 -1.000000 0.000000
vn -0.923880 0.000000 -0.382683
vn -0.382683 0.000000 -0.923880
vn 0.382683 0.000000 -0.923880
vn 0.923880 0.000000 -0.382683
vn 0.923880 0.000000 0.382683
vn 0.382683 0.000000 0.923880
vn -0.382683 0.000000 0.923880
vn -0.923880 0.000000 0.382683
vn 0.000000 1.000000 0.000000
vn 0.000000 -1.000000 0.000000
vn -0.923880 0.000000 -0.382683
vn -0.382683 0.000000 -0.923880
vn 0.382683 0.000000 -0.923880
vn 0.923880 0.000000 -0.382683
vn 0.923880 0.000000 0.382683
vn 0.382683 0.000000 0.923880
vn -0.382683 0.000000 0.923880
vn -0.923880 0.000000 0.382683
vn 0.000000 1.000000 0.000000
vn 0.000000 -1.000000 0.000000
vn -0.923880 0.000000 -0.382683
vn -0.382683 0.000000 -0.923880
vn 0.382683 0.000000 -0.923880
vn 0.923880 0.000000 -0.382683
vn 0.923880 0.000000 0.382683
vn 0.382683 0.000000 0.923880
vn -0.382683 0.000000 0.923880
vn -0.923880 0.000000 0.382683
vn 0.000000 1.000000 0.000000
vn 0.000000 -1.000000 0.000000
vn 0.000000 0.000000 1.000000
vn 0.000000 0.000000 -1.000000
vn 1.000000 0.000000 0.000000
vn -1.000000 0.000000 0.000000
vn 0.000000 -1.000000 0.000000
vn -0.000000 1.000000 0.000000
vn 0.000000 0.000000 1.000000
vn 0.000000 0.000000 -1.000000
vn 1.000000 0.000000 0.000000
vn -1.000000 0.000000 0.000000
vn 0.000000 -1.000000 0.000000
vn -0.000000 1.000000 0.000000
vn 0.000000 0.000000 1.000000
vn 0.000000 0.000000 -1.000000
vn 1.000000 0.000000 0.000000
vn -1.000000 0.000000 0.000000
vn 0.000000 -1.000000 0.000000
vn -0.000000 1.000000 0.000000
vn 0.000000 0.000000 1.000000
vn 0.000000 0.000000 -1.000000
vn 1.000000 0.000000 0.000000
vn -1.000000 0.000000 0.000000
vn 0.000000 -1.000000 0.000000
vn -0.000000 1.000000 0.000000
vn 0.000000 0.000000 1.000000
vn 0.000000 0.000000 -1.000000
vn 1.000000 0.000000 0.000000
vn -1.000000 0.000000 0.000000
vn 0.000000 -1.000000 0.000000
vn -0.000000 1.000000 0.000000
vn 0.000000 0.000000 1.000000
vn 0.000000 0.000000 -1.000000
vn 1.000000 0.000000 0.000000
vn -1.000000 0.000000 0.000000
vn 0.000000 -1.000000 0.000000
vn -0.000000 1.000000 0.000000
vn 0.000000 0.000000 1.000000
vn 0.000000 0.000000 -1.000000
vn 1.000000 0.000000 0.000000
vn -1.000000 0.000000 0.000000
vn 0.000000 -1.000000 0.000000
vn -0.000000 1.000000 0.000000
vn 0.874943 -0.291267 0.386832
vn 0.216093 -0.231857 0.948444
vn -0.605479 0.002146 0.795858
vn -0.971113 0.234533 0.043975
vn -0.605479 0.290311 -0.741022
vn 0.216093 0.127480 -0.968015
vn 0.874943 -0.131347 -0.466072
vn -0.000000 0.982872 0.184289
vn -0.000000 -0.982872 -0.184289
vn 0.137158 -0.388229 -0.911299
vn 0.420593 -0.872342 -0.249242
vn 0.387313 -0.699564 0.600499
vn 0.062378 -0.000000 0.998053
vn -0.309529 0.699564 0.644052
vn -0.448354 0.872342 -0.194933
vn -0.249560 0.388229 -0.887129
vn 0.893033 0.446516 -0.055815
vn -0.893033 -0.446516 0.055815
vn 0.033700 -0.427990 -0.903155
vn 0.150739 -0.961685 -0.228995
vn 0.154269 -0.771212 0.617603
vn 0.041631 0.000000 0.999133
vn -0.102356 0.771212 0.628296
vn -0.169267 0.961685 -0.215661
vn -0.108716 0.427990 -0.897221
vn 0.985562 0.164260 -0.041065
vn -0.985562 -0.164260 0.041065
vn 0.866410 0.221987 0.447277
vn 0.213985 0.005320 0.976822
vn -0.599574 -0.215353 0.770801
vn -0.961642 -0.273861 -0.015649
vn -0.599574 -0.126146 -0.790315
vn 0.213985 0.116559 -0.969858
vn 0.866410 0.271493 -0.419078
vn 0.000000 0.998371 0.057050
vn 0.000000 -0.998371 -0.057050
vn -0.196911 -0.402895 0.893813
vn -0.370434 -0.905298 0.207882
vn -0.265013 -0.725992 -0.634589
vn 0.039968 0.000000 -0.999201
vn 0.314853 0.725992 -0.611394
vn 0.352647 0.905298 0.236805
vn 0.124891 0.402895 0.906685
vn -0.927837 0.371135 -0.037113
vn 0.927837 -0.371135 0.037113
vn -0.051036 -0.432385 0.900243
vn -0.084649 -0.971561 0.221141
vn -0.054520 -0.779132 -0.624485
vn 0.016664 -0.000000 -0.999861
vn 0.075300 0.779132 -0.622321
vn 0.077233 0.971561 0.223839
vn 0.021008 0.432385 0.901444
vn -0.996408 0.083034 -0.016607
vn 0.996408 -0.083034 0.016607
vn 0.000000 0.000000 1.000000
vn 0.000000 0.000000 -1.000000
vn 1.000000 0.000000 0.000000
vn -1.000000 0.000000 0.000000
vn 0.000000 -1.000000 0.000000
vn -0.000000 1.000000 0.000000
vn 0.000000 0.000000 1.000000
vn 0.000000 0.000000 -1.000000
vn 1.000000 0.000000 0.000000
vn -1.000000 0.000000 0.000000
vn 0.000000 -1.000000 0.000000
vn -0.000000 1.000000 0.000000
vn -0.923880 0.000000 -0.382683
vn -0.382683 0.000000 -0.923880
vn 0.382683 0.000000 -0.923880
vn 0.923880 0.000000 -0.382683
vn 0.923880 0.000000 0.382683
vn 0.382683 0.000000 0.923880
vn -0.382683 0.000000 0.923880
vn -0.923880 0.000000 0.382683
vn 0.000000 1.000000 0.000000
vn 0.000000 -1.000000 0.000000
vn -0.923880 0.000000 -0.382683
vn -0.382683 0.000000 -0.923880
vn 0.382683 0.000000 -0.923880
vn 0.923880 0.000000 -0.382683
vn 0.923880 0.000000 0.382683
vn 0.382683 0.000000 0.923880
vn -0.382683 0.000000 0.923880
vn -0.923880 0.000000 0.382683
vn 0.000000 1.000000 0.000000
vn 0.000000 -1.000000 0.000000
vn -0.923880 0.000000 -0.382683
vn -0.382683 0.000000 -0.923880
vn 0.382683 0.000000 -0.923880
vn 0.923880 0.000000 -0.382683
vn 0.923880 0.000000 0.382683
vn 0.382683 0.000000 0.923880
vn -0.382683 0.000000 0.923880
vn -0.923880 0.000000 0.382683
vn 0.000000 1.000000 0.000000
vn 0.000000 -1.000000 0.000000
vn -0.923880 0.000000 -0.382683
vn -0.382683 0.000000 -0.923880
vn 0.382683 0.000000 -0.923880
vn 0.923880 0.000000 -0.382683
vn 0.923880 0.000000 0.382683
vn 0.382683 0.000000 0.923880
vn -0.382683 0.000000 0.923880
vn -0.923880 0.000000 0.382683
vn 0.000000 1.000000 0.000000
vn 0.000000 -1.000000 0.000000
vn -0.923880 0.000000 -0.382683
vn -0.382683 0.000000 -0.923880
vn 0.382683 0.000000 -0.923880
vn 0.923880 0.000000 -0.382683
vn 0.923880 0.000000 0.382683
vn 0.382683 0.000000 0.923880
vn -0.382683 0.000000 0.923880
vn -0.923880 0.000000 0.382683
vn 0.000000 1.000000 0.000000
vn 0.000000 -1.000000 0.000000
vn -0.923880 0.000000 -0.382683
vn -0.382683 0.000000 -0.923880
vn 0.382683 0.000000 -0.923880
vn 0.923880 0.000000 -0.382683
vn 0.923880 0.000000 0.382683
vn 0.382683 0.000000 0.923880
vn -0.382683 0.000000 0.923880
vn -0.923880 0.000000 0.382683
vn 0.000000 1.000000 0.000000
vn 0.000000 -1.000000 0.000000
vn -0.923880 0.000000 -0.382683
vn -0.382683 0.000000 -0.923880
vn 0.382683 0.000000 -0.923880
vn 0.923880 0.000000 -0.382683
vn 0.923880 0.000000 0.382683
vn 0.382683 0.000000 0.923880
vn -0.382683 0.000000 0.923880
vn -0.923880 0.000000 0.382683
vn 0.000000 1.000000 0.000000
vn 0.000000 -1.000000 0.000000
usemtl cabinet
f 1/1/1 2/2/1 3/3/1 4/4/1
f 6/5/2 5/6/2 8/7/2 7/8/2
f 5/9/3 1/10/3 4/11/3 8/12/3
f 2/13/4 6/14/4 7/15/4 3/16/4
f 4/17/5 3/18/5 7/19/5 8/20/5
f 5/21/6 6/22/6 2/23/6 1/24/6
f 9/25/7 10/26/7 11/27/7 12/28/7
f 14/29/8 13/30/8 16/31/8 15/32/8
f 13/33/9 9/34/9 12/35/9 16/36/9
f 10/37/10 14/38/10 15/39/10 11/40/10
f 12/41/11 11/42/11 15/43/11 16/44/11
f 13/45/12 14/46/12 10/47/12 9/48/12
f 17/49/13 19/50/13 20/51/13 18/52/13
f 19/53/14 21/54/14 22/55/14 20/56/14
f 21/57/15 23/58/15 24/59/15 22/60/15
f 23/61/16 25/62/16 26/63/16 24/64/16
f 25/65/17 27/66/17 28/67/17 26/68/17
f 27/69/18 29/70/18 30/71/18 28/72/18
f 29/73/19 31/74/19 32/75/19 30/76/19
f 31/77/20 17/78/20 18/79/20 32/80/20
f 31/81/21 29/82/21 27/83/21 25/84/21 23/85/21 21/86/21 19/87/21 17/88/21
f 18/89/22 20/90/22 22/91/22 24/92/22 26/93/22 28/94/22 30/95/22 32/96/22
f 33/97/23 35/98/23 36/99/23 34/100/23
f 35/101/24 37/102/24 38/103/24 36/104/24
f 37/105/25 39/106/25 40/107/25 38/108/25
f 39/109/26 41/110/26 42/111/26 40/112/26
f 41/113/27 43/114/27 44/115/27 42/116/27
f 43/117/28 45/118/28 46/119/28 44/120/28
f 45/121/29 47/122/29 48/123/29 46/124/29
f 47/125/30 33/126/30 34/127/30 48/128/30
f 47/129/31 45/130/31 43/131/31 41/132/31 39/133/31 37/134/31 35/135/31 33/136/31
f 34/137/32 36/138/32 38/139/32 40/140/32 42/141/32 44/142/32 46/143/32 48/144/32
f 49/145/33 51/146/33 52/147/33 50/148/33
f 51/149/34 53/150/34 54/151/34 52/152/34
f 53/153/35 55/154/35 56/155/35 54/156/35
f 55/157/36 57/158/36 58/159/36 56/160/36
f 57/161/37 59/162/37 60/163/37 58/164/37
f 59/165/38 61/166/38 62/167/38 60/168/38
f 61/169/39 63/170/39 64/171/39 62/172/39
f 63/173/40 49/174/40 50/175/40 64/176/40
f 63/177/41 61/178/41 59/179/41 57/180/41 55/181/41 53/182/41 51/183/41 49/184/41
f 50/185/42 52/186/42 54/187/42 56/188/42 58/189/42 60/190/42 62/191/42 64/192/42
f 65/193/43 67/194/43 68/195/43 66/196/43
f 67/197/44 69/198/44 70/199/44 68/200/44
f 69/201/45 71/202/45 72/203/45 70/204/45
f 71/205/46 73/206/46 74/207/46 72/208/46
f 73/209/47 75/210/47 76/211/47 74/212/47
f 75/213/48 77/214/48 78/215/48 76/216/48
f 77/217/49 79/218/49 80/219/49 78/220/49
f 79/221/50 65/222/50 66/223/50 80/224/50
f 79/225/51 77/226/51 75/227/51 73/228/51 71/229/51 69/230/51 67/231/51 65/232/51
f 66/233/52 68/234/52 70/235/52 72/236/52 74/237/52 76/238/52 78/239/52 80/240/52
usemtl metal
f 81/241/53 83/242/53 84/243/53 82/244/53
f 83/245/54 85/246/54 86/247/54 84/248/54
f 85/249/55 87/250/55 88/251/55 86/252/55
f 87/253/56 89/254/56 90/255/56 88/256/56
f 89/257/57 91/258/57 92/259/57 90/260/57
f 91/261/58 93/262/58 94/263/58 92/264/58
f 93/265/59 95/266/59 96/267/59 94/268/59
f 95/269/60 97/270/60 98/271/60 96/272/60
f 97/273/61 99/274/61 100/275/61 98/276/61
f 99/277/62 81/278/62 82/279/62 100/280/62
f 99/281/63 97/282/63 95/283/63 93/284/63 91/285/63 89/286/63 87/287/63 85/288/63 83/289/63 81/290/63
f 82/291/64 84/292/64 86/293/64 88/294/64 90/295/64 92/296/64 94/297/64 96/298/64 98/299/64 100/300/64
f 101/301/65 103/302/65 104/303/65 102/304/65
f 103/305/66 105/306/66 106/307/66 104/308/66
f 105/309/67 107/310/67 108/311/67 106/312/67
f 107/313/68 109/314/68 110/315/68 108/316/68
f 109/317/69 111/318/69 112/319/69 110/320/69
f 111/321/70 113/322/70 114/323/70 112/324/70
f 113/325/71 115/326/71 116/327/71 114/328/71
f 115/329/72 117/330/72 118/331/72 116/332/72
f 117/333/73 119/334/73 120/335/73 118/336/73
f 119/337/74 101/338/74 102/339/74 120/340/74
f 119/341/75 117/342/75 115/343/75 113/344/75 111/345/75 109/346/75 107/347/75 105/348/75 103/349/75 101/350/75
f 102/351/76 104/352/76 106/353/76 108/354/76 110/355/76 112/356/76 114/357/76 116/358/76 118/359/76 120/360/76
usemtl gas_oxygen
f 121/361/77 122/362/77 123/363/77 124/364/77
f 126/365/78 125/366/78 128/367/78 127/368/78
f 125/369/79 121/370/79 124/371/79 128/372/79
f 122/373/80 126/374/80 127/375/80 123/376/80
f 124/377/81 123/378/81 127/379/81 128/380/81
f 125/381/82 126/382/82 122/383/82 121/384/82
f 129/385/83 130/386/83 131/387/83 132/388/83
f 134/389/84 133/390/84 136/391/84 135/392/84
f 133/393/85 129/394/85 132/395/85 136/396/85
f 130/397/86 134/398/86 135/399/86 131/400/86
f 132/401/87 131/402/87 135/403/87 136/404/87
f 133/405/88 134/406/88 130/407/88 129/408/88
f 137/409/89 139/410/89 140/411/89 138/412/89
f 139/413/90 141/414/90 142/415/90 140/416/90
f 141/417/91 143/418/91 144/419/91 142/420/91
f 143/421/92 145/422/92 146/423/92 144/424/92
f 145/425/93 147/426/93 148/427/93 146/428/93
f 147/429/94 149/430/94 150/431/94 148/432/94
f 149/433/95 151/434/95 152/435/95 150/436/95
f 151/437/96 137/438/96 138/439/96 152/440/96
f 151/441/97 149/442/97 147/443/97 145/444/97 143/445/97 141/446/97 139/447/97 137/448/97
f 138/449/98 140/450/98 142/451/98 144/452/98 146/453/98 148/454/98 150/455/98 152/456/98
f 153/457/99 155/458/99 156/459/99 154/460/99
f 155/461/100 157/462/100 158/463/100 156/464/100
f 157/465/101 159/466/101 160/467/101 158/468/101
f 159/469/102 161/470/102 162/471/102 160/472/102
f 161/473/103 163/474/103 164/475/103 162/476/103
f 163/477/104 165/478/104 166/479/104 164/480/104
f 165/481/105 167/482/105 168/483/105 166/484/105
f 167/485/106 153/486/106 154/487/106 168/488/106
f 167/489/107 165/490/107 163/491/107 161/492/107 159/493/107 157/494/107 155/495/107 153/496/107
f 154/497/108 156/498/108 158/499/108 160/500/108 162/501/108 164/502/108 166/503/108 168/504/108
f 169/505/109 171/506/109 172/507/109 170/508/109
f 171/509/110 173/510/110 174/511/110 172/512/110
f 173/513/111 175/514/111 176/515/111 174/516/111
f 175/517/112 177/518/112 178/519/112 176/520/112
f 177/521/113 179/522/113 180/523/113 178/524/113
f 179/525/114 181/526/114 182/527/114 180/528/114
f 181/529/115 183/530/115 184/531/115 182/532/115
f 183/533/116 169/534/116 170/535/116 184/536/116
f 183/537/117 181/538/117 179/539/117 177/540/117 175/541/117 173/542/117 171/543/117 169/544/117
f 170/545/118 172/546/118 174/547/118 176/548/118 178/549/118 180/550/118 182/551/118 184/552/118
f 185/553/119 187/554/119 188/555/119 186/556/119
f 187/557/120 189/558/120 190/559/120 188/560/120
f 189/561/121 191/562/121 192/563/121 190/564/121
f 191/565/122 193/566/122 194/567/122 192/568/122
f 193/569/123 195/570/123 196/571/123 194/572/123
f 195/573/124 197/574/124 198/575/124 196/576/124
f 197/577/125 199/578/125 200/579/125 198/580/125
f 199/581/126 185/582/126 186/583/126 200/584/126
f 199/585/127 197/586/127 195/587/127 193/588/127 191/589/127 189/590/127 187/591/127 185/592/127
f 186/593/128 188/594/128 190/595/128 192/596/128 194/597/128 196/598/128 198/599/128 200/600/128
usemtl metal
f 201/601/129 203/602/129 204/603/129 202/604/129
f 203/605/130 205/606/130 206/607/130 204/608/130
f 205/609/131 207/610/131 208/611/131 206/612/131
f 207/613/132 209/614/132 210/615/132 208/616/132
f 209/617/133 211/618/133 212/619/133 210/620/133
f 211/621/134 213/622/134 214/623/134 212/624/134
f 213/625/135 215/626/135 216/627/135 214/628/135
f 215/629/136 217/630/136 218/631/136 216/632/136
f 217/633/137 219/634/137 220/635/137 218/636/137
f 219/637/138 221/638/138 222/639/138 220/640/138
f 221/641/139 223/642/139 224/643/139 222/644/139
f 223/645/140 225/646/140 226/647/140 224/648/140
f 225/649/141 227/650/141 228/651/141 226/652/141
f 227/653/142 201/654/142 202/655/142 228/656/142
f 227/657/143 225/658/143 223/659/143 221/660/143 219/661/143 217/662/143 215/663/143 213/664/143 211/665/143 209/666/143 207/667/143 205/668/143 203/669/143 201/670/143
f 202/671/144 204/672/144 206/673/144 208/674/144 210/675/144 212/676/144 214/677/144 216/678/144 218/679/144 220/680/144 222/681/144 224/682/144 226/683/144 228/684/144
usemtl paper
f 229/685/145 230/686/145 231/687/145 232/688/145
f 234/689/146 233/690/146 236/691/146 235/692/146
f 233/693/147 229/694/147 232/695/147 236/696/147
f 230/697/148 234/698/148 235/699/148 231/700/148
f 232/701/149 231/702/149 235/703/149 236/704/149
f 233/705/150 234/706/150 230/707/150 229/708/150
usemtl gas_air
f 237/709/151 238/710/151 239/711/151 240/712/151
f 242/713/152 241/714/152 244/715/152 243/716/152
f 241/717/153 237/718/153 240/719/153 244/720/153
f 238/721/154 242/722/154 243/723/154 239/724/154
f 240/725/155 239/726/155 243/727/155 244/728/155
f 241/729/156 242/730/156 238/731/156 237/732/156
f 245/733/157 246/734/157 247/735/157 248/736/157
f 250/737/158 249/738/158 252/739/158 251/740/158
f 249/741/159 245/742/159 248/743/159 252/744/159
f 246/745/160 250/746/160 251/747/160 247/748/160
f 248/749/161 247/750/161 251/751/161 252/752/161
f 249/753/162 250/754/162 246/755/162 245/756/162
f 253/757/163 255/758/163 256/759/163 254/760/163
f 255/761/164 257/762/164 258/763/164 256/764/164
f 257/765/165 259/766/165 260/767/165 258/768/165
f 259/769/166 261/770/166 262/771/166 260/772/166
f 261/773/167 263/774/167 264/775/167 262/776/167
f 263/777/168 265/778/168 266/779/168 264/780/168
f 265/781/169 267/782/169 268/783/169 266/784/169
f 267/785/170 253/786/170 254/787/170 268/788/170
f 267/789/171 265/790/171 263/791/171 261/792/171 259/793/171 257/794/171 255/795/171 253/796/171
f 254/797/172 256/798/172 258/799/172 260/800/172 262/801/172 264/802/172 266/803/172 268/804/172
f 269/805/173 271/806/173 272/807/173 270/808/173
f 271/809/174 273/810/174 274/811/174 272/812/174
f 273/813/175 275/814/175 276/815/175 274/816/175
f 275/817/176 277/818/176 278/819/176 276/820/176
f 277/821/177 279/822/177 280/823/177 278/824/177
f 279/825/178 281/826/178 282/827/178 280/828/178
f 281/829/179 283/830/179 284/831/179 282/832/179
f 283/833/180 269/834/180 270/835/180 284/836/180
f 283/837/181 281/838/181 279/839/181 277/840/181 275/841/181 273/842/181 271/843/181 269/844/181
f 270/845/182 272/846/182 274/847/182 276/848/182 278/849/182 280/850/182 282/851/182 284/852/182
f 285/853/183 287/854/183 288/855/183 286/856/183
f 287/857/184 289/858/184 290/859/184 288/860/184
f 289/861/185 291/862/185 292/863/185 290/864/185
f 291/865/186 293/866/186 294/867/186 292/868/186
f 293/869/187 295/870/187 296/871/187 294/872/187
f 295/873/188 297/874/188 298/875/188 296/876/188
f 297/877/189 299/878/189 300/879/189 298/880/189
f 299/881/190 285/882/190 286/883/190 300/884/190
f 299/885/191 297/886/191 295/887/191 293/888/191 291/889/191 289/890/191 287/891/191 285/892/191
f 286/893/192 288/894/192 290/895/192 292/896/192 294/897/192 296/898/192 298/899/192 300/900/192
f 301/901/193 303/902/193 304/903/193 302/904/193
f 303/905/194 305/906/194 306/907/194 304/908/194
f 305/909/195 307/910/195 308/911/195 306/912/195
f 307/913/196 309/914/196 310/915/196 308/916/196
f 309/917/197 311/918/197 312/919/197 310/920/197
f 311/921/198 313/922/198 314/923/198 312/924/198
f 313/925/199 315/926/199 316/927/199 314/928/199
f 315/929/200 301/930/200 302/931/200 316/932/200
f 315/933/201 313/934/201 311/935/201 309/936/201 307/937/201 305/938/201 303/939/201 301/940/201
f 302/941/202 304/942/202 306/943/202 308/944/202 310/945/202 312/946/202 314/947/202 316/948/202
usemtl metal
f 317/949/203 319/950/203 320/951/203 318/952/203
f 319/953/204 321/954/204 322/955/204 320/956/204
f 321/957/205 323/958/205 324/959/205 322/960/205
f 323/961/206 325/962/206 326/963/206 324/964/206
f 325/965/207 327/966/207 328/967/207 326/968/207
f 327/969/208 329/970/208 330/971/208 328/972/208
f 329/973/209 331/974/209 332/975/209 330/976/209
f 331/977/210 333/978/210 334/979/210 332/980/210
f 333/981/211 335/982/211 336/983/211 334/984/211
f 335/985/212 337/986/212 338/987/212 336/988/212
f 337/989/213 339/990/213 340/991/213 338/992/213
f 339/993/214 341/994/214 342/995/214 340/996/214
f 341/997/215 343/998/215 344/999/215 342/1000/215
f 343/1001/216 317/1002/216 318/1003/216 344/1004/216
f 343/1005/217 341/1006/217 339/1007/217 337/1008/217 335/1009/217 333/1010/217 331/1011/217 329/1012/217 327/1013/217 325/1014/217 323/1015/217 321/1016/217 319/1017/217 317/1018/217
f 318/1019/218 320/1020/218 322/1021/218 324/1022/218 326/1023/218 328/1024/218 330/1025/218 332/1026/218 334/1027/218 336/1028/218 338/1029/218 340/1030/218 342/1031/218 344/1032/218
usemtl paper
f 345/1033/219 346/1034/219 347/1035/219 348/1036/219
f 350/1037/220 349/1038/220 352/1039/220 351/1040/220
f 349/1041/221 345/1042/221 348/1043/221 352/1044/221
f 346/1045/222 350/1046/222 351/1047/222 347/1048/222
f 348/1049/223 347/1050/223 351/1051/223 352/1052/223
f 349/1053/224 350/1054/224 346/1055/224 345/1056/224
usemtl gas_vacuum
f 353/1057/225 354/1058/225 355/1059/225 356/1060/225
f 358/1061/226 357/1062/226 360/1063/226 359/1064/226
f 357/1065/227 353/1066/227 356/1067/227 360/1068/227
f 354/1069/228 358/1070/228 359/1071/228 355/1072/228
f 356/1073/229 355/1074/229 359/1075/229 360/1076/229
f 357/1077/230 358/1078/230 354/1079/230 353/1080/230
f 361/1081/231 362/1082/231 363/1083/231 364/1084/231
f 366/1085/232 365/1086/232 368/1087/232 367/1088/232
f 365/1089/233 361/1090/233 364/1091/233 368/1092/233
f 362/1093/234 366/1094/234 367/1095/234 363/1096/234
f 364/1097/235 363/1098/235 367/1099/235 368/1100/235
f 365/1101/236 366/1102/236 362/1103/236 361/1104/236
f 369/1105/237 371/1106/237 372/1107/237 370/1108/237
f 371/1109/238 373/1110/238 374/1111/238 372/1112/238
f 373/1113/239 375/1114/239 376/1115/239 374/1116/239
f 375/1117/240 377/1118/240 378/1119/240 376/1120/240
f 377/1121/241 379/1122/241 380/1123/241 378/1124/241
f 379/1125/242 381/1126/242 382/1127/242 380/1128/242
f 381/1129/243 383/1130/243 384/1131/243 382/1132/243
f 383/1133/244 369/1134/244 370/1135/244 384/1136/244
f 383/1137/245 381/1138/245 379/1139/245 377/1140/245 375/1141/245 373/1142/245 371/1143/245 369/1144/245
f 370/1145/246 372/1146/246 374/1147/246 376/1148/246 378/1149/246 380/1150/246 382/1151/246 384/1152/246
f 385/1153/247 387/1154/247 388/1155/247 386/1156/247
f 387/1157/248 389/1158/248 390/1159/248 388/1160/248
f 389/1161/249 391/1162/249 392/1163/249 390/1164/249
f 391/1165/250 393/1166/250 394/1167/250 392/1168/250
f 393/1169/251 395/1170/251 396/1171/251 394/1172/251
f 395/1173/252 397/1174/252 398/1175/252 396/1176/252
f 397/1177/253 399/1178/253 400/1179/253 398/1180/253
f 399/1181/254 385/1182/254 386/1183/254 400/1184/254
f 399/1185/255 397/1186/255 395/1187/255 393/1188/255 391/1189/255 389/1190/255 387/1191/255 385/1192/255
f 386/1193/256 388/1194/256 390/1195/256 392/1196/256 394/1197/256 396/1198/256 398/1199/256 400/1200/256
f 401/1201/257 403/1202/257 404/1203/257 402/1204/257
f 403/1205/258 405/1206/258 406/1207/258 404/1208/258
f 405/1209/259 407/1210/259 408/1211/259 406/1212/259
f 407/1213/260 409/1214/260 410/1215/260 408/1216/260
f 409/1217/261 411/1218/261 412/1219/261 410/1220/261
f 411/1221/262 413/1222/262 414/1223/262 412/1224/262
f 413/1225/263 415/1226/263 416/1227/263 414/1228/263
f 415/1229/264 401/1230/264 402/1231/264 416/1232/264
f 415/1233/265 413/1234/265 411/1235/265 409/1236/265 407/1237/265 405/1238/265 403/1239/265 401/1240/265
f 402/1241/266 404/1242/266 406/1243/266 408/1244/266 410/1245/266 412/1246/266 414/1247/266 416/1248/266
f 417/1249/267 419/1250/267 420/1251/267 418/1252/267
f 419/1253/268 421/1254/268 422/1255/268 420/1256/268
f 421/1257/269 423/1258/269 424/1259/269 422/1260/269
f 423/1261/270 425/1262/270 426/1263/270 424/1264/270
f 425/1265/271 427/1266/271 428/1267/271 426/1268/271
f 427/1269/272 429/1270/272 430/1271/272 428/1272/272
f 429/1273/273 431/1274/273 432/1275/273 430/1276/273
f 431/1277/274 417/1278/274 418/1279/274 432/1280/274
f 431/1281/275 429/1282/275 427/1283/275 425/1284/275 423/1285/275 421/1286/275 419/1287/275 417/1288/275
f 418/1289/276 420/1290/276 422/1291/276 424/1292/276 426/1293/276 428/1294/276 430/1295/276 432/1296/276
usemtl metal
f 433/1297/277 435/1298/277 436/1299/277 434/1300/277
f 435/1301/278 437/1302/278 438/1303/278 436/1304/278
f 437/1305/279 439/1306/279 440/1307/279 438/1308/279
f 439/1309/280 441/1310/280 442/1311/280 440/1312/280
f 441/1313/281 443/1314/281 444/1315/281 442/1316/281
f 443/1317/282 445/1318/282 446/1319/282 444/1320/282
f 445/1321/283 447/1322/283 448/1323/283 446/1324/283
f 447/1325/284 449/1326/284 450/1327/284 448/1328/284
f 449/1329/285 451/1330/285 452/1331/285 450/1332/285
f 451/1333/286 453/1334/286 454/1335/286 452/1336/286
f 453/1337/287 455/1338/287 456/1339/287 454/1340/287
f 455/1341/288 457/1342/288 458/1343/288 456/1344/288
f 457/1345/289 459/1346/289 460/1347/289 458/1348/289
f 459/1349/290 433/1350/290 434/1351/290 460/1352/290
f 459/1353/291 457/1354/291 455/1355/291 453/1356/291 451/1357/291 449/1358/291 447/1359/291 445/1360/291 443/1361/291 441/1362/291 439/1363/291 437/1364/291 435/1365/291 433/1366/291
f 434/1367/292 436/1368/292 438/1369/292 440/1370/292 442/1371/292 444/1372/292 446/1373/292 448/1374/292 450/1375/292 452/1376/292 454/1377/292 456/1378/292 458/1379/292 460/1380/292
usemtl paper
f 461/1381/293 462/1382/293 463/1383/293 464/1384/293
f 466/1385/294 465/1386/294 468/1387/294 467/1388/294
f 465/1389/295 461/1390/295 464/1391/295 468/1392/295
f 462/1393/296 466/1394/296 467/1395/296 463/1396/296
f 464/1397/297 463/1398/297 467/1399/297 468/1400/297
f 465/1401/298 466/1402/298 462/1403/298 461/1404/298
usemtl outlet_white
f 469/1405/299 470/1406/299 471/1407/299 472/1408/299
f 474/1409/300 473/1410/300 476/1411/300 475/1412/300
f 473/1413/301 469/1414/301 472/1415/301 476/1416/301
f 470/1417/302 474/1418/302 475/1419/302 471/1420/302
f 472/1421/303 471/1422/303 475/1423/303 476/1424/303
f 473/1425/304 474/1426/304 470/1427/304 469/1428/304
f 477/1429/305 478/1430/305 479/1431/305 480/1432/305
f 482/1433/306 481/1434/306 484/1435/306 483/1436/306
f 481/1437/307 477/1438/307 480/1439/307 484/1440/307
f 478/1441/308 482/1442/308 483/1443/308 479/1444/308
f 480/1445/309 479/1446/309 483/1447/309 484/1448/309
f 481/1449/310 482/1450/310 478/1451/310 477/1452/310
f 485/1453/311 487/1454/311 488/1455/311 486/1456/311
f 487/1457/312 489/1458/312 490/1459/312 488/1460/312
f 489/1461/313 491/1462/313 492/1463/313 490/1464/313
f 491/1465/314 493/1466/314 494/1467/314 492/1468/314
f 493/1469/315 495/1470/315 496/1471/315 494/1472/315
f 495/1473/316 497/1474/316 498/1475/316 496/1476/316
f 497/1477/317 499/1478/317 500/1479/317 498/1480/317
f 499/1481/318 485/1482/318 486/1483/318 500/1484/318
f 499/1485/319 497/1486/319 495/1487/319 493/1488/319 491/1489/319 489/1490/319 487/1491/319 485/1492/319
f 486/1493/320 488/1494/320 490/1495/320 492/1496/320 494/1497/320 496/1498/320 498/1499/320 500/1500/320
f 501/1501/321 503/1502/321 504/1503/321 502/1504/321
f 503/1505/322 505/1506/322 506/1507/322 504/1508/322
f 505/1509/323 507/1510/323 508/1511/323 506/1512/323
f 507/1513/324 509/1514/324 510/1515/324 508/1516/324
f 509/1517/325 511/1518/325 512/1519/325 510/1520/325
f 511/1521/326 513/1522/326 514/1523/326 512/1524/326
f 513/1525/327 515/1526/327 516/1527/327 514/1528/327
f 515/1529/328 501/1530/328 502/1531/328 516/1532/328
f 515/1533/329 513/1534/329 511/1535/329 509/1536/329 507/1537/329 505/1538/329 503/1539/329 501/1540/329
f 502/1541/330 504/1542/330 506/1543/330 508/1544/330 510/1545/330 512/1546/330 514/1547/330 516/1548/330
f 517/1549/331 519/1550/331 520/1551/331 518/1552/331
f 519/1553/332 521/1554/332 522/1555/332 520/1556/332
f 521/1557/333 523/1558/333 524/1559/333 522/1560/333
f 523/1561/334 525/1562/334 526/1563/334 524/1564/334
f 525/1565/335 527/1566/335 528/1567/335 526/1568/335
f 527/1569/336 529/1570/336 530/1571/336 528/1572/336
f 529/1573/337 531/1574/337 532/1575/337 530/1576/337
f 531/1577/338 517/1578/338 518/1579/338 532/1580/338
f 531/1581/339 529/1582/339 527/1583/339 525/1584/339 523/1585/339 521/1586/339 519/1587/339 517/1588/339
f 518/1589/340 520/1590/340 522/1591/340 524/1592/340 526/1593/340 528/1594/340 530/1595/340 532/1596/340
f 533/1597/341 535/1598/341 536/1599/341 534/1600/341
f 535/1601/342 537/1602/342 538/1603/342 536/1604/342
f 537/1605/343 539/1606/343 540/1607/343 538/1608/343
f 539/1609/344 541/1610/344 542/1611/344 540/1612/344
f 541/1613/345 543/1614/345 544/1615/345 542/1616/345
f 543/1617/346 545/1618/346 546/1619/346 544/1620/346
f 545/1621/347 547/1622/347 548/1623/347 546/1624/347
f 547/1625/348 533/1626/348 534/1627/348 548/1628/348
f 547/1629/349 545/1630/349 543/1631/349 541/1632/349 539/1633/349 537/1634/349 535/1635/349 533/1636/349
f 534/1637/350 536/1638/350 538/1639/350 540/1640/350 542/1641/350 544/1642/350 546/1643/350 548/1644/350
usemtl rubber_dark
f 549/1645/351 550/1646/351 551/1647/351 552/1648/351
f 554/1649/352 553/1650/352 556/1651/352 555/1652/352
f 553/1653/353 549/1654/353 552/1655/353 556/1656/353
f 550/1657/354 554/1658/354 555/1659/354 551/1660/354
f 552/1661/355 551/1662/355 555/1663/355 556/1664/355
f 553/1665/356 554/1666/356 550/1667/356 549/1668/356
f 557/1669/357 558/1670/357 559/1671/357 560/1672/357
f 562/1673/358 561/1674/358 564/1675/358 563/1676/358
f 561/1677/359 557/1678/359 560/1679/359 564/1680/359
f 558/1681/360 562/1682/360 563/1683/360 559/1684/360
f 560/1685/361 559/1686/361 563/1687/361 564/1688/361
f 561/1689/362 562/1690/362 558/1691/362 557/1692/362
f 565/1693/363 566/1694/363 567/1695/363 568/1696/363
f 570/1697/364 569/1698/364 572/1699/364 571/1700/364
f 569/1701/365 565/1702/365 568/1703/365 572/1704/365
f 566/1705/366 570/1706/366 571/1707/366 567/1708/366
f 568/1709/367 567/1710/367 571/1711/367 572/1712/367
f 569/1713/368 570/1714/368 566/1715/368 565/1716/368
usemtl outlet_white
f 573/1717/369 574/1718/369 575/1719/369 576/1720/369
f 578/1721/370 577/1722/370 580/1723/370 579/1724/370
f 577/1725/371 573/1726/371 576/1727/371 580/1728/371
f 574/1729/372 578/1730/372 579/1731/372 575/1732/372
f 576/1733/373 575/1734/373 579/1735/373 580/1736/373
f 577/1737/374 578/1738/374 574/1739/374 573/1740/374
f 581/1741/375 582/1742/375 583/1743/375 584/1744/375
f 586/1745/376 585/1746/376 588/1747/376 587/1748/376
f 585/1749/377 581/1750/377 584/1751/377 588/1752/377
f 582/1753/378 586/1754/378 587/1755/378 583/1756/378
f 584/1757/379 583/1758/379 587/1759/379 588/1760/379
f 585/1761/380 586/1762/380 582/1763/380 581/1764/380
f 589/1765/381 591/1766/381 592/1767/381 590/1768/381
f 591/1769/382 593/1770/382 594/1771/382 592/1772/382
f 593/1773/383 595/1774/383 596/1775/383 594/1776/383
f 595/1777/384 597/1778/384 598/1779/384 596/1780/384
f 597/1781/385 599/1782/385 600/1783/385 598/1784/385
f 599/1785/386 601/1786/386 602/1787/386 600/1788/386
f 601/1789/387 603/1790/387 604/1791/387 602/1792/387
f 603/1793/388 589/1794/388 590/1795/388 604/1796/388
f 603/1797/389 601/1798/389 599/1799/389 597/1800/389 595/1801/389 593/1802/389 591/1803/389 589/1804/389
f 590/1805/390 592/1806/390 594/1807/390 596/1808/390 598/1809/390 600/1810/390 602/1811/390 604/1812/390
f 605/1813/391 607/1814/391 608/1815/391 606/1816/391
f 607/1817/392 609/1818/392 610/1819/392 608/1820/392
f 609/1821/393 611/1822/393 612/1823/393 610/1824/393
f 611/1825/394 613/1826/394 614/1827/394 612/1828/394
f 613/1829/395 615/1830/395 616/1831/395 614/1832/395
f 615/1833/396 617/1834/396 618/1835/396 616/1836/396
f 617/1837/397 619/1838/397 620/1839/397 618/1840/397
f 619/1841/398 605/1842/398 606/1843/398 620/1844/398
f 619/1845/399 617/1846/399 615/1847/399 613/1848/399 611/1849/399 609/1850/399 607/1851/399 605/1852/399
f 606/1853/400 608/1854/400 610/1855/400 612/1856/400 614/1857/400 616/1858/400 618/1859/400 620/1860/400
f 621/1861/401 623/1862/401 624/1863/401 622/1864/401
f 623/1865/402 625/1866/402 626/1867/402 624/1868/402
f 625/1869/403 627/1870/403 628/1871/403 626/1872/403
f 627/1873/404 629/1874/404 630/1875/404 628/1876/404
f 629/1877/405 631/1878/405 632/1879/405 630/1880/405
f 631/1881/406 633/1882/406 634/1883/406 632/1884/406
f 633/1885/407 635/1886/407 636/1887/407 634/1888/407
f 635/1889/408 621/1890/408 622/1891/408 636/1892/408
f 635/1893/409 633/1894/409 631/1895/409 629/1896/409 627/1897/409 625/1898/409 623/1899/409 621/1900/409
f 622/1901/410 624/1902/410 626/1903/410 628/1904/410 630/1905/410 632/1906/410 634/1907/410 636/1908/410
f 637/1909/411 639/1910/411 640/1911/411 638/1912/411
f 639/1913/412 641/1914/412 642/1915/412 640/1916/412
f 641/1917/413 643/1918/413 644/1919/413 642/1920/413
f 643/1921/414 645/1922/414 646/1923/414 644/1924/414
f 645/1925/415 647/1926/415 648/1927/415 646/1928/415
f 647/1929/416 649/1930/416 650/1931/416 648/1932/416
f 649/1933/417 651/1934/417 652/1935/417 650/1936/417
f 651/1937/418 637/1938/418 638/1939/418 652/1940/418
f 651/1941/419 649/1942/419 647/1943/419 645/1944/419 643/1945/419 641/1946/419 639/1947/419 637/1948/419
f 638/1949/420 640/1950/420 642/1951/420 644/1952/420 646/1953/420 648/1954/420 650/1955/420 652/1956/420
usemtl rubber_dark
f 653/1957/421 654/1958/421 655/1959/421 656/1960/421
f 658/1961/422 657/1962/422 660/1963/422 659/1964/422
f 657/1965/423 653/1966/423 656/1967/423 660/1968/423
f 654/1969/424 658/1970/424 659/1971/424 655/1972/424
f 656/1973/425 655/1974/425 659/1975/425 660/1976/425
f 657/1977/426 658/1978/426 654/1979/426 653/1980/426
f 661/1981/427 662/1982/427 663/1983/427 664/1984/427
f 666/1985/428 665/1986/428 668/1987/428 667/1988/428
f 665/1989/429 661/1990/429 664/1991/429 668/1992/429
f 662/1993/430 666/1994/430 667/1995/430 663/1996/430
f 664/1997/431 663/1998/431 667/1999/431 668/2000/431
f 665/2001/432 666/2002/432 662/2003/432 661/2004/432
f 669/2005/433 670/2006/433 671/2007/433 672/2008/433
f 674/2009/434 673/2010/434 676/2011/434 675/2012/434
f 673/2013/435 669/2014/435 672/2015/435 676/2016/435
f 670/2017/436 674/2018/436 675/2019/436 671/2020/436
f 672/2021/437 671/2022/437 675/2023/437 676/2024/437
f 673/2025/438 674/2026/438 670/2027/438 669/2028/438
usemtl outlet_white
f 677/2029/439 678/2030/439 679/2031/439 680/2032/439
f 682/2033/440 681/2034/440 684/2035/440 683/2036/440
f 681/2037/441 677/2038/441 680/2039/441 684/2040/441
f 678/2041/442 682/2042/442 683/2043/442 679/2044/442
f 680/2045/443 679/2046/443 683/2047/443 684/2048/443
f 681/2049/444 682/2050/444 678/2051/444 677/2052/444
f 685/2053/445 686/2054/445 687/2055/445 688/2056/445
f 690/2057/446 689/2058/446 692/2059/446 691/2060/446
f 689/2061/447 685/2062/447 688/2063/447 692/2064/447
f 686/2065/448 690/2066/448 691/2067/448 687/2068/448
f 688/2069/449 687/2070/449 691/2071/449 692/2072/449
f 689/2073/450 690/2074/450 686/2075/450 685/2076/450
f 693/2077/451 695/2078/451 696/2079/451 694/2080/451
f 695/2081/452 697/2082/452 698/2083/452 696/2084/452
f 697/2085/453 699/2086/453 700/2087/453 698/2088/453
f 699/2089/454 701/2090/454 702/2091/454 700/2092/454
f 701/2093/455 703/2094/455 704/2095/455 702/2096/455
f 703/2097/456 705/2098/456 706/2099/456 704/2100/456
f 705/2101/457 707/2102/457 708/2103/457 706/2104/457
f 707/2105/458 693/2106/458 694/2107/458 708/2108/458
f 707/2109/459 705/2110/459 703/2111/459 701/2112/459 699/2113/459 697/2114/459 695/2115/459 693/2116/459
f 694/2117/460 696/2118/460 698/2119/460 700/2120/460 702/2121/460 704/2122/460 706/2123/460 708/2124/460
f 709/2125/461 711/2126/461 712/2127/461 710/2128/461
f 711/2129/462 713/2130/462 714/2131/462 712/2132/462
f 713/2133/463 715/2134/463 716/2135/463 714/2136/463
f 715/2137/464 717/2138/464 718/2139/464 716/2140/464
f 717/2141/465 719/2142/465 720/2143/465 718/2144/465
f 719/2145/466 721/2146/466 722/2147/466 720/2148/466
f 721/2149/467 723/2150/467 724/2151/467 722/2152/467
f 723/2153/468 709/2154/468 710/2155/468 724/2156/468
f 723/2157/469 721/2158/469 719/2159/469 717/2160/469 715/2161/469 713/2162/469 711/2163/469 709/2164/469
f 710/2165/470 712/2166/470 714/2167/470 716/2168/470 718/2169/470 720/2170/470 722/2171/470 724/2172/470
f 725/2173/471 727/2174/471 728/2175/471 726/2176/471
f 727/2177/472 729/2178/472 730/2179/472 728/2180/472
f 729/2181/473 731/2182/473 732/2183/473 730/2184/473
f 731/2185/474 733/2186/474 734/2187/474 732/2188/474
f 733/2189/475 735/2190/475 736/2191/475 734/2192/475
f 735/2193/476 737/2194/476 738/2195/476 736/2196/476
f 737/2197/477 739/2198/477 740/2199/477 738/2200/477
f 739/2201/478 725/2202/478 726/2203/478 740/2204/478
f 739/2205/479 737/2206/479 735/2207/479 733/2208/479 731/2209/479 729/2210/479 727/2211/479 725/2212/479
f 726/2213/480 728/2214/480 730/2215/480 732/2216/480 734/2217/480 736/2218/480 738/2219/480 740/2220/480
f 741/2221/481 743/2222/481 744/2223/481 742/2224/481
f 743/2225/482 745/2226/482 746/2227/482 744/2228/482
f 745/2229/483 747/2230/483 748/2231/483 746/2232/483
f 747/2233/484 749/2234/484 750/2235/484 748/2236/484
f 749/2237/485 751/2238/485 752/2239/485 750/2240/485
f 751/2241/486 753/2242/486 754/2243/486 752/2244/486
f 753/2245/487 755/2246/487 756/2247/487 754/2248/487
f 755/2249/488 741/2250/488 742/2251/488 756/2252/488
f 755/2253/489 753/2254/489 751/2255/489 749/2256/489 747/2257/489 745/2258/489 743/2259/489 741/2260/489
f 742/2261/490 744/2262/490 746/2263/490 748/2264/490 750/2265/490 752/2266/490 754/2267/490 756/2268/490
usemtl rubber_dark
f 757/2269/491 758/2270/491 759/2271/491 760/2272/491
f 762/2273/492 761/2274/492 764/2275/492 763/2276/492
f 761/2277/493 757/2278/493 760/2279/493 764/2280/493
f 758/2281/494 762/2282/494 763/2283/494 759/2284/494
f 760/2285/495 759/2286/495 763/2287/495 764/2288/495
f 761/2289/496 762/2290/496 758/2291/496 757/2292/496
f 765/2293/497 766/2294/497 767/2295/497 768/2296/497
f 770/2297/498 769/2298/498 772/2299/498 771/2300/498
f 769/2301/499 765/2302/499 768/2303/499 772/2304/499
f 766/2305/500 770/2306/500 771/2307/500 767/2308/500
f 768/2309/501 767/2310/501 771/2311/501 772/2312/501
f 769/2313/502 770/2314/502 766/2315/502 765/2316/502
f 773/2317/503 774/2318/503 775/2319/503 776/2320/503
f 778/2321/504 777/2322/504 780/2323/504 779/2324/504
f 777/2325/505 773/2326/505 776/2327/505 780/2328/505
f 774/2329/506 778/2330/506 779/2331/506 775/2332/506
f 776/2333/507 775/2334/507 779/2335/507 780/2336/507
f 777/2337/508 778/2338/508 774/2339/508 773/2340/508
usemtl paper
f 781/2341/509 782/2342/509 783/2343/509 784/2344/509
f 786/2345/510 785/2346/510 788/2347/510 787/2348/510
f 785/2349/511 781/2350/511 784/2351/511 788/2352/511
f 782/2353/512 786/2354/512 787/2355/512 783/2356/512
f 784/2357/513 783/2358/513 787/2359/513 788/2360/513
f 785/2361/514 786/2362/514 782/2363/514 781/2364/514
usemtl warning_red
f 789/2365/515 790/2366/515 791/2367/515 792/2368/515
f 794/2369/516 793/2370/516 796/2371/516 795/2372/516
f 793/2373/517 789/2374/517 792/2375/517 796/2376/517
f 790/2377/518 794/2378/518 795/2379/518 791/2380/518
f 792/2381/519 791/2382/519 795/2383/519 796/2384/519
f 793/2385/520 794/2386/520 790/2387/520 789/2388/520
usemtl warm_indicator
f 797/2389/521 798/2390/521 799/2391/521 800/2392/521
f 802/2393/522 801/2394/522 804/2395/522 803/2396/522
f 801/2397/523 797/2398/523 800/2399/523 804/2400/523
f 798/2401/524 802/2402/524 803/2403/524 799/2404/524
f 800/2405/525 799/2406/525 803/2407/525 804/2408/525
f 801/2409/526 802/2410/526 798/2411/526 797/2412/526
usemtl tape
f 805/2413/527 806/2414/527 807/2415/527 808/2416/527
f 810/2417/528 809/2418/528 812/2419/528 811/2420/528
f 809/2421/529 805/2422/529 808/2423/529 812/2424/529
f 806/2425/530 810/2426/530 811/2427/530 807/2428/530
f 808/2429/531 807/2430/531 811/2431/531 812/2432/531
f 809/2433/532 810/2434/532 806/2435/532 805/2436/532
usemtl rubber_dark
f 813/2437/533 815/2438/533 816/2439/533 814/2440/533
f 815/2441/534 817/2442/534 818/2443/534 816/2444/534
f 817/2445/535 819/2446/535 820/2447/535 818/2448/535
f 819/2449/536 821/2450/536 822/2451/536 820/2452/536
f 821/2453/537 823/2454/537 824/2455/537 822/2456/537
f 823/2457/538 825/2458/538 826/2459/538 824/2460/538
f 825/2461/539 813/2462/539 814/2463/539 826/2464/539
f 825/2465/540 823/2466/540 821/2467/540 819/2468/540 817/2469/540 815/2470/540 813/2471/540
f 814/2472/541 816/2473/541 818/2474/541 820/2475/541 822/2476/541 824/2477/541 826/2478/541
f 827/2479/542 829/2480/542 830/2481/542 828/2482/542
f 829/2483/543 831/2484/543 832/2485/543 830/2486/543
f 831/2487/544 833/2488/544 834/2489/544 832/2490/544
f 833/2491/545 835/2492/545 836/2493/545 834/2494/545
f 835/2495/546 837/2496/546 838/2497/546 836/2498/546
f 837/2499/547 839/2500/547 840/2501/547 838/2502/547
f 839/2503/548 827/2504/548 828/2505/548 840/2506/548
f 839/2507/549 837/2508/549 835/2509/549 833/2510/549 831/2511/549 829/2512/549 827/2513/549
f 828/2514/550 830/2515/550 832/2516/550 834/2517/550 836/2518/550 838/2519/550 840/2520/550
f 841/2521/551 843/2522/551 844/2523/551 842/2524/551
f 843/2525/552 845/2526/552 846/2527/552 844/2528/552
f 845/2529/553 847/2530/553 848/2531/553 846/2532/553
f 847/2533/554 849/2534/554 850/2535/554 848/2536/554
f 849/2537/555 851/2538/555 852/2539/555 850/2540/555
f 851/2541/556 853/2542/556 854/2543/556 852/2544/556
f 853/2545/557 841/2546/557 842/2547/557 854/2548/557
f 853/2549/558 851/2550/558 849/2551/558 847/2552/558 845/2553/558 843/2554/558 841/2555/558
f 842/2556/559 844/2557/559 846/2558/559 848/2559/559 850/2560/559 852/2561/559 854/2562/559
f 855/2563/560 857/2564/560 858/2565/560 856/2566/560
f 857/2567/561 859/2568/561 860/2569/561 858/2570/561
f 859/2571/562 861/2572/562 862/2573/562 860/2574/562
f 861/2575/563 863/2576/563 864/2577/563 862/2578/563
f 863/2579/564 865/2580/564 866/2581/564 864/2582/564
f 865/2583/565 867/2584/565 868/2585/565 866/2586/565
f 867/2587/566 855/2588/566 856/2589/566 868/2590/566
f 867/2591/567 865/2592/567 863/2593/567 861/2594/567 859/2595/567 857/2596/567 855/2597/567
f 856/2598/568 858/2599/568 860/2600/568 862/2601/568 864/2602/568 866/2603/568 868/2604/568
f 869/2605/569 871/2606/569 872/2607/569 870/2608/569
f 871/2609/570 873/2610/570 874/2611/570 872/2612/570
f 873/2613/571 875/2614/571 876/2615/571 874/2616/571
f 875/2617/572 877/2618/572 878/2619/572 876/2620/572
f 877/2621/573 879/2622/573 880/2623/573 878/2624/573
f 879/2625/574 881/2626/574 882/2627/574 880/2628/574
f 881/2629/575 869/2630/575 870/2631/575 882/2632/575
f 881/2633/576 879/2634/576 877/2635/576 875/2636/576 873/2637/576 871/2638/576 869/2639/576
f 870/2640/577 872/2641/577 874/2642/577 876/2643/577 878/2644/577 880/2645/577 882/2646/577
f 883/2647/578 885/2648/578 886/2649/578 884/2650/578
f 885/2651/579 887/2652/579 888/2653/579 886/2654/579
f 887/2655/580 889/2656/580 890/2657/580 888/2658/580
f 889/2659/581 891/2660/581 892/2661/581 890/2662/581
f 891/2663/582 893/2664/582 894/2665/582 892/2666/582
f 893/2667/583 895/2668/583 896/2669/583 894/2670/583
f 895/2671/584 883/2672/584 884/2673/584 896/2674/584
f 895/2675/585 893/2676/585 891/2677/585 889/2678/585 887/2679/585 885/2680/585 883/2681/585
f 884/2682/586 886/2683/586 888/2684/586 890/2685/586 892/2686/586 894/2687/586 896/2688/586
usemtl dark_glass
f 897/2689/587 898/2690/587 899/2691/587 900/2692/587
f 902/2693/588 901/2694/588 904/2695/588 903/2696/588
f 901/2697/589 897/2698/589 900/2699/589 904/2700/589
f 898/2701/590 902/2702/590 903/2703/590 899/2704/590
f 900/2705/591 899/2706/591 903/2707/591 904/2708/591
f 901/2709/592 902/2710/592 898/2711/592 897/2712/592
f 905/2713/593 906/2714/593 907/2715/593 908/2716/593
f 910/2717/594 909/2718/594 912/2719/594 911/2720/594
f 909/2721/595 905/2722/595 908/2723/595 912/2724/595
f 906/2725/596 910/2726/596 911/2727/596 907/2728/596
f 908/2729/597 907/2730/597 911/2731/597 912/2732/597
f 909/2733/598 910/2734/598 906/2735/598 905/2736/598
f 913/2737/599 915/2738/599 916/2739/599 914/2740/599
f 915/2741/600 917/2742/600 918/2743/600 916/2744/600
f 917/2745/601 919/2746/601 920/2747/601 918/2748/601
f 919/2749/602 921/2750/602 922/2751/602 920/2752/602
f 921/2753/603 923/2754/603 924/2755/603 922/2756/603
f 923/2757/604 925/2758/604 926/2759/604 924/2760/604
f 925/2761/605 927/2762/605 928/2763/605 926/2764/605
f 927/2765/606 913/2766/606 914/2767/606 928/2768/606
f 927/2769/607 925/2770/607 923/2771/607 921/2772/607 919/2773/607 917/2774/607 915/2775/607 913/2776/607
f 914/2777/608 916/2778/608 918/2779/608 920/2780/608 922/2781/608 924/2782/608 926/2783/608 928/2784/608
f 929/2785/609 931/2786/609 932/2787/609 930/2788/609
f 931/2789/610 933/2790/610 934/2791/610 932/2792/610
f 933/2793/611 935/2794/611 936/2795/611 934/2796/611
f 935/2797/612 937/2798/612 938/2799/612 936/2800/612
f 937/2801/613 939/2802/613 940/2803/613 938/2804/613
f 939/2805/614 941/2806/614 942/2807/614 940/2808/614
f 941/2809/615 943/2810/615 944/2811/615 942/2812/615
f 943/2813/616 929/2814/616 930/2815/616 944/2816/616
f 943/2817/617 941/2818/617 939/2819/617 937/2820/617 935/2821/617 933/2822/617 931/2823/617 929/2824/617
f 930/2825/618 932/2826/618 934/2827/618 936/2828/618 938/2829/618 940/2830/618 942/2831/618 944/2832/618
f 945/2833/619 947/2834/619 948/2835/619 946/2836/619
f 947/2837/620 949/2838/620 950/2839/620 948/2840/620
f 949/2841/621 951/2842/621 952/2843/621 950/2844/621
f 951/2845/622 953/2846/622 954/2847/622 952/2848/622
f 953/2849/623 955/2850/623 956/2851/623 954/2852/623
f 955/2853/624 957/2854/624 958/2855/624 956/2856/624
f 957/2857/625 959/2858/625 960/2859/625 958/2860/625
f 959/2861/626 945/2862/626 946/2863/626 960/2864/626
f 959/2865/627 957/2866/627 955/2867/627 953/2868/627 951/2869/627 949/2870/627 947/2871/627 945/2872/627
f 946/2873/628 948/2874/628 950/2875/628 952/2876/628 954/2877/628 956/2878/628 958/2879/628 960/2880/628
f 961/2881/629 963/2882/629 964/2883/629 962/2884/629
f 963/2885/630 965/2886/630 966/2887/630 964/2888/630
f 965/2889/631 967/2890/631 968/2891/631 966/2892/631
f 967/2893/632 969/2894/632 970/2895/632 968/2896/632
f 969/2897/633 971/2898/633 972/2899/633 970/2900/633
f 971/2901/634 973/2902/634 974/2903/634 972/2904/634
f 973/2905/635 975/2906/635 976/2907/635 974/2908/635
f 975/2909/636 961/2910/636 962/2911/636 976/2912/636
f 975/2913/637 973/2914/637 971/2915/637 969/2916/637 967/2917/637 965/2918/637 963/2919/637 961/2920/637
f 962/2921/638 964/2922/638 966/2923/638 968/2924/638 970/2925/638 972/2926/638 974/2927/638 976/2928/638
usemtl warm_indicator
f 977/2929/639 979/2930/639 980/2931/639 978/2932/639
f 979/2933/640 981/2934/640 982/2935/640 980/2936/640
f 981/2937/641 983/2938/641 984/2939/641 982/2940/641
f 983/2941/642 985/2942/642 986/2943/642 984/2944/642
f 985/2945/643 987/2946/643 988/2947/643 986/2948/643
f 987/2949/644 989/2950/644 990/2951/644 988/2952/644
f 989/2953/645 991/2954/645 992/2955/645 990/2956/645
f 991/2957/646 977/2958/646 978/2959/646 992/2960/646
f 991/2961/647 989/2962/647 987/2963/647 985/2964/647 983/2965/647 981/2966/647 979/2967/647 977/2968/647
f 978/2969/648 980/2970/648 982/2971/648 984/2972/648 986/2973/648 988/2974/648 990/2975/648 992/2976/648
f 993/2977/649 995/2978/649 996/2979/649 994/2980/649
f 995/2981/650 997/2982/650 998/2983/650 996/2984/650
f 997/2985/651 999/2986/651 1000/2987/651 998/2988/651
f 999/2989/652 1001/2990/652 1002/2991/652 1000/2992/652
f 1001/2993/653 1003/2994/653 1004/2995/653 1002/2996/653
f 1003/2997/654 1005/2998/654 1006/2999/654 1004/3000/654
f 1005/3001/655 1007/3002/655 1008/3003/655 1006/3004/655
f 1007/3005/656 993/3006/656 994/3007/656 1008/3008/656
f 1007/3009/657 1005/3010/657 1003/3011/657 1001/3012/657 999/3013/657 997/3014/657 995/3015/657 993/3016/657
f 994/3017/658 996/3018/658 998/3019/658 1000/3020/658 1002/3021/658 1004/3022/658 1006/3023/658 1008/3024/658
f 1009/3025/659 1011/3026/659 1012/3027/659 1010/3028/659
f 1011/3029/660 1013/3030/660 1014/3031/660 1012/3032/660
f 1013/3033/661 1015/3034/661 1016/3035/661 1014/3036/661
f 1015/3037/662 1017/3038/662 1018/3039/662 1016/3040/662
f 1017/3041/663 1019/3042/663 1020/3043/663 1018/3044/663
f 1019/3045/664 1021/3046/664 1022/3047/664 1020/3048/664
f 1021/3049/665 1023/3050/665 1024/3051/665 1022/3052/665
f 1023/3053/666 1009/3054/666 1010/3055/666 1024/3056/666
f 1023/3057/667 1021/3058/667 1019/3059/667 1017/3060/667 1015/3061/667 1013/3062/667 1011/3063/667 1009/3064/667
f 1010/3065/668 1012/3066/668 1014/3067/668 1016/3068/668 1018/3069/668 1020/3070/668 1022/3071/668 1024/3072/668
