# Generated by tools/generate_ambulance_proxy_meshes.py
mtllib ambulance_proxy_materials.mtl
o ambulance_equipment_rack
v -0.750000 -0.590000 -0.430000
v -0.750000 0.590000 -0.430000
v -0.754019 -0.590000 -0.445000
v -0.754019 0.590000 -0.445000
v -0.765000 -0.590000 -0.455981
v -0.765000 0.590000 -0.455981
v -0.780000 -0.590000 -0.460000
v -0.780000 0.590000 -0.460000
v -0.795000 -0.590000 -0.455981
v -0.795000 0.590000 -0.455981
v -0.805981 -0.590000 -0.445000
v -0.805981 0.590000 -0.445000
v -0.810000 -0.590000 -0.430000
v -0.810000 0.590000 -0.430000
v -0.805981 -0.590000 -0.415000
v -0.805981 0.590000 -0.415000
v -0.795000 -0.590000 -0.404019
v -0.795000 0.590000 -0.404019
v -0.780000 -0.590000 -0.400000
v -0.780000 0.590000 -0.400000
v -0.765000 -0.590000 -0.404019
v -0.765000 0.590000 -0.404019
v -0.754019 -0.590000 -0.415000
v -0.754019 0.590000 -0.415000
v -0.750000 -0.590000 0.430000
v -0.750000 0.590000 0.430000
v -0.754019 -0.590000 0.415000
v -0.754019 0.590000 0.415000
v -0.765000 -0.590000 0.404019
v -0.765000 0.590000 0.404019
v -0.780000 -0.590000 0.400000
v -0.780000 0.590000 0.400000
v -0.795000 -0.590000 0.404019
v -0.795000 0.590000 0.404019
v -0.805981 -0.590000 0.415000
v -0.805981 0.590000 0.415000
v -0.810000 -0.590000 0.430000
v -0.810000 0.590000 0.430000
v -0.805981 -0.590000 0.445000
v -0.805981 0.590000 0.445000
v -0.795000 -0.590000 0.455981
v -0.795000 0.590000 0.455981
v -0.780000 -0.590000 0.460000
v -0.780000 0.590000 0.460000
v -0.765000 -0.590000 0.455981
v -0.765000 0.590000 0.455981
v -0.754019 -0.590000 0.445000
v -0.754019 0.590000 0.445000
v 0.810000 -0.590000 -0.430000
v 0.810000 0.590000 -0.430000
v 0.805981 -0.590000 -0.445000
v 0.805981 0.590000 -0.445000
v 0.795000 -0.590000 -0.455981
v 0.795000 0.590000 -0.455981
v 0.780000 -0.590000 -0.460000
v 0.780000 0.590000 -0.460000
v 0.765000 -0.590000 -0.455981
v 0.765000 0.590000 -0.455981
v 0.754019 -0.590000 -0.445000
v 0.754019 0.590000 -0.445000
v 0.750000 -0.590000 -0.430000
v 0.750000 0.590000 -0.430000
v 0.754019 -0.590000 -0.415000
v 0.754019 0.590000 -0.415000
v 0.765000 -0.590000 -0.404019
v 0.765000 0.590000 -0.404019
v 0.780000 -0.590000 -0.400000
v 0.780000 0.590000 -0.400000
v 0.795000 -0.590000 -0.404019
v 0.795000 0.590000 -0.404019
v 0.805981 -0.590000 -0.415000
v 0.805981 0.590000 -0.415000
v 0.810000 -0.590000 0.430000
v 0.810000 0.590000 0.430000
v 0.805981 -0.590000 0.415000
v 0.805981 0.590000 0.415000
v 0.795000 -0.590000 0.404019
v 0.795000 0.590000 0.404019
v 0.780000 -0.590000 0.400000
v 0.780000 0.590000 0.400000
v 0.765000 -0.590000 0.404019
v 0.765000 0.590000 0.404019
v 0.754019 -0.590000 0.415000
v 0.754019 0.590000 0.415000
v 0.750000 -0.590000 0.430000
v 0.750000 0.590000 0.430000
v 0.754019 -0.590000 0.445000
v 0.754019 0.590000 0.445000
v 0.765000 -0.590000 0.455981
v 0.765000 0.590000 0.455981
v 0.780000 -0.590000 0.460000
v 0.780000 0.590000 0.460000
v 0.795000 -0.590000 0.455981
v 0.795000 0.590000 0.455981
v 0.805981 -0.590000 0.445000
v 0.805981 0.590000 0.445000
v -0.820000 -0.480000 -0.404000
v 0.820000 -0.480000 -0.404000
v -0.820000 -0.493000 -0.407483
v 0.820000 -0.493000 -0.407483
v -0.820000 -0.502517 -0.417000
v 0.820000 -0.502517 -0.417000
v -0.820000 -0.506000 -0.430000
v 0.820000 -0.506000 -0.430000
v -0.820000 -0.502517 -0.443000
v 0.820000 -0.502517 -0.443000
v -0.820000 -0.493000 -0.452517
v 0.820000 -0.493000 -0.452517
v -0.820000 -0.480000 -0.456000
v 0.820000 -0.480000 -0.456000
v -0.820000 -0.467000 -0.452517
v 0.820000 -0.467000 -0.452517
v -0.820000 -0.457483 -0.443000
v 0.820000 -0.457483 -0.443000
v -0.820000 -0.454000 -0.430000
v 0.820000 -0.454000 -0.430000
v -0.820000 -0.457483 -0.417000
v 0.820000 -0.457483 -0.417000
v -0.820000 -0.467000 -0.407483
v 0.820000 -0.467000 -0.407483
v -0.820000 -0.480000 0.456000
v 0.820000 -0.480000 0.456000
v -0.820000 -0.493000 0.452517
v 0.820000 -0.493000 0.452517
v -0.820000 -0.502517 0.443000
v 0.820000 -0.502517 0.443000
v -0.820000 -0.506000 0.430000
v 0.820000 -0.506000 0.430000
v -0.820000 -0.502517 0.417000
v 0.820000 -0.502517 0.417000
v -0.820000 -0.493000 0.407483
v 0.820000 -0.493000 0.407483
v -0.820000 -0.480000 0.404000
v 0.820000 -0.480000 0.404000
v -0.820000 -0.467000 0.407483
v 0.820000 -0.467000 0.407483
v -0.820000 -0.457483 0.417000
v 0.820000 -0.457483 0.417000
v -0.820000 -0.454000 0.430000
v 0.820000 -0.454000 0.430000
v -0.820000 -0.457483 0.443000
v 0.820000 -0.457483 0.443000
v -0.820000 -0.467000 0.452517
v 0.820000 -0.467000 0.452517
v -0.820000 0.000000 -0.404000
v 0.820000 0.000000 -0.404000
v -0.820000 -0.013000 -0.407483
v 0.820000 -0.013000 -0.407483
v -0.820000 -0.022517 -0.417000
v 0.820000 -0.022517 -0.417000
v -0.820000 -0.026000 -0.430000
v 0.820000 -0.026000 -0.430000
v -0.820000 -0.022517 -0.443000
v 0.820000 -0.022517 -0.443000
v -0.820000 -0.013000 -0.452517
v 0.820000 -0.013000 -0.452517
v -0.820000 -0.000000 -0.456000
v 0.820000 -0.000000 -0.456000
v -0.820000 0.013000 -0.452517
v 0.820000 0.013000 -0.452517
v -0.820000 0.022517 -0.443000
v 0.820000 0.022517 -0.443000
v -0.820000 0.026000 -0.430000
v 0.820000 0.026000 -0.430000
v -0.820000 0.022517 -0.417000
v 0.820000 0.022517 -0.417000
v -0.820000 0.013000 -0.407483
v 0.820000 0.013000 -0.407483
v -0.820000 0.000000 0.456000
v 0.820000 0.000000 0.456000
v -0.820000 -0.013000 0.452517
v 0.820000 -0.013000 0.452517
v -0.820000 -0.022517 0.443000
v 0.820000 -0.022517 0.443000
v -0.820000 -0.026000 0.430000
v 0.820000 -0.026000 0.430000
v -0.820000 -0.022517 0.417000
v 0.820000 -0.022517 0.417000
v -0.820000 -0.013000 0.407483
v 0.820000 -0.013000 0.407483
v -0.820000 -0.000000 0.404000
v 0.820000 -0.000000 0.404000
v -0.820000 0.013000 0.407483
v 0.820000 0.013000 0.407483
v -0.820000 0.022517 0.417000
v 0.820000 0.022517 0.417000
v -0.820000 0.026000 0.430000
v 0.820000 0.026000 0.430000
v -0.820000 0.022517 0.443000
v 0.820000 0.022517 0.443000
v -0.820000 0.013000 0.452517
v 0.820000 0.013000 0.452517
v -0.820000 0.480000 -0.404000
v 0.820000 0.480000 -0.404000
v -0.820000 0.467000 -0.407483
v 0.820000 0.467000 -0.407483
v -0.820000 0.457483 -0.417000
v 0.820000 0.457483 -0.417000
v -0.820000 0.454000 -0.430000
v 0.820000 0.454000 -0.430000
v -0.820000 0.457483 -0.443000
v 0.820000 0.457483 -0.443000
v -0.820000 0.467000 -0.452517
v 0.820000 0.467000 -0.452517
v -0.820000 0.480000 -0.456000
v 0.820000 0.480000 -0.456000
v -0.820000 0.493000 -0.452517
v 0.820000 0.493000 -0.452517
v -0.820000 0.502517 -0.443000
v 0.820000 0.502517 -0.443000
v -0.820000 0.506000 -0.430000
v 0.820000 0.506000 -0.430000
v -0.820000 0.502517 -0.417000
v 0.820000 0.502517 -0.417000
v -0.820000 0.493000 -0.407483
v 0.820000 0.493000 -0.407483
v -0.820000 0.480000 0.456000
v 0.820000 0.480000 0.456000
v -0.820000 0.467000 0.452517
v 0.820000 0.467000 0.452517
v -0.820000 0.457483 0.443000
v 0.820000 0.457483 0.443000
v -0.820000 0.454000 0.430000
v 0.820000 0.454000 0.430000
v -0.820000 0.457483 0.417000
v 0.820000 0.457483 0.417000
v -0.820000 0.467000 0.407483
v 0.820000 0.467000 0.407483
v -0.820000 0.480000 0.404000
v 0.820000 0.480000 0.404000
v -0.820000 0.493000 0.407483
v 0.820000 0.493000 0.407483
v -0.820000 0.502517 0.417000
v 0.820000 0.502517 0.417000
v -0.820000 0.506000 0.430000
v 0.820000 0.506000 0.430000
v -0.820000 0.502517 0.443000
v 0.820000 0.502517 0.443000
v -0.820000 0.493000 0.452517
v 0.820000 0.493000 0.452517
v -0.645000 0.140000 -0.360000
v -0.035000 0.140000 -0.360000
v -0.035000 0.520000 -0.360000
v -0.645000 0.520000 -0.360000
v -0.645000 0.140000 0.000000
v -0.035000 0.140000 0.000000
v -0.035000 0.520000 0.000000
v -0.645000 0.520000 0.000000
v -0.690000 0.185000 -0.360000
v 0.010000 0.185000 -0.360000
v 0.010000 0.475000 -0.360000
v -0.690000 0.475000 -0.360000
v -0.690000 0.185000 0.000000
v 0.010000 0.185000 0.000000
v 0.010000 0.475000 0.000000
v -0.690000 0.475000 0.000000
v -0.690000 0.185000 -0.360000
v -0.690000 0.185000 0.000000
v -0.683971 0.162500 -0.360000
v -0.683971 0.162500 0.000000
v -0.667500 0.146029 -0.360000
v -0.667500 0.146029 0.000000
v -0.645000 0.140000 -0.360000
v -0.645000 0.140000 0.000000
v -0.622500 0.146029 -0.360000
v -0.622500 0.146029 0.000000
v -0.606029 0.162500 -0.360000
v -0.606029 0.162500 0.000000
v -0.600000 0.185000 -0.360000
v -0.600000 0.185000 0.000000
v -0.606029 0.207500 -0.360000
v -0.606029 0.207500 0.000000
v -0.622500 0.223971 -0.360000
v -0.622500 0.223971 0.000000
v -0.645000 0.230000 -0.360000
v -0.645000 0.230000 0.000000
v -0.667500 0.223971 -0.360000
v -0.667500 0.223971 0.000000
v -0.683971 0.207500 -0.360000
v -0.683971 0.207500 0.000000
v -0.690000 0.475000 -0.360000
v -0.690000 0.475000 0.000000
v -0.683971 0.452500 -0.360000
v -0.683971 0.452500 0.000000
v -0.667500 0.436029 -0.360000
v -0.667500 0.436029 0.000000
v -0.645000 0.430000 -0.360000
v -0.645000 0.430000 0.000000
v -0.622500 0.436029 -0.360000
v -0.622500 0.436029 0.000000
v -0.606029 0.452500 -0.360000
v -0.606029 0.452500 0.000000
v -0.600000 0.475000 -0.360000
v -0.600000 0.475000 0.000000
v -0.606029 0.497500 -0.360000
v -0.606029 0.497500 0.000000
v -0.622500 0.513971 -0.360000
v -0.622500 0.513971 0.000000
v -0.645000 0.520000 -0.360000
v -0.645000 0.520000 0.000000
v -0.667500 0.513971 -0.360000
v -0.667500 0.513971 0.000000
v -0.683971 0.497500 -0.360000
v -0.683971 0.497500 0.000000
v -0.080000 0.185000 -0.360000
v -0.080000 0.185000 0.000000
v -0.073971 0.162500 -0.360000
v -0.073971 0.162500 0.000000
v -0.057500 0.146029 -0.360000
v -0.057500 0.146029 0.000000
v -0.035000 0.140000 -0.360000
v -0.035000 0.140000 0.000000
v -0.012500 0.146029 -0.360000
v -0.012500 0.146029 0.000000
v 0.003971 0.162500 -0.360000
v 0.003971 0.162500 0.000000
v 0.010000 0.185000 -0.360000
v 0.010000 0.185000 0.000000
v 0.003971 0.207500 -0.360000
v 0.003971 0.207500 0.000000
v -0.012500 0.223971 -0.360000
v -0.012500 0.223971 0.000000
v -0.035000 0.230000 -0.360000
v -0.035000 0.230000 0.000000
v -0.057500 0.223971 -0.360000
v -0.057500 0.223971 0.000000
v -0.073971 0.207500 -0.360000
v -0.073971 0.207500 0.000000
v -0.080000 0.475000 -0.360000
v -0.080000 0.475000 0.000000
v -0.073971 0.452500 -0.360000
v -0.073971 0.452500 0.000000
v -0.057500 0.436029 -0.360000
v -0.057500 0.436029 0.000000
v -0.035000 0.430000 -0.360000
v -0.035000 0.430000 0.000000
v -0.012500 0.436029 -0.360000
v -0.012500 0.436029 0.000000
v 0.003971 0.452500 -0.360000
v 0.003971 0.452500 0.000000
v 0.010000 0.475000 -0.360000
v 0.010000 0.475000 0.000000
v 0.003971 0.497500 -0.360000
v 0.003971 0.497500 0.000000
v -0.012500 0.513971 -0.360000
v -0.012500 0.513971 0.000000
v -0.035000 0.520000 -0.360000
v -0.035000 0.520000 0.000000
v -0.057500 0.513971 -0.360000
v -0.057500 0.513971 0.000000
v -0.073971 0.497500 -0.360000
v -0.073971 0.497500 0.000000
v 0.240000 0.140000 -0.350000
v 0.620000 0.140000 -0.350000
v 0.620000 0.460000 -0.350000
v 0.240000 0.460000 -0.350000
v 0.240000 0.140000 -0.030000
v 0.620000 0.140000 -0.030000
v 0.620000 0.460000 -0.030000
v 0.240000 0.460000 -0.030000
v 0.200000 0.180000 -0.350000
v 0.660000 0.180000 -0.350000
v 0.660000 0.420000 -0.350000
v 0.200000 0.420000 -0.350000
v 0.200000 0.180000 -0.030000
v 0.660000 0.180000 -0.030000
v 0.660000 0.420000 -0.030000
v 0.200000 0.420000 -0.030000
v 0.200000 0.180000 -0.350000
v 0.200000 0.180000 -0.030000
v 0.205359 0.160000 -0.350000
v 0.205359 0.160000 -0.030000
v 0.220000 0.145359 -0.350000
v 0.220000 0.145359 -0.030000
v 0.240000 0.140000 -0.350000
v 0.240000 0.140000 -0.030000
v 0.260000 0.145359 -0.350000
v 0.260000 0.145359 -0.030000
v 0.274641 0.160000 -0.350000
v 0.274641 0.160000 -0.030000
v 0.280000 0.180000 -0.350000
v 0.280000 0.180000 -0.030000
v 0.274641 0.200000 -0.350000
v 0.274641 0.200000 -0.030000
v 0.260000 0.214641 -0.350000
v 0.260000 0.214641 -0.030000
v 0.240000 0.220000 -0.350000
v 0.240000 0.220000 -0.030000
v 0.220000 0.214641 -0.350000
v 0.220000 0.214641 -0.030000
v 0.205359 0.200000 -0.350000
v 0.205359 0.200000 -0.030000
v 0.200000 0.420000 -0.350000
v 0.200000 0.420000 -0.030000
v 0.205359 0.400000 -0.350000
v 0.205359 0.400000 -0.030000
v 0.220000 0.385359 -0.350000
v 0.220000 0.385359 -0.030000
v 0.240000 0.380000 -0.350000
v 0.240000 0.380000 -0.030000
v 0.260000 0.385359 -0.350000
v 0.260000 0.385359 -0.030000
v 0.274641 0.400000 -0.350000
v 0.274641 0.400000 -0.030000
v 0.280000 0.420000 -0.350000
v 0.280000 0.420000 -0.030000
v 0.274641 0.440000 -0.350000
v 0.274641 0.440000 -0.030000
v 0.260000 0.454641 -0.350000
v 0.260000 0.454641 -0.030000
v 0.240000 0.460000 -0.350000
v 0.240000 0.460000 -0.030000
v 0.220000 0.454641 -0.350000
v 0.220000 0.454641 -0.030000
v 0.205359 0.440000 -0.350000
v 0.205359 0.440000 -0.030000
v 0.580000 0.180000 -0.350000
v 0.580000 0.180000 -0.030000
v 0.585359 0.160000 -0.350000
v 0.585359 0.160000 -0.030000
v 0.600000 0.145359 -0.350000
v 0.600000 0.145359 -0.030000
v 0.620000 0.140000 -0.350000
v 0.620000 0.140000 -0.030000
v 0.640000 0.145359 -0.350000
v 0.640000 0.145359 -0.030000
v 0.654641 0.160000 -0.350000
v 0.654641 0.160000 -0.030000
v 0.660000 0.180000 -0.350000
v 0.660000 0.180000 -0.030000
v 0.654641 0.200000 -0.350000
v 0.654641 0.200000 -0.030000
v 0.640000 0.214641 -0.350000
v 0.640000 0.214641 -0.030000
v 0.620000 0.220000 -0.350000
v 0.620000 0.220000 -0.030000
v 0.600000 0.214641 -0.350000
v 0.600000 0.214641 -0.030000
v 0.585359 0.200000 -0.350000
v 0.585359 0.200000 -0.030000
v 0.580000 0.420000 -0.350000
v 0.580000 0.420000 -0.030000
v 0.585359 0.400000 -0.350000
v 0.585359 0.400000 -0.030000
v 0.600000 0.385359 -0.350000
v 0.600000 0.385359 -0.030000
v 0.620000 0.380000 -0.350000
v 0.620000 0.380000 -0.030000
v 0.640000 0.385359 -0.350000
v 0.640000 0.385359 -0.030000
v 0.654641 0.400000 -0.350000
v 0.654641 0.400000 -0.030000
v 0.660000 0.420000 -0.350000
v 0.660000 0.420000 -0.030000
v 0.654641 0.440000 -0.350000
v 0.654641 0.440000 -0.030000
v 0.640000 0.454641 -0.350000
v 0.640000 0.454641 -0.030000
v 0.620000 0.460000 -0.350000
v 0.620000 0.460000 -0.030000
v 0.600000 0.454641 -0.350000
v 0.600000 0.454641 -0.030000
v 0.585359 0.440000 -0.350000
v 0.585359 0.440000 -0.030000
v 0.285000 0.200000 -0.377500
v 0.575000 0.200000 -0.377500
v 0.575000 0.400000 -0.377500
v 0.285000 0.400000 -0.377500
v 0.285000 0.200000 -0.342500
v 0.575000 0.200000 -0.342500
v 0.575000 0.400000 -0.342500
v 0.285000 0.400000 -0.342500
v 0.260000 0.225000 -0.377500
v 0.600000 0.225000 -0.377500
v 0.600000 0.375000 -0.377500
v 0.260000 0.375000 -0.377500
v 0.260000 0.225000 -0.342500
v 0.600000 0.225000 -0.342500
v 0.600000 0.375000 -0.342500
v 0.260000 0.375000 -0.342500
v 0.260000 0.225000 -0.377500
v 0.260000 0.225000 -0.342500
v 0.264775 0.210305 -0.377500
v 0.264775 0.210305 -0.342500
v 0.277275 0.201224 -0.377500
v 0.277275 0.201224 -0.342500
v 0.292725 0.201224 -0.377500
v 0.292725 0.201224 -0.342500
v 0.305225 0.210305 -0.377500
v 0.305225 0.210305 -0.342500
v 0.310000 0.225000 -0.377500
v 0.310000 0.225000 -0.342500
v 0.305225 0.239695 -0.377500
v 0.305225 0.239695 -0.342500
v 0.292725 0.248776 -0.377500
v 0.292725 0.248776 -0.342500
v 0.277275 0.248776 -0.377500
v 0.277275 0.248776 -0.342500
v 0.264775 0.239695 -0.377500
v 0.264775 0.239695 -0.342500
v 0.260000 0.375000 -0.377500
v 0.260000 0.375000 -0.342500
v 0.264775 0.360305 -0.377500
v 0.264775 0.360305 -0.342500
v 0.277275 0.351224 -0.377500
v 0.277275 0.351224 -0.342500
v 0.292725 0.351224 -0.377500
v 0.292725 0.351224 -0.342500
v 0.305225 0.360305 -0.377500
v 0.305225 0.360305 -0.342500
v 0.310000 0.375000 -0.377500
v 0.310000 0.375000 -0.342500
v 0.305225 0.389695 -0.377500
v 0.305225 0.389695 -0.342500
v 0.292725 0.398776 -0.377500
v 0.292725 0.398776 -0.342500
v 0.277275 0.398776 -0.377500
v 0.277275 0.398776 -0.342500
v 0.264775 0.389695 -0.377500
v 0.264775 0.389695 -0.342500
v 0.550000 0.225000 -0.377500
v 0.550000 0.225000 -0.342500
v 0.554775 0.210305 -0.377500
v 0.554775 0.210305 -0.342500
v 0.567275 0.201224 -0.377500
v 0.567275 0.201224 -0.342500
v 0.582725 0.201224 -0.377500
v 0.582725 0.201224 -0.342500
v 0.595225 0.210305 -0.377500
v 0.595225 0.210305 -0.342500
v 0.600000 0.225000 -0.377500
v 0.600000 0.225000 -0.342500
v 0.595225 0.239695 -0.377500
v 0.595225 0.239695 -0.342500
v 0.582725 0.248776 -0.377500
v 0.582725 0.248776 -0.342500
v 0.567275 0.248776 -0.377500
v 0.567275 0.248776 -0.342500
v 0.554775 0.239695 -0.377500
v 0.554775 0.239695 -0.342500
v 0.550000 0.375000 -0.377500
v 0.550000 0.375000 -0.342500
v 0.554775 0.360305 -0.377500
v 0.554775 0.360305 -0.342500
v 0.567275 0.351224 -0.377500
v 0.567275 0.351224 -0.342500
v 0.582725 0.351224 -0.377500
v 0.582725 0.351224 -0.342500
v 0.595225 0.360305 -0.377500
v 0.595225 0.360305 -0.342500
v 0.600000 0.375000 -0.377500
v 0.600000 0.375000 -0.342500
v 0.595225 0.389695 -0.377500
v 0.595225 0.389695 -0.342500
v 0.582725 0.398776 -0.377500
v 0.582725 0.398776 -0.342500
v 0.567275 0.398776 -0.377500
v 0.567275 0.398776 -0.342500
v 0.554775 0.389695 -0.377500
v 0.554775 0.389695 -0.342500
v 0.220000 0.331000 -0.394000
v 0.380000 0.331000 -0.394000
v 0.380000 0.349000 -0.394000
v 0.220000 0.349000 -0.394000
v 0.220000 0.331000 -0.376000
v 0.380000 0.331000 -0.376000
v 0.380000 0.349000 -0.376000
v 0.220000 0.349000 -0.376000
v 0.420000 0.251000 -0.394000
v 0.540000 0.251000 -0.394000
v 0.540000 0.269000 -0.394000
v 0.420000 0.269000 -0.394000
v 0.420000 0.251000 -0.376000
v 0.540000 0.251000 -0.376000
v 0.540000 0.269000 -0.376000
v 0.420000 0.269000 -0.376000
v 0.227500 0.057500 -0.387500
v 0.272500 0.057500 -0.387500
v 0.272500 0.102500 -0.387500
v 0.227500 0.102500 -0.387500
v 0.227500 0.057500 -0.352500
v 0.272500 0.057500 -0.352500
v 0.272500 0.102500 -0.352500
v 0.227500 0.102500 -0.352500
v 0.377500 0.057500 -0.387500
v 0.422500 0.057500 -0.387500
v 0.422500 0.102500 -0.387500
v 0.377500 0.102500 -0.387500
v 0.377500 0.057500 -0.352500
v 0.422500 0.057500 -0.352500
v 0.422500 0.102500 -0.352500
v 0.377500 0.102500 -0.352500
v 0.527500 0.057500 -0.387500
v 0.572500 0.057500 -0.387500
v 0.572500 0.102500 -0.387500
v 0.527500 0.102500 -0.387500
v 0.527500 0.057500 -0.352500
v 0.572500 0.057500 -0.352500
v 0.572500 0.102500 -0.352500
v 0.527500 0.102500 -0.352500
v -0.600000 0.030000 -0.399000
v -0.560000 0.030000 -0.399000
v -0.560000 0.070000 -0.399000
v -0.600000 0.070000 -0.399000
v -0.600000 0.030000 -0.371000
v -0.560000 0.030000 -0.371000
v -0.560000 0.070000 -0.371000
v -0.600000 0.070000 -0.371000
v -0.460000 0.030000 -0.399000
v -0.420000 0.030000 -0.399000
v -0.420000 0.070000 -0.399000
v -0.460000 0.070000 -0.399000
v -0.460000 0.030000 -0.371000
v -0.420000 0.030000 -0.371000
v -0.420000 0.070000 -0.371000
v -0.460000 0.070000 -0.371000
v -0.320000 0.030000 -0.399000
v -0.280000 0.030000 -0.399000
v -0.280000 0.070000 -0.399000
v -0.320000 0.070000 -0.399000
v -0.320000 0.030000 -0.371000
v -0.280000 0.030000 -0.371000
v -0.280000 0.070000 -0.371000
v -0.320000 0.070000 -0.371000
v 0.420000 0.120000 -0.404000
v 0.080000 0.140000 -0.404000
v 0.419449 0.110634 -0.399482
v 0.079449 0.130634 -0.399482
v 0.419313 0.108321 -0.389330
v 0.079313 0.128321 -0.389330
v 0.419694 0.114802 -0.381188
v 0.079694 0.134802 -0.381188
v 0.420306 0.125198 -0.381188
v 0.080306 0.145198 -0.381188
v 0.420687 0.131679 -0.389330
v 0.080687 0.151679 -0.389330
v 0.420551 0.129366 -0.399482
v 0.080551 0.149366 -0.399482
v 0.080000 0.140000 -0.404000
v -0.280000 -0.040000 -0.404000
v 0.084196 0.131609 -0.399482
v -0.275804 -0.048391 -0.399482
v 0.085232 0.129536 -0.389330
v -0.274768 -0.050464 -0.389330
v 0.082328 0.135343 -0.381188
v -0.277672 -0.044657 -0.381188
v 0.077672 0.144657 -0.381188
v -0.282328 -0.035343 -0.381188
v 0.074768 0.150464 -0.389330
v -0.285232 -0.029536 -0.389330
v 0.075804 0.148391 -0.399482
v -0.284196 -0.031609 -0.399482
v -0.280000 -0.040000 -0.404000
v -0.440000 -0.200000 -0.404000
v -0.273366 -0.046634 -0.399482
v -0.433366 -0.206634 -0.399482
v -0.271727 -0.048273 -0.389330
v -0.431727 -0.208273 -0.389330
v -0.276318 -0.043682 -0.381188
v -0.436318 -0.203682 -0.381188
v -0.283682 -0.036318 -0.381188
v -0.443682 -0.196318 -0.381188
v -0.288273 -0.031727 -0.389330
v -0.448273 -0.191727 -0.389330
v -0.286634 -0.033366 -0.399482
v -0.446634 -0.193366 -0.399482
v -0.612000 -0.400000 -0.310000
v -0.108000 -0.400000 -0.310000
v -0.108000 -0.120000 -0.310000
v -0.612000 -0.120000 -0.310000
v -0.612000 -0.400000 0.110000
v -0.108000 -0.400000 0.110000
v -0.108000 -0.120000 0.110000
v -0.612000 -0.120000 0.110000
v -0.650000 -0.362000 -0.310000
v -0.070000 -0.362000 -0.310000
v -0.070000 -0.158000 -0.310000
v -0.650000 -0.158000 -0.310000
v -0.650000 -0.362000 0.110000
v -0.070000 -0.362000 0.110000
v -0.070000 -0.158000 0.110000
v -0.650000 -0.158000 0.110000
v -0.650000 -0.362000 -0.310000
v -0.650000 -0.362000 0.110000
v -0.642743 -0.384336 -0.310000
v -0.642743 -0.384336 0.110000
v -0.623743 -0.398140 -0.310000
v -0.623743 -0.398140 0.110000
v -0.600257 -0.398140 -0.310000
v -0.600257 -0.398140 0.110000
v -0.581257 -0.384336 -0.310000
v -0.581257 -0.384336 0.110000
v -0.574000 -0.362000 -0.310000
v -0.574000 -0.362000 0.110000
v -0.581257 -0.339664 -0.310000
v -0.581257 -0.339664 0.110000
v -0.600257 -0.325860 -0.310000
v -0.600257 -0.325860 0.110000
v -0.623743 -0.325860 -0.310000
v -0.623743 -0.325860 0.110000
v -0.642743 -0.339664 -0.310000
v -0.642743 -0.339664 0.110000
v -0.650000 -0.158000 -0.310000
v -0.650000 -0.158000 0.110000
v -0.642743 -0.180336 -0.310000
v -0.642743 -0.180336 0.110000
v -0.623743 -0.194140 -0.310000
v -0.623743 -0.194140 0.110000
v -0.600257 -0.194140 -0.310000
v -0.600257 -0.194140 0.110000
v -0.581257 -0.180336 -0.310000
v -0.581257 -0.180336 0.110000
v -0.574000 -0.158000 -0.310000
v -0.574000 -0.158000 0.110000
v -0.581257 -0.135664 -0.310000
v -0.581257 -0.135664 0.110000
v -0.600257 -0.121860 -0.310000
v -0.600257 -0.121860 0.110000
v -0.623743 -0.121860 -0.310000
v -0.623743 -0.121860 0.110000
v -0.642743 -0.135664 -0.310000
v -0.642743 -0.135664 0.110000
v -0.146000 -0.362000 -0.310000
v -0.146000 -0.362000 0.110000
v -0.138743 -0.384336 -0.310000
v -0.138743 -0.384336 0.110000
v -0.119743 -0.398140 -0.310000
v -0.119743 -0.398140 0.110000
v -0.096257 -0.398140 -0.310000
v -0.096257 -0.398140 0.110000
v -0.077257 -0.384336 -0.310000
v -0.077257 -0.384336 0.110000
v -0.070000 -0.362000 -0.310000
v -0.070000 -0.362000 0.110000
v -0.077257 -0.339664 -0.310000
v -0.077257 -0.339664 0.110000
v -0.096257 -0.325860 -0.310000
v -0.096257 -0.325860 0.110000
v -0.119743 -0.325860 -0.310000
v -0.119743 -0.325860 0.110000
v -0.138743 -0.339664 -0.310000
v -0.138743 -0.339664 0.110000
v -0.146000 -0.158000 -0.310000
v -0.146000 -0.158000 0.110000
v -0.138743 -0.180336 -0.310000
v -0.138743 -0.180336 0.110000
v -0.119743 -0.194140 -0.310000
v -0.119743 -0.194140 0.110000
v -0.096257 -0.194140 -0.310000
v -0.096257 -0.194140 0.110000
v -0.077257 -0.180336 -0.310000
v -0.077257 -0.180336 0.110000
v -0.070000 -0.158000 -0.310000
v -0.070000 -0.158000 0.110000
v -0.077257 -0.135664 -0.310000
v -0.077257 -0.135664 0.110000
v -0.096257 -0.121860 -0.310000
v -0.096257 -0.121860 0.110000
v -0.119743 -0.121860 -0.310000
v -0.119743 -0.121860 0.110000
v -0.138743 -0.135664 -0.310000
v -0.138743 -0.135664 0.110000
v 0.144000 -0.410000 -0.260000
v 0.556000 -0.410000 -0.260000
v 0.556000 -0.190000 -0.260000
v 0.144000 -0.190000 -0.260000
v 0.144000 -0.410000 0.100000
v 0.556000 -0.410000 0.100000
v 0.556000 -0.190000 0.100000
v 0.144000 -0.190000 0.100000
v 0.110000 -0.376000 -0.260000
v 0.590000 -0.376000 -0.260000
v 0.590000 -0.224000 -0.260000
v 0.110000 -0.224000 -0.260000
v 0.110000 -0.376000 0.100000
v 0.590000 -0.376000 0.100000
v 0.590000 -0.224000 0.100000
v 0.110000 -0.224000 0.100000
v 0.110000 -0.376000 -0.260000
v 0.110000 -0.376000 0.100000
v 0.116493 -0.395985 -0.260000
v 0.116493 -0.395985 0.100000
v 0.133493 -0.408336 -0.260000
v 0.133493 -0.408336 0.100000
v 0.154507 -0.408336 -0.260000
v 0.154507 -0.408336 0.100000
v 0.171507 -0.395985 -0.260000
v 0.171507 -0.395985 0.100000
v 0.178000 -0.376000 -0.260000
v 0.178000 -0.376000 0.100000
v 0.171507 -0.356015 -0.260000
v 0.171507 -0.356015 0.100000
v 0.154507 -0.343664 -0.260000
v 0.154507 -0.343664 0.100000
v 0.133493 -0.343664 -0.260000
v 0.133493 -0.343664 0.100000
v 0.116493 -0.356015 -0.260000
v 0.116493 -0.356015 0.100000
v 0.110000 -0.224000 -0.260000
v 0.110000 -0.224000 0.100000
v 0.116493 -0.243985 -0.260000
v 0.116493 -0.243985 0.100000
v 0.133493 -0.256336 -0.260000
v 0.133493 -0.256336 0.100000
v 0.154507 -0.256336 -0.260000
v 0.154507 -0.256336 0.100000
v 0.171507 -0.243985 -0.260000
v 0.171507 -0.243985 0.100000
v 0.178000 -0.224000 -0.260000
v 0.178000 -0.224000 0.100000
v 0.171507 -0.204015 -0.260000
v 0.171507 -0.204015 0.100000
v 0.154507 -0.191664 -0.260000
v 0.154507 -0.191664 0.100000
v 0.133493 -0.191664 -0.260000
v 0.133493 -0.191664 0.100000
v 0.116493 -0.204015 -0.260000
v 0.116493 -0.204015 0.100000
v 0.522000 -0.376000 -0.260000
v 0.522000 -0.376000 0.100000
v 0.528493 -0.395985 -0.260000
v 0.528493 -0.395985 0.100000
v 0.545493 -0.408336 -0.260000
v 0.545493 -0.408336 0.100000
v 0.566507 -0.408336 -0.260000
v 0.566507 -0.408336 0.100000
v 0.583507 -0.395985 -0.260000
v 0.583507 -0.395985 0.100000
v 0.590000 -0.376000 -0.260000
v 0.590000 -0.376000 0.100000
v 0.583507 -0.356015 -0.260000
v 0.583507 -0.356015 0.100000
v 0.566507 -0.343664 -0.260000
v 0.566507 -0.343664 0.100000
v 0.545493 -0.343664 -0.260000
v 0.545493 -0.343664 0.100000
v 0.528493 -0.356015 -0.260000
v 0.528493 -0.356015 0.100000
v 0.522000 -0.224000 -0.260000
v 0.522000 -0.224000 0.100000
v 0.528493 -0.243985 -0.260000
v 0.528493 -0.243985 0.100000
v 0.545493 -0.256336 -0.260000
v 0.545493 -0.256336 0.100000
v 0.566507 -0.256336 -0.260000
v 0.566507 -0.256336 0.100000
v 0.583507 -0.243985 -0.260000
v 0.583507 -0.243985 0.100000
v 0.590000 -0.224000 -0.260000
v 0.590000 -0.224000 0.100000
v 0.583507 -0.204015 -0.260000
v 0.583507 -0.204015 0.100000
v 0.566507 -0.191664 -0.260000
v 0.566507 -0.191664 0.100000
v 0.545493 -0.191664 -0.260000
v 0.545493 -0.191664 0.100000
v 0.528493 -0.204015 -0.260000
v 0.528493 -0.204015 0.100000
v 0.070000 -0.047500 -0.430000
v 0.070000 -0.012500 -0.430000
v 0.062763 -0.047500 -0.388958
v 0.062763 -0.012500 -0.388958
v 0.041925 -0.047500 -0.352865
v 0.041925 -0.012500 -0.352865
v 0.010000 -0.047500 -0.326077
v 0.010000 -0.012500 -0.326077
v -0.029162 -0.047500 -0.311823
v -0.029162 -0.012500 -0.311823
v -0.070838 -0.047500 -0.311823
v -0.070838 -0.012500 -0.311823
v -0.110000 -0.047500 -0.326077
v -0.110000 -0.012500 -0.326077
v -0.141925 -0.047500 -0.352865
v -0.141925 -0.012500 -0.352865
v -0.162763 -0.047500 -0.388958
v -0.162763 -0.012500 -0.388958
v -0.170000 -0.047500 -0.430000
v -0.170000 -0.012500 -0.430000
v -0.162763 -0.047500 -0.471042
v -0.162763 -0.012500 -0.471042
v -0.141925 -0.047500 -0.507135
v -0.141925 -0.012500 -0.507135
v -0.110000 -0.047500 -0.533923
v -0.110000 -0.012500 -0.533923
v -0.070838 -0.047500 -0.548177
v -0.070838 -0.012500 -0.548177
v -0.029162 -0.047500 -0.548177
v -0.029162 -0.012500 -0.548177
v 0.010000 -0.047500 -0.533923
v 0.010000 -0.012500 -0.533923
v 0.041925 -0.047500 -0.507135
v 0.041925 -0.012500 -0.507135
v 0.062763 -0.047500 -0.471042
v 0.062763 -0.012500 -0.471042
vt 0.000000 0.000000
vt 1.000000 0.000000
vt 1.000000 1.000000
vt 0.000000 1.000000
vt 0.000000 0.000000
vt 1.000000 0.000000
vt 1.000000 1.000000
vt 0.000000 1.000000
vt 0.000000 0.000000
vt 1.000000 0.000000
vt 1.000000 1.000000
vt 0.000000 1.000000
vt 0.000000 0.000000
vt 1.000000 0.000000
vt 1.000000 1.000000
vt 0.000000 1.000000
vt 0.000000 0.000000
vt 1.000000 0.000000
vt 1.000000 1.000000
vt 0.000000 1.000000
vt 0.000000 0.000000
vt 1.000000 0.000000
vt 1.000000 1.000000
vt 0.000000 1.000000
vt 0.000000 0.000000
vt 1.000000 0.000000
vt 1.000000 1.000000
vt 0.000000 1.000000
vt 0.000000 0.000000
vt 1.000000 0.000000
vt 1.000000 1.000000
vt 0.000000 1.000000
vt 0.000000 0.000000
vt 1.000000 0.000000
vt 1.000000 1.000000
vt 0.000000 1.000000
vt 0.000000 0.000000
vt 1.000000 0.000000
vt 1.000000 1.000000
vt 0.000000 1.000000
vt 0.000000 0.000000
vt 1.000000 0.000000
vt 1.000000 1.000000
vt 0.000000 1.000000
vt 0.000000 0.000000
vt 1.000000 0.000000
vt 1.000000 1.000000
vt 0.000000 1.000000
vt 1.000000 0.500000
vt 0.933013 0.750000
vt 0.750000 0.933013
vt 0.500000 1.000000
vt 0.250000 0.933013
vt 0.066987 0.750000
vt 0.000000 0.500000
vt 0.066987 0.250000
vt 0.250000 0.066987
vt 0.500000 0.000000
vt 0.750000 0.066987
vt 0.933013 0.250000
vt 1.000000 0.500000
vt 0.933013 0.750000
vt 0.750000 0.933013
vt 0.500000 1.000000
vt 0.250000 0.933013
vt 0.066987 0.750000
vt 0.000000 0.500000
vt 0.066987 0.250000
vt 0.250000 0.066987
vt 0.500000 0.000000
vt 0.750000 0.066987
vt 0.933013 0.250000
vt 0.000000 0.000000
vt 1.000000 0.000000
vt 1.000000 1.000000
vt 0.000000 1.000000
vt 0.000000 0.000000
vt 1.000000 0.000000
vt 1.000000 1.000000
vt 0.000000 1.000000
vt 0.000000 0.000000
vt 1.000000 0.000000
vt 1.000000 1.000000
vt 0.000000 1.000000
vt 0.000000 0.000000
vt 1.000000 0.000000
vt 1.000000 1.000000
vt 0.000000 1.000000
vt 0.000000 0.000000
vt 1.000000 0.000000
vt 1.000000 1.000000
vt 0.000000 1.000000
vt 0.000000 0.000000
vt 1.000000 0.000000
vt 1.000000 1.000000
vt 0.000000 1.000000
vt 0.000000 0.000000
vt 1.000000 0.000000
vt 1.000000 1.000000
vt 0.000000 1.000000
vt 0.000000 0.000000
vt 1.000000 0.000000
vt 1.000000 1.000000
vt 0.000000 1.000000
vt 0.000000 0.000000
vt 1.000000 0.000000
vt 1.000000 1.000000
vt 0.000000 1.000000
vt 0.000000 0.000000
vt 1.000000 0.000000
vt 1.000000 1.000000
vt 0.000000 1.000000
vt 0.000000 0.000000
vt 1.000000 0.000000
vt 1.000000 1.000000
vt 0.000000 1.000000
vt 0.000000 0.000000
vt 1.000000 0.000000
vt 1.000000 1.000000
vt 0.000000 1.000000
vt 1.000000 0.500000
vt 0.933013 0.750000
vt 0.750000 0.933013
vt 0.500000 1.000000
vt 0.250000 0.933013
vt 0.066987 0.750000
vt 0.000000 0.500000
vt 0.066987 0.250000
vt 0.250000 0.066987
vt 0.500000 0.000000
vt 0.750000 0.066987
vt 0.933013 0.250000
vt 1.000000 0.500000
vt 0.933013 0.750000
vt 0.750000 0.933013
vt 0.500000 1.000000
vt 0.250000 0.933013
vt 0.066987 0.750000
vt 0.000000 0.500000
vt 0.066987 0.250000
vt 0.250000 0.066987
vt 0.500000 0.000000
vt 0.750000 0.066987
vt 0.933013 0.250000
vt 0.000000 0.000000
vt 1.000000 0.000000
vt 1.000000 1.000000
vt 0.000000 1.000000
vt 0.000000 0.000000
vt 1.000000 0.000000
vt 1.000000 1.000000
vt 0.000000 1.000000
vt 0.000000 0.000000
vt 1.000000 0.000000
vt 1.000000 1.000000
vt 0.000000 1.000000
vt 0.000000 0.000000
vt 1.000000 0.000000
vt 1.000000 1.000000
vt 0.000000 1.000000
vt 0.000000 0.000000
vt 1.000000 0.000000
vt 1.000000 1.000000
vt 0.000000 1.000000
vt 0.000000 0.000000
vt 1.000000 0.000000
vt 1.000000 1.000000
vt 0.000000 1.000000
vt 0.000000 0.000000
vt 1.000000 0.000000
vt 1.000000 1.000000
vt 0.000000 1.000000
vt 0.000000 0.000000
vt 1.000000 0.000000
vt 1.000000 1.000000
vt 0.000000 1.000000
vt 0.000000 0.000000
vt 1.000000 0.000000
vt 1.000000 1.000000
vt 0.000000 1.000000
vt 0.000000 0.000000
vt 1.000000 0.000000
vt 1.000000 1.000000
vt 0.000000 1.000000
vt 0.000000 0.000000
vt 1.000000 0.000000
vt 1.000000 1.000000
vt 0.000000 1.000000
vt 0.000000 0.000000
vt 1.000000 0.000000
vt 1.000000 1.000000
vt 0.000000 1.000000
vt 1.000000 0.500000
vt 0.933013 0.750000
vt 0.750000 0.933013
vt 0.500000 1.000000
vt 0.250000 0.933013
vt 0.066987 0.750000
vt 0.000000 0.500000
vt 0.066987 0.250000
vt 0.250000 0.066987
vt 0.500000 0.000000
vt 0.750000 0.066987
vt 0.933013 0.250000
vt 1.000000 0.500000
vt 0.933013 0.750000
vt 0.750000 0.933013
vt 0.500000 1.000000
vt 0.250000 0.933013
vt 0.066987 0.750000
vt 0.000000 0.500000
vt 0.066987 0.250000
vt 0.250000 0.066987
vt 0.500000 0.000000
vt 0.750000 0.066987
vt 0.933013 0.250000
vt 0.000000 0.000000
vt 1.000000 0.000000
vt 1.000000 1.000000
vt 0.000000 1.000000
vt 0.000000 0.000000
vt 1.000000 0.000000
vt 1.000000 1.000000
vt 0.000000 1.000000
vt 0.000000 0.000000
vt 1.000000 0.000000
vt 1.000000 1.000000
vt 0.000000 1.000000
vt 0.000000 0.000000
vt 1.000000 0.000000
vt 1.000000 1.000000
vt 0.000000 1.000000
vt 0.000000 0.000000
vt 1.000000 0.000000
vt 1.000000 1.000000
vt 0.000000 1.000000
vt 0.000000 0.000000
vt 1.000000 0.000000
vt 1.000000 1.000000
vt 0.000000 1.000000
vt 0.000000 0.000000
vt 1.000000 0.000000
vt 1.000000 1.000000
vt 0.000000 1.000000
vt 0.000000 0.000000
vt 1.000000 0.000000
vt 1.000000 1.000000
vt 0.000000 1.000000
vt 0.000000 0.000000
vt 1.000000 0.000000
vt 1.000000 1.000000
vt 0.000000 1.000000
vt 0.000000 0.000000
vt 1.000000 0.000000
vt 1.000000 1.000000
vt 0.000000 1.000000
vt 0.000000 0.000000
vt 1.000000 0.000000
vt 1.000000 1.000000
vt 0.000000 1.000000
vt 0.000000 0.000000
vt 1.000000 0.000000
vt 1.000000 1.000000
vt 0.000000 1.000000
vt 1.000000 0.500000
vt 0.933013 0.750000
vt 0.750000 0.933013
vt 0.500000 1.000000
vt 0.250000 0.933013
vt 0.066987 0.750000
vt 0.000000 0.500000
vt 0.066987 0.250000
vt 0.250000 0.066987
vt 0.500000 0.000000
vt 0.750000 0.066987
vt 0.933013 0.250000
vt 1.000000 0.500000
vt 0.933013 0.750000
vt 0.750000 0.933013
vt 0.500000 1.000000
vt 0.250000 0.933013
vt 0.066987 0.750000
vt 0.000000 0.500000
vt 0.066987 0.250000
vt 0.250000 0.066987
vt 0.500000 0.000000
vt 0.750000 0.066987
vt 0.933013 0.250000
vt 0.000000 0.000000
vt 1.000000 0.000000
vt 1.000000 1.000000
vt 0.000000 1.000000
vt 0.000000 0.000000
vt 1.000000 0.000000
vt 1.000000 1.000000
vt 0.000000 1.000000
vt 0.000000 0.000000
vt 1.000000 0.000000
vt 1.000000 1.000000
vt 0.000000 1.000000
vt 0.000000 0.000000
vt 1.000000 0.000000
vt 1.000000 1.000000
vt 0.000000 1.000000
vt 0.000000 0.000000
vt 1.000000 0.000000
vt 1.000000 1.000000
vt 0.000000 1.000000
vt 0.000000 0.000000
vt 1.000000 0.000000
vt 1.000000 1.000000
vt 0.000000 1.000000
vt 0.000000 0.000000
vt 1.000000 0.000000
vt 1.000000 1.000000
vt 0.000000 1.000000
vt 0.000000 0.000000
vt 1.000000 0.000000
vt 1.000000 1.000000
vt 0.000000 1.000000
vt 0.000000 0.000000
vt 1.000000 0.000000
vt 1.000000 1.000000
vt 0.000000 1.000000
vt 0.000000 0.000000
vt 1.000000 0.000000
vt 1.000000 1.000000
vt 0.000000 1.000000
vt 0.000000 0.000000
vt 1.000000 0.000000
vt 1.000000 1.000000
vt 0.000000 1.000000
vt 0.000000 0.000000
vt 1.000000 0.000000
vt 1.000000 1.000000
vt 0.000000 1.000000
vt 1.000000 0.500000
vt 0.933013 0.750000
vt 0.750000 0.933013
vt 0.500000 1.000000
vt 0.250000 0.933013
vt 0.066987 0.750000
vt 0.000000 0.500000
vt 0.066987 0.250000
vt 0.250000 0.066987
vt 0.500000 0.000000
vt 0.750000 0.066987
vt 0.933013 0.250000
vt 1.000000 0.500000
vt 0.933013 0.750000
vt 0.750000 0.933013
vt 0.500000 1.000000
vt 0.250000 0.933013
vt 0.066987 0.750000
vt 0.000000 0.500000
vt 0.066987 0.250000
vt 0.250000 0.066987
vt 0.500000 0.000000
vt 0.750000 0.066987
vt 0.933013 0.250000
vt 0.000000 0.000000
vt 1.000000 0.000000
vt 1.000000 1.000000
vt 0.000000 1.000000
vt 0.000000 0.000000
vt 1.000000 0.000000
vt 1.000000 1.000000
vt 0.000000 1.000000
vt 0.000000 0.000000
vt 1.000000 0.000000
vt 1.000000 1.000000
vt 0.000000 1.000000
vt 0.000000 0.000000
vt 1.000000 0.000000
vt 1.000000 1.000000
vt 0.000000 1.000000
vt 0.000000 0.000000
vt 1.000000 0.000000
vt 1.000000 1.000000
vt 0.000000 1.000000
vt 0.000000 0.000000
vt 1.000000 0.000000
vt 1.000000 1.000000
vt 0.000000 1.000000
vt 0.000000 0.000000
vt 1.000000 0.000000
vt 1.000000 1.000000
vt 0.000000 1.000000
vt 0.000000 0.000000
vt 1.000000 0.000000
vt 1.000000 1.000000
vt 0.000000 1.000000
vt 0.000000 0.000000
vt 1.000000 0.000000
vt 1.000000 1.000000
vt 0.000000 1.000000
vt 0.000000 0.000000
vt 1.000000 0.000000
vt 1.000000 1.000000
vt 0.000000 1.000000
vt 0.000000 0.000000
vt 1.000000 0.000000
vt 1.000000 1.000000
vt 0.000000 1.000000
vt 0.000000 0.000000
vt 1.000000 0.000000
vt 1.000000 1.000000
vt 0.000000 1.000000
vt 1.000000 0.500000
vt 0.933013 0.750000
vt 0.750000 0.933013
vt 0.500000 1.000000
vt 0.250000 0.933013
vt 0.066987 0.750000
vt 0.000000 0.500000
vt 0.066987 0.250000
vt 0.250000 0.066987
vt 0.500000 0.000000
vt 0.750000 0.066987
vt 0.933013 0.250000
vt 1.000000 0.500000
vt 0.933013 0.750000
vt 0.750000 0.933013
vt 0.500000 1.000000
vt 0.250000 0.933013
vt 0.066987 0.750000
vt 0.000000 0.500000
vt 0.066987 0.250000
vt 0.250000 0.066987
vt 0.500000 0.000000
vt 0.750000 0.066987
vt 0.933013 0.250000
vt 0.000000 0.000000
vt 1.000000 0.000000
vt 1.000000 1.000000
vt 0.000000 1.000000
vt 0.000000 0.000000
vt 1.000000 0.000000
vt 1.000000 1.000000
vt 0.000000 1.000000
vt 0.000000 0.000000
vt 1.000000 0.000000
vt 1.000000 1.000000
vt 0.000000 1.000000
vt 0.000000 0.000000
vt 1.000000 0.000000
vt 1.000000 1.000000
vt 0.000000 1.000000
vt 0.000000 0.000000
vt 1.000000 0.000000
vt 1.000000 1.000000
vt 0.000000 1.000000
vt 0.000000 0.000000
vt 1.000000 0.000000
vt 1.000000 1.000000
vt 0.000000 1.000000
vt 0.000000 0.000000
vt 1.000000 0.000000
vt 1.000000 1.000000
vt 0.000000 1.000000
vt 0.000000 0.000000
vt 1.000000 0.000000
vt 1.000000 1.000000
vt 0.000000 1.000000
vt 0.000000 0.000000
vt 1.000000 0.000000
vt 1.000000 1.000000
vt 0.000000 1.000000
vt 0.000000 0.000000
vt 1.000000 0.000000
vt 1.000000 1.000000
vt 0.000000 1.000000
vt 0.000000 0.000000
vt 1.000000 0.000000
vt 1.000000 1.000000
vt 0.000000 1.000000
vt 0.000000 0.000000
vt 1.000000 0.000000
vt 1.000000 1.000000
vt 0.000000 1.000000
vt 1.000000 0.500000
vt 0.933013 0.750000
vt 0.750000 0.933013
vt 0.500000 1.000000
vt 0.250000 0.933013
vt 0.066987 0.750000
vt 0.000000 0.500000
vt 0.066987 0.250000
vt 0.250000 0.066987
vt 0.500000 0.000000
vt 0.750000 0.066987
vt 0.933013 0.250000
vt 1.000000 0.500000
vt 0.933013 0.750000
vt 0.750000 0.933013
vt 0.500000 1.000000
vt 0.250000 0.933013
vt 0.066987 0.750000
vt 0.000000 0.500000
vt 0.066987 0.250000
vt 0.250000 0.066987
vt 0.500000 0.000000
vt 0.750000 0.066987
vt 0.933013 0.250000
vt 0.000000 0.000000
vt 1.000000 0.000000
vt 1.000000 1.000000
vt 0.000000 1.000000
vt 0.000000 0.000000
vt 1.000000 0.000000
vt 1.000000 1.000000
vt 0.000000 1.000000
vt 0.000000 0.000000
vt 1.000000 0.000000
vt 1.000000 1.000000
vt 0.000000 1.000000
vt 0.000000 0.000000
vt 1.000000 0.000000
vt 1.000000 1.000000
vt 0.000000 1.000000
vt 0.000000 0.000000
vt 1.000000 0.000000
vt 1.000000 1.000000
vt 0.000000 1.000000
vt 0.000000 0.000000
vt 1.000000 0.000000
vt 1.000000 1.000000
vt 0.000000 1.000000
vt 0.000000 0.000000
vt 1.000000 0.000000
vt 1.000000 1.000000
vt 0.000000 1.000000
vt 0.000000 0.000000
vt 1.000000 0.000000
vt 1.000000 1.000000
vt 0.000000 1.000000
vt 0.000000 0.000000
vt 1.000000 0.000000
vt 1.000000 1.000000
vt 0.000000 1.000000
vt 0.000000 0.000000
vt 1.000000 0.000000
vt 1.000000 1.000000
vt 0.000000 1.000000
vt 0.000000 0.000000
vt 1.000000 0.000000
vt 1.000000 1.000000
vt 0.000000 1.000000
vt 0.000000 0.000000
vt 1.000000 0.000000
vt 1.000000 1.000000
vt 0.000000 1.000000
vt 1.000000 0.500000
vt 0.933013 0.750000
vt 0.750000 0.933013
vt 0.500000 1.000000
vt 0.250000 0.933013
vt 0.066987 0.750000
vt 0.000000 0.500000
vt 0.066987 0.250000
vt 0.250000 0.066987
vt 0.500000 0.000000
vt 0.750000 0.066987
vt 0.933013 0.250000
vt 1.000000 0.500000
vt 0.933013 0.750000
vt 0.750000 0.933013
vt 0.500000 1.000000
vt 0.250000 0.933013
vt 0.066987 0.750000
vt 0.000000 0.500000
vt 0.066987 0.250000
vt 0.250000 0.066987
vt 0.500000 0.000000
vt 0.750000 0.066987
vt 0.933013 0.250000
vt 0.000000 0.000000
vt 1.000000 0.000000
vt 1.000000 1.000000
vt 0.000000 1.000000
vt 0.000000 0.000000
vt 1.000000 0.000000
vt 1.000000 1.000000
vt 0.000000 1.000000
vt 0.000000 0.000000
vt 1.000000 0.000000
vt 1.000000 1.000000
vt 0.000000 1.000000
vt 0.000000 0.000000
vt 1.000000 0.000000
vt 1.000000 1.000000
vt 0.000000 1.000000
vt 0.000000 0.000000
vt 1.000000 0.000000
vt 1.000000 1.000000
vt 0.000000 1.000000
vt 0.000000 0.000000
vt 1.000000 0.000000
vt 1.000000 1.000000
vt 0.000000 1.000000
vt 0.000000 0.000000
vt 1.000000 0.000000
vt 1.000000 1.000000
vt 0.000000 1.000000
vt 0.000000 0.000000
vt 1.000000 0.000000
vt 1.000000 1.000000
vt 0.000000 1.000000
vt 0.000000 0.000000
vt 1.000000 0.000000
vt 1.000000 1.000000
vt 0.000000 1.000000
vt 0.000000 0.000000
vt 1.000000 0.000000
vt 1.000000 1.000000
vt 0.000000 1.000000
vt 0.000000 0.000000
vt 1.000000 0.000000
vt 1.000000 1.000000
vt 0.000000 1.000000
vt 0.000000 0.000000
vt 1.000000 0.000000
vt 1.000000 1.000000
vt 0.000000 1.000000
vt 1.000000 0.500000
vt 0.933013 0.750000
vt 0.750000 0.933013
vt 0.500000 1.000000
vt 0.250000 0.933013
vt 0.066987 0.750000
vt 0.000000 0.500000
vt 0.066987 0.250000
vt 0.250000 0.066987
vt 0.500000 0.000000
vt 0.750000 0.066987
vt 0.933013 0.250000
vt 1.000000 0.500000
vt 0.933013 0.750000
vt 0.750000 0.933013
vt 0.500000 1.000000
vt 0.250000 0.933013
vt 0.066987 0.750000
vt 0.000000 0.500000
vt 0.066987 0.250000
vt 0.250000 0.066987
vt 0.500000 0.000000
vt 0.750000 0.066987
vt 0.933013 0.250000
vt 0.000000 0.000000
vt 1.000000 0.000000
vt 1.000000 1.000000
vt 0.000000 1.000000
vt 0.000000 0.000000
vt 1.000000 0.000000
vt 1.000000 1.000000
vt 0.000000 1.000000
vt 0.000000 0.000000
vt 1.000000 0.000000
vt 1.000000 1.000000
vt 0.000000 1.000000
vt 0.000000 0.000000
vt 1.000000 0.000000
vt 1.000000 1.000000
vt 0.000000 1.000000
vt 0.000000 0.000000
vt 1.000000 0.000000
vt 1.000000 1.000000
vt 0.000000 1.000000
vt 0.000000 0.000000
vt 1.000000 0.000000
vt 1.000000 1.000000
vt 0.000000 1.000000
vt 0.000000 0.000000
vt 1.000000 0.000000
vt 1.000000 1.000000
vt 0.000000 1.000000
vt 0.000000 0.000000
vt 1.000000 0.000000
vt 1.000000 1.000000
vt 0.000000 1.000000
vt 0.000000 0.000000
vt 1.000000 0.000000
vt 1.000000 1.000000
vt 0.000000 1.000000
vt 0.000000 0.000000
vt 1.000000 0.000000
vt 1.000000 1.000000
vt 0.000000 1.000000
vt 0.000000 0.000000
vt 1.000000 0.000000
vt 1.000000 1.000000
vt 0.000000 1.000000
vt 0.000000 0.000000
vt 1.000000 0.000000
vt 1.000000 1.000000
vt 0.000000 1.000000
vt 1.000000 0.500000
vt 0.933013 0.750000
vt 0.750000 0.933013
vt 0.500000 1.000000
vt 0.250000 0.933013
vt 0.066987 0.750000
vt 0.000000 0.500000
vt 0.066987 0.250000
vt 0.250000 0.066987
vt 0.500000 0.000000
vt 0.750000 0.066987
vt 0.933013 0.250000
vt 1.000000 0.500000
vt 0.933013 0.750000
vt 0.750000 0.933013
vt 0.500000 1.000000
vt 0.250000 0.933013
vt 0.066987 0.750000
vt 0.000000 0.500000
vt 0.066987 0.250000
vt 0.250000 0.066987
vt 0.500000 0.000000
vt 0.750000 0.066987
vt 0.933013 0.250000
vt 0.000000 0.000000
vt 1.000000 0.000000
vt 1.000000 1.000000
vt 0.000000 1.000000
vt 0.000000 0.000000
vt 1.000000 0.000000
vt 1.000000 1.000000
vt 0.000000 1.000000
vt 0.000000 0.000000
vt 1.000000 0.000000
vt 1.000000 1.000000
vt 0.000000 1.000000
vt 0.000000 0.000000
vt 1.000000 0.000000
vt 1.000000 1.000000
vt 0.000000 1.000000
vt 0.000000 0.000000
vt 1.000000 0.000000
vt 1.000000 1.000000
vt 0.000000 1.000000
vt 0.000000 0.000000
vt 1.000000 0.000000
vt 1.000000 1.000000
vt 0.000000 1.000000
vt 0.000000 0.000000
vt 1.000000 0.000000
vt 1.000000 1.000000
vt 0.000000 1.000000
vt 0.000000 0.000000
vt 1.000000 0.000000
vt 1.000000 1.000000
vt 0.000000 1.000000
vt 0.000000 0.000000
vt 1.000000 0.000000
vt 1.000000 1.000000
vt 0.000000 1.000000
vt 0.000000 0.000000
vt 1.000000 0.000000
vt 1.000000 1.000000
vt 0.000000 1.000000
vt 0.000000 0.000000
vt 1.000000 0.000000
vt 1.000000 1.000000
vt 0.000000 1.000000
vt 0.000000 0.000000
vt 1.000000 0.000000
vt 1.000000 1.000000
vt 0.000000 1.000000
vt 0.000000 0.000000
vt 1.000000 0.000000
vt 1.000000 1.000000
vt 0.000000 1.000000
vt 0.000000 0.000000
vt 1.000000 0.000000
vt 1.000000 1.000000
vt 0.000000 1.000000
vt 0.000000 0.000000
vt 1.000000 0.000000
vt 1.000000 1.000000
vt 0.000000 1.000000
vt 0.000000 0.000000
vt 1.000000 0.000000
vt 1.000000 1.000000
vt 0.000000 1.000000
vt 0.000000 0.000000
vt 1.000000 0.000000
vt 1.000000 1.000000
vt 0.000000 1.000000
vt 0.000000 0.000000
vt 1.000000 0.000000
vt 1.000000 1.000000
vt 0.000000 1.000000
vt 0.000000 0.000000
vt 1.000000 0.000000
vt 1.000000 1.000000
vt 0.000000 1.000000
vt 0.000000 0.000000
vt 1.000000 0.000000
vt 1.000000 1.000000
vt 0.000000 1.000000
vt 0.000000 0.000000
vt 1.000000 0.000000
vt 1.000000 1.000000
vt 0.000000 1.000000
vt 0.000000 0.000000
vt 1.000000 0.000000
vt 1.000000 1.000000
vt 0.000000 1.000000
vt 0.000000 0.000000
vt 1.000000 0.000000
vt 1.000000 1.000000
vt 0.000000 1.000000
vt 0.000000 0.000000
vt 1.000000 0.000000
vt 1.000000 1.000000
vt 0.000000 1.000000
vt 1.000000 0.500000
vt 0.933013 0.750000
vt 0.750000 0.933013
vt 0.500000 1.000000
vt 0.250000 0.933013
vt 0.066987 0.750000
vt 0.000000 0.500000
vt 0.066987 0.250000
vt 0.250000 0.066987
vt 0.500000 0.000000
vt 0.750000 0.066987
vt 0.933013 0.250000
vt 1.000000 0.500000
vt 0.933013 0.750000
vt 0.750000 0.933013
vt 0.500000 1.000000
vt 0.250000 0.933013
vt 0.066987 0.750000
vt 0.000000 0.500000
vt 0.066987 0.250000
vt 0.250000 0.066987
vt 0.500000 0.000000
vt 0.750000 0.066987
vt 0.933013 0.250000
vt 0.000000 0.000000
vt 1.000000 0.000000
vt 1.000000 1.000000
vt 0.000000 1.000000
vt 0.000000 0.000000
vt 1.000000 0.000000
vt 1.000000 1.000000
vt 0.000000 1.000000
vt 0.000000 0.000000
vt 1.000000 0.000000
vt 1.000000 1.000000
vt 0.000000 1.000000
vt 0.000000 0.000000
vt 1.000000 0.000000
vt 1.000000 1.000000
vt 0.000000 1.000000
vt 0.000000 0.000000
vt 1.000000 0.000000
vt 1.000000 1.000000
vt 0.000000 1.000000
vt 0.000000 0.000000
vt 1.000000 0.000000
vt 1.000000 1.000000
vt 0.000000 1.000000
vt 0.000000 0.000000
vt 1.000000 0.000000
vt 1.000000 1.000000
vt 0.000000 1.000000
vt 0.000000 0.000000
vt 1.000000 0.000000
vt 1.000000 1.000000
vt 0.000000 1.000000
vt 0.000000 0.000000
vt 1.000000 0.000000
vt 1.000000 1.000000
vt 0.000000 1.000000
vt 0.000000 0.000000
vt 1.000000 0.000000
vt 1.000000 1.000000
vt 0.000000 1.000000
vt 0.000000 0.000000
vt 1.000000 0.000000
vt 1.000000 1.000000
vt 0.000000 1.000000
vt 0.000000 0.000000
vt 1.000000 0.000000
vt 1.000000 1.000000
vt 0.000000 1.000000
vt 1.000000 0.500000
vt 0.933013 0.750000
vt 0.750000 0.933013
vt 0.500000 1.000000
vt 0.250000 0.933013
vt 0.066987 0.750000
vt 0.000000 0.500000
vt 0.066987 0.250000
vt 0.250000 0.066987
vt 0.500000 0.000000
vt 0.750000 0.066987
vt 0.933013 0.250000
vt 1.000000 0.500000
vt 0.933013 0.750000
vt 0.750000 0.933013
vt 0.500000 1.000000
vt 0.250000 0.933013
vt 0.066987 0.750000
vt 0.000000 0.500000
vt 0.066987 0.250000
vt 0.250000 0.066987
vt 0.500000 0.000000
vt 0.750000 0.066987
vt 0.933013 0.250000
vt 0.000000 0.000000
vt 1.000000 0.000000
vt 1.000000 1.000000
vt 0.000000 1.000000
vt 0.000000 0.000000
vt 1.000000 0.000000
vt 1.000000 1.000000
vt 0.000000 1.000000
vt 0.000000 0.000000
vt 1.000000 0.000000
vt 1.000000 1.000000
vt 0.000000 1.000000
vt 0.000000 0.000000
vt 1.000000 0.000000
vt 1.000000 1.000000
vt 0.000000 1.000000
vt 0.000000 0.000000
vt 1.000000 0.000000
vt 1.000000 1.000000
vt 0.000000 1.000000
vt 0.000000 0.000000
vt 1.000000 0.000000
vt 1.000000 1.000000
vt 0.000000 1.000000
vt 0.000000 0.000000
vt 1.000000 0.000000
vt 1.000000 1.000000
vt 0.000000 1.000000
vt 0.000000 0.000000
vt 1.000000 0.000000
vt 1.000000 1.000000
vt 0.000000 1.000000
vt 0.000000 0.000000
vt 1.000000 0.000000
vt 1.000000 1.000000
vt 0.000000 1.000000
vt 0.000000 0.000000
vt 1.000000 0.000000
vt 1.000000 1.000000
vt 0.000000 1.000000
vt 0.000000 0.000000
vt 1.000000 0.000000
vt 1.000000 1.000000
vt 0.000000 1.000000
vt 0.000000 0.000000
vt 1.000000 0.000000
vt 1.000000 1.000000
vt 0.000000 1.000000
vt 1.000000 0.500000
vt 0.933013 0.750000
vt 0.750000 0.933013
vt 0.500000 1.000000
vt 0.250000 0.933013
vt 0.066987 0.750000
vt 0.000000 0.500000
vt 0.066987 0.250000
vt 0.250000 0.066987
vt 0.500000 0.000000
vt 0.750000 0.066987
vt 0.933013 0.250000
vt 1.000000 0.500000
vt 0.933013 0.750000
vt 0.750000 0.933013
vt 0.500000 1.000000
vt 0.250000 0.933013
vt 0.066987 0.750000
vt 0.000000 0.500000
vt 0.066987 0.250000
vt 0.250000 0.066987
vt 0.500000 0.000000
vt 0.750000 0.066987
vt 0.933013 0.250000
vt 0.000000 0.000000
vt 1.000000 0.000000
vt 1.000000 1.000000
vt 0.000000 1.000000
vt 0.000000 0.000000
vt 1.000000 0.000000
vt 1.000000 1.000000
vt 0.000000 1.000000
vt 0.000000 0.000000
vt 1.000000 0.000000
vt 1.000000 1.000000
vt 0.000000 1.000000
vt 0.000000 0.000000
vt 1.000000 0.000000
vt 1.000000 1.000000
vt 0.000000 1.000000
vt 0.000000 0.000000
vt 1.000000 0.000000
vt 1.000000 1.000000
vt 0.000000 1.000000
vt 0.000000 0.000000
vt 1.000000 0.000000
vt 1.000000 1.000000
vt 0.000000 1.000000
vt 0.000000 0.000000
vt 1.000000 0.000000
vt 1.000000 1.000000
vt 0.000000 1.000000
vt 0.000000 0.000000
vt 1.000000 0.000000
vt 1.000000 1.000000
vt 0.000000 1.000000
vt 0.000000 0.000000
vt 1.000000 0.000000
vt 1.000000 1.000000
vt 0.000000 1.000000
vt 0.000000 0.000000
vt 1.000000 0.000000
vt 1.000000 1.000000
vt 0.000000 1.000000
vt 0.000000 0.000000
vt 1.000000 0.000000
vt 1.000000 1.000000
vt 0.000000 1.000000
vt 0.000000 0.000000
vt 1.000000 0.000000
vt 1.000000 1.000000
vt 0.000000 1.000000
vt 1.000000 0.500000
vt 0.933013 0.750000
vt 0.750000 0.933013
vt 0.500000 1.000000
vt 0.250000 0.933013
vt 0.066987 0.750000
vt 0.000000 0.500000
vt 0.066987 0.250000
vt 0.250000 0.066987
vt 0.500000 0.000000
vt 0.750000 0.066987
vt 0.933013 0.250000
vt 1.000000 0.500000
vt 0.933013 0.750000
vt 0.750000 0.933013
vt 0.500000 1.000000
vt 0.250000 0.933013
vt 0.066987 0.750000
vt 0.000000 0.500000
vt 0.066987 0.250000
vt 0.250000 0.066987
vt 0.500000 0.000000
vt 0.750000 0.066987
vt 0.933013 0.250000
vt 0.000000 0.000000
vt 1.000000 0.000000
vt 1.000000 1.000000
vt 0.000000 1.000000
vt 0.000000 0.000000
vt 1.000000 0.000000
vt 1.000000 1.000000
vt 0.000000 1.000000
vt 0.000000 0.000000
vt 1.000000 0.000000
vt 1.000000 1.000000
vt 0.000000 1.000000
vt 0.000000 0.000000
vt 1.000000 0.000000
vt 1.000000 1.000000
vt 0.000000 1.000000
vt 0.000000 0.000000
vt 1.000000 0.000000
vt 1.000000 1.000000
vt 0.000000 1.000000
vt 0.000000 0.000000
vt 1.000000 0.000000
vt 1.000000 1.000000
vt 0.000000 1.000000
vt 0.000000 0.000000
vt 1.000000 0.000000
vt 1.000000 1.000000
vt 0.000000 1.000000
vt 0.000000 0.000000
vt 1.000000 0.000000
vt 1.000000 1.000000
vt 0.000000 1.000000
vt 0.000000 0.000000
vt 1.000000 0.000000
vt 1.000000 1.000000
vt 0.000000 1.000000
vt 0.000000 0.000000
vt 1.000000 0.000000
vt 1.000000 1.000000
vt 0.000000 1.000000
vt 0.000000 0.000000
vt 1.000000 0.000000
vt 1.000000 1.000000
vt 0.000000 1.000000
vt 0.000000 0.000000
vt 1.000000 0.000000
vt 1.000000 1.000000
vt 0.000000 1.000000
vt 0.000000 0.000000
vt 1.000000 0.000000
vt 1.000000 1.000000
vt 0.000000 1.000000
vt 0.000000 0.000000
vt 1.000000 0.000000
vt 1.000000 1.000000
vt 0.000000 1.000000
vt 0.000000 0.000000
vt 1.000000 0.000000
vt 1.000000 1.000000
vt 0.000000 1.000000
vt 0.000000 0.000000
vt 1.000000 0.000000
vt 1.000000 1.000000
vt 0.000000 1.000000
vt 0.000000 0.000000
vt 1.000000 0.000000
vt 1.000000 1.000000
vt 0.000000 1.000000
vt 0.000000 0.000000
vt 1.000000 0.000000
vt 1.000000 1.000000
vt 0.000000 1.000000
vt 0.000000 0.000000
vt 1.000000 0.000000
vt 1.000000 1.000000
vt 0.000000 1.000000
vt 0.000000 0.000000
vt 1.000000 0.000000
vt 1.000000 1.000000
vt 0.000000 1.000000
vt 0.000000 0.000000
vt 1.000000 0.000000
vt 1.000000 1.000000
vt 0.000000 1.000000
vt 0.000000 0.000000
vt 1.000000 0.000000
vt 1.000000 1.000000
vt 0.000000 1.000000
vt 0.000000 0.000000
vt 1.000000 0.000000
vt 1.000000 1.000000
vt 0.000000 1.000000
vt 0.000000 0.000000
vt 1.000000 0.000000
vt 1.000000 1.000000
vt 0.000000 1.000000
vt 1.000000 0.500000
vt 0.933013 0.750000
vt 0.750000 0.933013
vt 0.500000 1.000000
vt 0.250000 0.933013
vt 0.066987 0.750000
vt 0.000000 0.500000
vt 0.066987 0.250000
vt 0.250000 0.066987
vt 0.500000 0.000000
vt 0.750000 0.066987
vt 0.933013 0.250000
vt 1.000000 0.500000
vt 0.933013 0.750000
vt 0.750000 0.933013
vt 0.500000 1.000000
vt 0.250000 0.933013
vt 0.066987 0.750000
vt 0.000000 0.500000
vt 0.066987 0.250000
vt 0.250000 0.066987
vt 0.500000 0.000000
vt 0.750000 0.066987
vt 0.933013 0.250000
vt 0.000000 0.000000
vt 1.000000 0.000000
vt 1.000000 1.000000
vt 0.000000 1.000000
vt 0.000000 0.000000
vt 1.000000 0.000000
vt 1.000000 1.000000
vt 0.000000 1.000000
vt 0.000000 0.000000
vt 1.000000 0.000000
vt 1.000000 1.000000
vt 0.000000 1.000000
vt 0.000000 0.000000
vt 1.000000 0.000000
vt 1.000000 1.000000
vt 0.000000 1.000000
vt 0.000000 0.000000
vt 1.000000 0.000000
vt 1.000000 1.000000
vt 0.000000 1.000000
vt 0.000000 0.000000
vt 1.000000 0.000000
vt 1.000000 1.000000
vt 0.000000 1.000000
vt 0.000000 0.000000
vt 1.000000 0.000000
vt 1.000000 1.000000
vt 0.000000 1.000000
vt 0.000000 0.000000
vt 1.000000 0.000000
vt 1.000000 1.000000
vt 0.000000 1.000000
vt 0.000000 0.000000
vt 1.000000 0.000000
vt 1.000000 1.000000
vt 0.000000 1.000000
vt 0.000000 0.000000
vt 1.000000 0.000000
vt 1.000000 1.000000
vt 0.000000 1.000000
vt 0.000000 0.000000
vt 1.000000 0.000000
vt 1.000000 1.000000
vt 0.000000 1.000000
vt 0.000000 0.000000
vt 1.000000 0.000000
vt 1.000000 1.000000
vt 0.000000 1.000000
vt 1.000000 0.500000
vt 0.933013 0.750000
vt 0.750000 0.933013
vt 0.500000 1.000000
vt 0.250000 0.933013
vt 0.066987 0.750000
vt 0.000000 0.500000
vt 0.066987 0.250000
vt 0.250000 0.066987
vt 0.500000 0.000000
vt 0.750000 0.066987
vt 0.933013 0.250000
vt 1.000000 0.500000
vt 0.933013 0.750000
vt 0.750000 0.933013
vt 0.500000 1.000000
vt 0.250000 0.933013
vt 0.066987 0.750000
vt 0.000000 0.500000
vt 0.066987 0.250000
vt 0.250000 0.066987
vt 0.500000 0.000000
vt 0.750000 0.066987
vt 0.933013 0.250000
vt 0.000000 0.000000
vt 1.000000 0.000000
vt 1.000000 1.000000
vt 0.000000 1.000000
vt 0.000000 0.000000
vt 1.000000 0.000000
vt 1.000000 1.000000
vt 0.000000 1.000000
vt 0.000000 0.000000
vt 1.000000 0.000000
vt 1.000000 1.000000
vt 0.000000 1.000000
vt 0.000000 0.000000
vt 1.000000 0.000000
vt 1.000000 1.000000
vt 0.000000 1.000000
vt 0.000000 0.000000
vt 1.000000 0.000000
vt 1.000000 1.000000
vt 0.000000 1.000000
vt 0.000000 0.000000
vt 1.000000 0.000000
vt 1.000000 1.000000
vt 0.000000 1.000000
vt 0.000000 0.000000
vt 1.000000 0.000000
vt 1.000000 1.000000
vt 0.000000 1.000000
vt 0.000000 0.000000
vt 1.000000 0.000000
vt 1.000000 1.000000
vt 0.000000 1.000000
vt 0.000000 0.000000
vt 1.000000 0.000000
vt 1.000000 1.000000
vt 0.000000 1.000000
vt 0.000000 0.000000
vt 1.000000 0.000000
vt 1.000000 1.000000
vt 0.000000 1.000000
vt 0.000000 0.000000
vt 1.000000 0.000000
vt 1.000000 1.000000
vt 0.000000 1.000000
vt 0.000000 0.000000
vt 1.000000 0.000000
vt 1.000000 1.000000
vt 0.000000 1.000000
vt 1.000000 0.500000
vt 0.933013 0.750000
vt 0.750000 0.933013
vt 0.500000 1.000000
vt 0.250000 0.933013
vt 0.066987 0.750000
vt 0.000000 0.500000
vt 0.066987 0.250000
vt 0.250000 0.066987
vt 0.500000 0.000000
vt 0.750000 0.066987
vt 0.933013 0.250000
vt 1.000000 0.500000
vt 0.933013 0.750000
vt 0.750000 0.933013
vt 0.500000 1.000000
vt 0.250000 0.933013
vt 0.066987 0.750000
vt 0.000000 0.500000
vt 0.066987 0.250000
vt 0.250000 0.066987
vt 0.500000 0.000000
vt 0.750000 0.066987
vt 0.933013 0.250000
vt 0.000000 0.000000
vt 1.000000 0.000000
vt 1.000000 1.000000
vt 0.000000 1.000000
vt 0.000000 0.000000
vt 1.000000 0.000000
vt 1.000000 1.000000
vt 0.000000 1.000000
vt 0.000000 0.000000
vt 1.000000 0.000000
vt 1.000000 1.000000
vt 0.000000 1.000000
vt 0.000000 0.000000
vt 1.000000 0.000000
vt 1.000000 1.000000
vt 0.000000 1.000000
vt 0.000000 0.000000
vt 1.000000 0.000000
vt 1.000000 1.000000
vt 0.000000 1.000000
vt 0.000000 0.000000
vt 1.000000 0.000000
vt 1.000000 1.000000
vt 0.000000 1.000000
vt 0.000000 0.000000
vt 1.000000 0.000000
vt 1.000000 1.000000
vt 0.000000 1.000000
vt 0.000000 0.000000
vt 1.000000 0.000000
vt 1.000000 1.000000
vt 0.000000 1.000000
vt 0.000000 0.000000
vt 1.000000 0.000000
vt 1.000000 1.000000
vt 0.000000 1.000000
vt 0.000000 0.000000
vt 1.000000 0.000000
vt 1.000000 1.000000
vt 0.000000 1.000000
vt 0.000000 0.000000
vt 1.000000 0.000000
vt 1.000000 1.000000
vt 0.000000 1.000000
vt 0.000000 0.000000
vt 1.000000 0.000000
vt 1.000000 1.000000
vt 0.000000 1.000000
vt 1.000000 0.500000
vt 0.933013 0.750000
vt 0.750000 0.933013
vt 0.500000 1.000000
vt 0.250000 0.933013
vt 0.066987 0.750000
vt 0.000000 0.500000
vt 0.066987 0.250000
vt 0.250000 0.066987
vt 0.500000 0.000000
vt 0.750000 0.066987
vt 0.933013 0.250000
vt 1.000000 0.500000
vt 0.933013 0.750000
vt 0.750000 0.933013
vt 0.500000 1.000000
vt 0.250000 0.933013
vt 0.066987 0.750000
vt 0.000000 0.500000
vt 0.066987 0.250000
vt 0.250000 0.066987
vt 0.500000 0.000000
vt 0.750000 0.066987
vt 0.933013 0.250000
vt 0.000000 0.000000
vt 1.000000 0.000000
vt 1.000000 1.000000
vt 0.000000 1.000000
vt 0.000000 0.000000
vt 1.000000 0.000000
vt 1.000000 1.000000
vt 0.000000 1.000000
vt 0.000000 0.000000
vt 1.000000 0.000000
vt 1.000000 1.000000
vt 0.000000 1.000000
vt 0.000000 0.000000
vt 1.000000 0.000000
vt 1.000000 1.000000
vt 0.000000 1.000000
vt 0.000000 0.000000
vt 1.000000 0.000000
vt 1.000000 1.000000
vt 0.000000 1.000000
vt 0.000000 0.000000
vt 1.000000 0.000000
vt 1.000000 1.000000
vt 0.000000 1.000000
vt 0.000000 0.000000
vt 1.000000 0.000000
vt 1.000000 1.000000
vt 0.000000 1.000000
vt 0.000000 0.000000
vt 1.000000 0.000000
vt 1.000000 1.000000
vt 0.000000 1.000000
vt 0.000000 0.000000
vt 1.000000 0.000000
vt 1.000000 1.000000
vt 0.000000 1.000000
vt 0.000000 0.000000
vt 1.000000 0.000000
vt 1.000000 1.000000
vt 0.000000 1.000000
vt 0.000000 0.000000
vt 1.000000 0.000000
vt 1.000000 1.000000
vt 0.000000 1.000000
vt 0.000000 0.000000
vt 1.000000 0.000000
vt 1.000000 1.000000
vt 0.000000 1.000000
vt 0.000000 0.000000
vt 1.000000 0.000000
vt 1.000000 1.000000
vt 0.000000 1.000000
vt 0.000000 0.000000
vt 1.000000 0.000000
vt 1.000000 1.000000
vt 0.000000 1.000000
vt 0.000000 0.000000
vt 1.000000 0.000000
vt 1.000000 1.000000
vt 0.000000 1.000000
vt 0.000000 0.000000
vt 1.000000 0.000000
vt 1.000000 1.000000
vt 0.000000 1.000000
vt 0.000000 0.000000
vt 1.000000 0.000000
vt 1.000000 1.000000
vt 0.000000 1.000000
vt 0.000000 0.000000
vt 1.000000 0.000000
vt 1.000000 1.000000
vt 0.000000 1.000000
vt 0.000000 0.000000
vt 1.000000 0.000000
vt 1.000000 1.000000
vt 0.000000 1.000000
vt 0.000000 0.000000
vt 1.000000 0.000000
vt 1.000000 1.000000
vt 0.000000 1.000000
vt 0.000000 0.000000
vt 1.000000 0.000000
vt 1.000000 1.000000
vt 0.000000 1.000000
vt 0.000000 0.000000
vt 1.000000 0.000000
vt 1.000000 1.000000
vt 0.000000 1.000000
vt 1.000000 0.500000
vt 0.904508 0.793893
vt 0.654508 0.975528
vt 0.345492 0.975528
vt 0.095492 0.793893
vt 0.000000 0.500000
vt 0.095492 0.206107
vt 0.345492 0.024472
vt 0.654508 0.024472
vt 0.904508 0.206107
vt 1.000000 0.500000
vt 0.904508 0.793893
vt 0.654508 0.975528
vt 0.345492 0.975528
vt 0.095492 0.793893
vt 0.000000 0.500000
vt 0.095492 0.206107
vt 0.345492 0.024472
vt 0.654508 0.024472
vt 0.904508 0.206107
vt 0.000000 0.000000
vt 1.000000 0.000000
vt 1.000000 1.000000
vt 0.000000 1.000000
vt 0.000000 0.000000
vt 1.000000 0.000000
vt 1.000000 1.000000
vt 0.000000 1.000000
vt 0.000000 0.000000
vt 1.000000 0.000000
vt 1.000000 1.000000
vt 0.000000 1.000000
vt 0.000000 0.000000
vt 1.000000 0.000000
vt 1.000000 1.000000
vt 0.000000 1.000000
vt 0.000000 0.000000
vt 1.000000 0.000000
vt 1.000000 1.000000
vt 0.000000 1.000000
vt 0.000000 0.000000
vt 1.000000 0.000000
vt 1.000000 1.000000
vt 0.000000 1.000000
vt 0.000000 0.000000
vt 1.000000 0.000000
vt 1.000000 1.000000
vt 0.000000 1.000000
vt 0.000000 0.000000
vt 1.000000 0.000000
vt 1.000000 1.000000
vt 0.000000 1.000000
vt 0.000000 0.000000
vt 1.000000 0.000000
vt 1.000000 1.000000
vt 0.000000 1.000000
vt 0.000000 0.000000
vt 1.000000 0.000000
vt 1.000000 1.000000
vt 0.000000 1.000000
vt 1.000000 0.500000
vt 0.904508 0.793893
vt 0.654508 0.975528
vt 0.345492 0.975528
vt 0.095492 0.793893
vt 0.000000 0.500000
vt 0.095492 0.206107
vt 0.345492 0.024472
vt 0.654508 0.024472
vt 0.904508 0.206107
vt 1.000000 0.500000
vt 0.904508 0.793893
vt 0.654508 0.975528
vt 0.345492 0.975528
vt 0.095492 0.793893
vt 0.000000 0.500000
vt 0.095492 0.206107
vt 0.345492 0.024472
vt 0.654508 0.024472
vt 0.904508 0.206107
vt 0.000000 0.000000
vt 1.000000 0.000000
vt 1.000000 1.000000
vt 0.000000 1.000000
vt 0.000000 0.000000
vt 1.000000 0.000000
vt 1.000000 1.000000
vt 0.000000 1.000000
vt 0.000000 0.000000
vt 1.000000 0.000000
vt 1.000000 1.000000
vt 0.000000 1.000000
vt 0.000000 0.000000
vt 1.000000 0.000000
vt 1.000000 1.000000
vt 0.000000 1.000000
vt 0.000000 0.000000
vt 1.000000 0.000000
vt 1.000000 1.000000
vt 0.000000 1.000000
vt 0.000000 0.000000
vt 1.000000 0.000000
vt 1.000000 1.000000
vt 0.000000 1.000000
vt 0.000000 0.000000
vt 1.000000 0.000000
vt 1.000000 1.000000
vt 0.000000 1.000000
vt 0.000000 0.000000
vt 1.000000 0.000000
vt 1.000000 1.000000
vt 0.000000 1.000000
vt 0.000000 0.000000
vt 1.000000 0.000000
vt 1.000000 1.000000
vt 0.000000 1.000000
vt 0.000000 0.000000
vt 1.000000 0.000000
vt 1.000000 1.000000
vt 0.000000 1.000000
vt 1.000000 0.500000
vt 0.904508 0.793893
vt 0.654508 0.975528
vt 0.345492 0.975528
vt 0.095492 0.793893
vt 0.000000 0.500000
vt 0.095492 0.206107
vt 0.345492 0.024472
vt 0.654508 0.024472
vt 0.904508 0.206107
vt 1.000000 0.500000
vt 0.904508 0.793893
vt 0.654508 0.975528
vt 0.345492 0.975528
vt 0.095492 0.793893
vt 0.000000 0.500000
vt 0.095492 0.206107
vt 0.345492 0.024472
vt 0.654508 0.024472
vt 0.904508 0.206107
vt 0.000000 0.000000
vt 1.000000 0.000000
vt 1.000000 1.000000
vt 0.000000 1.000000
vt 0.000000 0.000000
vt 1.000000 0.000000
vt 1.000000 1.000000
vt 0.000000 1.000000
vt 0.000000 0.000000
vt 1.000000 0.000000
vt 1.000000 1.000000
vt 0.000000 1.000000
vt 0.000000 0.000000
vt 1.000000 0.000000
vt 1.000000 1.000000
vt 0.000000 1.000000
vt 0.000000 0.000000
vt 1.000000 0.000000
vt 1.000000 1.000000
vt 0.000000 1.000000
vt 0.000000 0.000000
vt 1.000000 0.000000
vt 1.000000 1.000000
vt 0.000000 1.000000
vt 0.000000 0.000000
vt 1.000000 0.000000
vt 1.000000 1.000000
vt 0.000000 1.000000
vt 0.000000 0.000000
vt 1.000000 0.000000
vt 1.000000 1.000000
vt 0.000000 1.000000
vt 0.000000 0.000000
vt 1.000000 0.000000
vt 1.000000 1.000000
vt 0.000000 1.000000
vt 0.000000 0.000000
vt 1.000000 0.000000
vt 1.000000 1.000000
vt 0.000000 1.000000
vt 1.000000 0.500000
vt 0.904508 0.793893
vt 0.654508 0.975528
vt 0.345492 0.975528
vt 0.095492 0.793893
vt 0.000000 0.500000
vt 0.095492 0.206107
vt 0.345492 0.024472
vt 0.654508 0.024472
vt 0.904508 0.206107
vt 1.000000 0.500000
vt 0.904508 0.793893
vt 0.654508 0.975528
vt 0.345492 0.975528
vt 0.095492 0.793893
vt 0.000000 0.500000
vt 0.095492 0.206107
vt 0.345492 0.024472
vt 0.654508 0.024472
vt 0.904508 0.206107
vt 0.000000 0.000000
vt 1.000000 0.000000
vt 1.000000 1.000000
vt 0.000000 1.000000
vt 0.000000 0.000000
vt 1.000000 0.000000
vt 1.000000 1.000000
vt 0.000000 1.000000
vt 0.000000 0.000000
vt 1.000000 0.000000
vt 1.000000 1.000000
vt 0.000000 1.000000
vt 0.000000 0.000000
vt 1.000000 0.000000
vt 1.000000 1.000000
vt 0.000000 1.000000
vt 0.000000 0.000000
vt 1.000000 0.000000
vt 1.000000 1.000000
vt 0.000000 1.000000
vt 0.000000 0.000000
vt 1.000000 0.000000
vt 1.000000 1.000000
vt 0.000000 1.000000
vt 0.000000 0.000000
vt 1.000000 0.000000
vt 1.000000 1.000000
vt 0.000000 1.000000
vt 0.000000 0.000000
vt 1.000000 0.000000
vt 1.000000 1.000000
vt 0.000000 1.000000
vt 0.000000 0.000000
vt 1.000000 0.000000
vt 1.000000 1.000000
vt 0.000000 1.000000
vt 0.000000 0.000000
vt 1.000000 0.000000
vt 1.000000 1.000000
vt 0.000000 1.000000
vt 0.000000 0.000000
vt 1.000000 0.000000
vt 1.000000 1.000000
vt 0.000000 1.000000
vt 0.000000 0.000000
vt 1.000000 0.000000
vt 1.000000 1.000000
vt 0.000000 1.000000
vt 0.000000 0.000000
vt 1.000000 0.000000
vt 1.000000 1.000000
vt 0.000000 1.000000
vt 0.000000 0.000000
vt 1.000000 0.000000
vt 1.000000 1.000000
vt 0.000000 1.000000
vt 0.000000 0.000000
vt 1.000000 0.000000
vt 1.000000 1.000000
vt 0.000000 1.000000
vt 0.000000 0.000000
vt 1.000000 0.000000
vt 1.000000 1.000000
vt 0.000000 1.000000
vt 0.000000 0.000000
vt 1.000000 0.000000
vt 1.000000 1.000000
vt 0.000000 1.000000
vt 0.000000 0.000000
vt 1.000000 0.000000
vt 1.000000 1.000000
vt 0.000000 1.000000
vt 0.000000 0.000000
vt 1.000000 0.000000
vt 1.000000 1.000000
vt 0.000000 1.000000
vt 0.000000 0.000000
vt 1.000000 0.000000
vt 1.000000 1.000000
vt 0.000000 1.000000
vt 0.000000 0.000000
vt 1.000000 0.000000
vt 1.000000 1.000000
vt 0.000000 1.000000
vt 0.000000 0.000000
vt 1.000000 0.000000
vt 1.000000 1.000000
vt 0.000000 1.000000
vt 0.000000 0.000000
vt 1.000000 0.000000
vt 1.000000 1.000000
vt 0.000000 1.000000
vt 0.000000 0.000000
vt 1.000000 0.000000
vt 1.000000 1.000000
vt 0.000000 1.000000
vt 0.000000 0.000000
vt 1.000000 0.000000
vt 1.000000 1.000000
vt 0.000000 1.000000
vt 0.000000 0.000000
vt 1.000000 0.000000
vt 1.000000 1.000000
vt 0.000000 1.000000
vt 0.000000 0.000000
vt 1.000000 0.000000
vt 1.000000 1.000000
vt 0.000000 1.000000
vt 0.000000 0.000000
vt 1.000000 0.000000
vt 1.000000 1.000000
vt 0.000000 1.000000
vt 0.000000 0.000000
vt 1.000000 0.000000
vt 1.000000 1.000000
vt 0.000000 1.000000
vt 0.000000 0.000000
vt 1.000000 0.000000
vt 1.000000 1.000000
vt 0.000000 1.000000
vt 0.000000 0.000000
vt 1.000000 0.000000
vt 1.000000 1.000000
vt 0.000000 1.000000
vt 0.000000 0.000000
vt 1.000000 0.000000
vt 1.000000 1.000000
vt 0.000000 1.000000
vt 0.000000 0.000000
vt 1.000000 0.000000
vt 1.000000 1.000000
vt 0.000000 1.000000
vt 0.000000 0.000000
vt 1.000000 0.000000
vt 1.000000 1.000000
vt 0.000000 1.000000
vt 0.000000 0.000000
vt 1.000000 0.000000
vt 1.000000 1.000000
vt 0.000000 1.000000
vt 0.000000 0.000000
vt 1.000000 0.000000
vt 1.000000 1.000000
vt 0.000000 1.000000
vt 0.000000 0.000000
vt 1.000000 0.000000
vt 1.000000 1.000000
vt 0.000000 1.000000
vt 0.000000 0.000000
vt 1.000000 0.000000
vt 1.000000 1.000000
vt 0.000000 1.000000
vt 0.000000 0.000000
vt 1.000000 0.000000
vt 1.000000 1.000000
vt 0.000000 1.000000
vt 0.000000 0.000000
vt 1.000000 0.000000
vt 1.000000 1.000000
vt 0.000000 1.000000
vt 0.000000 0.000000
vt 1.000000 0.000000
vt 1.000000 1.000000
vt 0.000000 1.000000
vt 0.000000 0.000000
vt 1.000000 0.000000
vt 1.000000 1.000000
vt 0.000000 1.000000
vt 0.000000 0.000000
vt 1.000000 0.000000
vt 1.000000 1.000000
vt 0.000000 1.000000
vt 0.000000 0.000000
vt 1.000000 0.000000
vt 1.000000 1.000000
vt 0.000000 1.000000
vt 0.000000 0.000000
vt 1.000000 0.000000
vt 1.000000 1.000000
vt 0.000000 1.000000
vt 0.000000 0.000000
vt 1.000000 0.000000
vt 1.000000 1.000000
vt 0.000000 1.000000
vt 0.000000 0.000000
vt 1.000000 0.000000
vt 1.000000 1.000000
vt 0.000000 1.000000
vt 0.000000 0.000000
vt 1.000000 0.000000
vt 1.000000 1.000000
vt 0.000000 1.000000
vt 0.000000 0.000000
vt 1.000000 0.000000
vt 1.000000 1.000000
vt 0.000000 1.000000
vt 0.000000 0.000000
vt 1.000000 0.000000
vt 1.000000 1.000000
vt 0.000000 1.000000
vt 0.000000 0.000000
vt 1.000000 0.000000
vt 1.000000 1.000000
vt 0.000000 1.000000
vt 0.000000 0.000000
vt 1.000000 0.000000
vt 1.000000 1.000000
vt 0.000000 1.000000
vt 0.000000 0.000000
vt 1.000000 0.000000
vt 1.000000 1.000000
vt 0.000000 1.000000
vt 0.000000 0.000000
vt 1.000000 0.000000
vt 1.000000 1.000000
vt 0.000000 1.000000
vt 0.000000 0.000000
vt 1.000000 0.000000
vt 1.000000 1.000000
vt 0.000000 1.000000
vt 1.000000 0.500000
vt 0.811745 0.890916
vt 0.388740 0.987464
vt 0.049516 0.716942
vt 0.049516 0.283058
vt 0.388740 0.012536
vt 0.811745 0.109084
vt 1.000000 0.500000
vt 0.811745 0.890916
vt 0.388740 0.987464
vt 0.049516 0.716942
vt 0.049516 0.283058
vt 0.388740 0.012536
vt 0.811745 0.109084
vt 0.000000 0.000000
vt 1.000000 0.000000
vt 1.000000 1.000000
vt 0.000000 1.000000
vt 0.000000 0.000000
vt 1.000000 0.000000
vt 1.000000 1.000000
vt 0.000000 1.000000
vt 0.000000 0.000000
vt 1.000000 0.000000
vt 1.000000 1.000000
vt 0.000000 1.000000
vt 0.000000 0.000000
vt 1.000000 0.000000
vt 1.000000 1.000000
vt 0.000000 1.000000
vt 0.000000 0.000000
vt 1.000000 0.000000
vt 1.000000 1.000000
vt 0.000000 1.000000
vt 0.000000 0.000000
vt 1.000000 0.000000
vt 1.000000 1.000000
vt 0.000000 1.000000
vt 0.000000 0.000000
vt 1.000000 0.000000
vt 1.000000 1.000000
vt 0.000000 1.000000
vt 1.000000 0.500000
vt 0.811745 0.890916
vt 0.388740 0.987464
vt 0.049516 0.716942
vt 0.049516 0.283058
vt 0.388740 0.012536
vt 0.811745 0.109084
vt 1.000000 0.500000
vt 0.811745 0.890916
vt 0.388740 0.987464
vt 0.049516 0.716942
vt 0.049516 0.283058
vt 0.388740 0.012536
vt 0.811745 0.109084
vt 0.000000 0.000000
vt 1.000000 0.000000
vt 1.000000 1.000000
vt 0.000000 1.000000
vt 0.000000 0.000000
vt 1.000000 0.000000
vt 1.000000 1.000000
vt 0.000000 1.000000
vt 0.000000 0.000000
vt 1.000000 0.000000
vt 1.000000 1.000000
vt 0.000000 1.000000
vt 0.000000 0.000000
vt 1.000000 0.000000
vt 1.000000 1.000000
vt 0.000000 1.000000
vt 0.000000 0.000000
vt 1.000000 0.000000
vt 1.000000 1.000000
vt 0.000000 1.000000
vt 0.000000 0.000000
vt 1.000000 0.000000
vt 1.000000 1.000000
vt 0.000000 1.000000
vt 0.000000 0.000000
vt 1.000000 0.000000
vt 1.000000 1.000000
vt 0.000000 1.000000
vt 1.000000 0.500000
vt 0.811745 0.890916
vt 0.388740 0.987464
vt 0.049516 0.716942
vt 0.049516 0.283058
vt 0.388740 0.012536
vt 0.811745 0.109084
vt 1.000000 0.500000
vt 0.811745 0.890916
vt 0.388740 0.987464
vt 0.049516 0.716942
vt 0.049516 0.283058
vt 0.388740 0.012536
vt 0.811745 0.109084
vt 0.000000 0.000000
vt 1.000000 0.000000
vt 1.000000 1.000000
vt 0.000000 1.000000
vt 0.000000 0.000000
vt 1.000000 0.000000
vt 1.000000 1.000000
vt 0.000000 1.000000
vt 0.000000 0.000000
vt 1.000000 0.000000
vt 1.000000 1.000000
vt 0.000000 1.000000
vt 0.000000 0.000000
vt 1.000000 0.000000
vt 1.000000 1.000000
vt 0.000000 1.000000
vt 0.000000 0.000000
vt 1.000000 0.000000
vt 1.000000 1.000000
vt 0.000000 1.000000
vt 0.000000 0.000000
vt 1.000000 0.000000
vt 1.000000 1.000000
vt 0.000000 1.000000
vt 0.000000 0.000000
vt 1.000000 0.000000
vt 1.000000 1.000000
vt 0.000000 1.000000
vt 0.000000 0.000000
vt 1.000000 0.000000
vt 1.000000 1.000000
vt 0.000000 1.000000
vt 0.000000 0.000000
vt 1.000000 0.000000
vt 1.000000 1.000000
vt 0.000000 1.000000
vt 0.000000 0.000000
vt 1.000000 0.000000
vt 1.000000 1.000000
vt 0.000000 1.000000
vt 0.000000 0.000000
vt 1.000000 0.000000
vt 1.000000 1.000000
vt 0.000000 1.000000
vt 0.000000 0.000000
vt 1.000000 0.000000
vt 1.000000 1.000000
vt 0.000000 1.000000
vt 0.000000 0.000000
vt 1.000000 0.000000
vt 1.000000 1.000000
vt 0.000000 1.000000
vt 0.000000 0.000000
vt 1.000000 0.000000
vt 1.000000 1.000000
vt 0.000000 1.000000
vt 0.000000 0.000000
vt 1.000000 0.000000
vt 1.000000 1.000000
vt 0.000000 1.000000
vt 0.000000 0.000000
vt 1.000000 0.000000
vt 1.000000 1.000000
vt 0.000000 1.000000
vt 0.000000 0.000000
vt 1.000000 0.000000
vt 1.000000 1.000000
vt 0.000000 1.000000
vt 0.000000 0.000000
vt 1.000000 0.000000
vt 1.000000 1.000000
vt 0.000000 1.000000
vt 0.000000 0.000000
vt 1.000000 0.000000
vt 1.000000 1.000000
vt 0.000000 1.000000
vt 0.000000 0.000000
vt 1.000000 0.000000
vt 1.000000 1.000000
vt 0.000000 1.000000
vt 0.000000 0.000000
vt 1.000000 0.000000
vt 1.000000 1.000000
vt 0.000000 1.000000
vt 0.000000 0.000000
vt 1.000000 0.000000
vt 1.000000 1.000000
vt 0.000000 1.000000
vt 1.000000 0.500000
vt 0.904508 0.793893
vt 0.654508 0.975528
vt 0.345492 0.975528
vt 0.095492 0.793893
vt 0.000000 0.500000
vt 0.095492 0.206107
vt 0.345492 0.024472
vt 0.654508 0.024472
vt 0.904508 0.206107
vt 1.000000 0.500000
vt 0.904508 0.793893
vt 0.654508 0.975528
vt 0.345492 0.975528
vt 0.095492 0.793893
vt 0.000000 0.500000
vt 0.095492 0.206107
vt 0.345492 0.024472
vt 0.654508 0.024472
vt 0.904508 0.206107
vt 0.000000 0.000000
vt 1.000000 0.000000
vt 1.000000 1.000000
vt 0.000000 1.000000
vt 0.000000 0.000000
vt 1.000000 0.000000
vt 1.000000 1.000000
vt 0.000000 1.000000
vt 0.000000 0.000000
vt 1.000000 0.000000
vt 1.000000 1.000000
vt 0.000000 1.000000
vt 0.000000 0.000000
vt 1.000000 0.000000
vt 1.000000 1.000000
vt 0.000000 1.000000
vt 0.000000 0.000000
vt 1.000000 0.000000
vt 1.000000 1.000000
vt 0.000000 1.000000
vt 0.000000 0.000000
vt 1.000000 0.000000
vt 1.000000 1.000000
vt 0.000000 1.000000
vt 0.000000 0.000000
vt 1.000000 0.000000
vt 1.000000 1.000000
vt 0.000000 1.000000
vt 0.000000 0.000000
vt 1.000000 0.000000
vt 1.000000 1.000000
vt 0.000000 1.000000
vt 0.000000 0.000000
vt 1.000000 0.000000
vt 1.000000 1.000000
vt 0.000000 1.000000
vt 0.000000 0.000000
vt 1.000000 0.000000
vt 1.000000 1.000000
vt 0.000000 1.000000
vt 1.000000 0.500000
vt 0.904508 0.793893
vt 0.654508 0.975528
vt 0.345492 0.975528
vt 0.095492 0.793893
vt 0.000000 0.500000
vt 0.095492 0.206107
vt 0.345492 0.024472
vt 0.654508 0.024472
vt 0.904508 0.206107
vt 1.000000 0.500000
vt 0.904508 0.793893
vt 0.654508 0.975528
vt 0.345492 0.975528
vt 0.095492 0.793893
vt 0.000000 0.500000
vt 0.095492 0.206107
vt 0.345492 0.024472
vt 0.654508 0.024472
vt 0.904508 0.206107
vt 0.000000 0.000000
vt 1.000000 0.000000
vt 1.000000 1.000000
vt 0.000000 1.000000
vt 0.000000 0.000000
vt 1.000000 0.000000
vt 1.000000 1.000000
vt 0.000000 1.000000
vt 0.000000 0.000000
vt 1.000000 0.000000
vt 1.000000 1.000000
vt 0.000000 1.000000
vt 0.000000 0.000000
vt 1.000000 0.000000
vt 1.000000 1.000000
vt 0.000000 1.000000
vt 0.000000 0.000000
vt 1.000000 0.000000
vt 1.000000 1.000000
vt 0.000000 1.000000
vt 0.000000 0.000000
vt 1.000000 0.000000
vt 1.000000 1.000000
vt 0.000000 1.000000
vt 0.000000 0.000000
vt 1.000000 0.000000
vt 1.000000 1.000000
vt 0.000000 1.000000
vt 0.000000 0.000000
vt 1.000000 0.000000
vt 1.000000 1.000000
vt 0.000000 1.000000
vt 0.000000 0.000000
vt 1.000000 0.000000
vt 1.000000 1.000000
vt 0.000000 1.000000
vt 0.000000 0.000000
vt 1.000000 0.000000
vt 1.000000 1.000000
vt 0.000000 1.000000
vt 1.000000 0.500000
vt 0.904508 0.793893
vt 0.654508 0.975528
vt 0.345492 0.975528
vt 0.095492 0.793893
vt 0.000000 0.500000
vt 0.095492 0.206107
vt 0.345492 0.024472
vt 0.654508 0.024472
vt 0.904508 0.206107
vt 1.000000 0.500000
vt 0.904508 0.793893
vt 0.654508 0.975528
vt 0.345492 0.975528
vt 0.095492 0.793893
vt 0.000000 0.500000
vt 0.095492 0.206107
vt 0.345492 0.024472
vt 0.654508 0.024472
vt 0.904508 0.206107
vt 0.000000 0.000000
vt 1.000000 0.000000
vt 1.000000 1.000000
vt 0.000000 1.000000
vt 0.000000 0.000000
vt 1.000000 0.000000
vt 1.000000 1.000000
vt 0.000000 1.000000
vt 0.000000 0.000000
vt 1.000000 0.000000
vt 1.000000 1.000000
vt 0.000000 1.000000
vt 0.000000 0.000000
vt 1.000000 0.000000
vt 1.000000 1.000000
vt 0.000000 1.000000
vt 0.000000 0.000000
vt 1.000000 0.000000
vt 1.000000 1.000000
vt 0.000000 1.000000
vt 0.000000 0.000000
vt 1.000000 0.000000
vt 1.000000 1.000000
vt 0.000000 1.000000
vt 0.000000 0.000000
vt 1.000000 0.000000
vt 1.000000 1.000000
vt 0.000000 1.000000
vt 0.000000 0.000000
vt 1.000000 0.000000
vt 1.000000 1.000000
vt 0.000000 1.000000
vt 0.000000 0.000000
vt 1.000000 0.000000
vt 1.000000 1.000000
vt 0.000000 1.000000
vt 0.000000 0.000000
vt 1.000000 0.000000
vt 1.000000 1.000000
vt 0.000000 1.000000
vt 1.000000 0.500000
vt 0.904508 0.793893
vt 0.654508 0.975528
vt 0.345492 0.975528
vt 0.095492 0.793893
vt 0.000000 0.500000
vt 0.095492 0.206107
vt 0.345492 0.024472
vt 0.654508 0.024472
vt 0.904508 0.206107
vt 1.000000 0.500000
vt 0.904508 0.793893
vt 0.654508 0.975528
vt 0.345492 0.975528
vt 0.095492 0.793893
vt 0.000000 0.500000
vt 0.095492 0.206107
vt 0.345492 0.024472
vt 0.654508 0.024472
vt 0.904508 0.206107
vt 0.000000 0.000000
vt 1.000000 0.000000
vt 1.000000 1.000000
vt 0.000000 1.000000
vt 0.000000 0.000000
vt 1.000000 0.000000
vt 1.000000 1.000000
vt 0.000000 1.000000
vt 0.000000 0.000000
vt 1.000000 0.000000
vt 1.000000 1.000000
vt 0.000000 1.000000
vt 0.000000 0.000000
vt 1.000000 0.000000
vt 1.000000 1.000000
vt 0.000000 1.000000
vt 0.000000 0.000000
vt 1.000000 0.000000
vt 1.000000 1.000000
vt 0.000000 1.000000
vt 0.000000 0.000000
vt 1.000000 0.000000
vt 1.000000 1.000000
vt 0.000000 1.000000
vt 0.000000 0.000000
vt 1.000000 0.000000
vt 1.000000 1.000000
vt 0.000000 1.000000
vt 0.000000 0.000000
vt 1.000000 0.000000
vt 1.000000 1.000000
vt 0.000000 1.000000
vt 0.000000 0.000000
vt 1.000000 0.000000
vt 1.000000 1.000000
vt 0.000000 1.000000
vt 0.000000 0.000000
vt 1.000000 0.000000
vt 1.000000 1.000000
vt 0.000000 1.000000
vt 0.000000 0.000000
vt 1.000000 0.000000
vt 1.000000 1.000000
vt 0.000000 1.000000
vt 0.000000 0.000000
vt 1.000000 0.000000
vt 1.000000 1.000000
vt 0.000000 1.000000
vt 0.000000 0.000000
vt 1.000000 0.000000
vt 1.000000 1.000000
vt 0.000000 1.000000
vt 0.000000 0.000000
vt 1.000000 0.000000
vt 1.000000 1.000000
vt 0.000000 1.000000
vt 0.000000 0.000000
vt 1.000000 0.000000
vt 1.000000 1.000000
vt 0.000000 1.000000
vt 0.000000 0.000000
vt 1.000000 0.000000
vt 1.000000 1.000000
vt 0.000000 1.000000
vt 0.000000 0.000000
vt 1.000000 0.000000
vt 1.000000 1.000000
vt 0.000000 1.000000
vt 0.000000 0.000000
vt 1.000000 0.000000
vt 1.000000 1.000000
vt 0.000000 1.000000
vt 0.000000 0.000000
vt 1.000000 0.000000
vt 1.000000 1.000000
vt 0.000000 1.000000
vt 0.000000 0.000000
vt 1.000000 0.000000
vt 1.000000 1.000000
vt 0.000000 1.000000
vt 0.000000 0.000000
vt 1.000000 0.000000
vt 1.000000 1.000000
vt 0.000000 1.000000
vt 0.000000 0.000000
vt 1.000000 0.000000
vt 1.000000 1.000000
vt 0.000000 1.000000
vt 1.000000 0.500000
vt 0.904508 0.793893
vt 0.654508 0.975528
vt 0.345492 0.975528
vt 0.095492 0.793893
vt 0.000000 0.500000
vt 0.095492 0.206107
vt 0.345492 0.024472
vt 0.654508 0.024472
vt 0.904508 0.206107
vt 1.000000 0.500000
vt 0.904508 0.793893
vt 0.654508 0.975528
vt 0.345492 0.975528
vt 0.095492 0.793893
vt 0.000000 0.500000
vt 0.095492 0.206107
vt 0.345492 0.024472
vt 0.654508 0.024472
vt 0.904508 0.206107
vt 0.000000 0.000000
vt 1.000000 0.000000
vt 1.000000 1.000000
vt 0.000000 1.000000
vt 0.000000 0.000000
vt 1.000000 0.000000
vt 1.000000 1.000000
vt 0.000000 1.000000
vt 0.000000 0.000000
vt 1.000000 0.000000
vt 1.000000 1.000000
vt 0.000000 1.000000
vt 0.000000 0.000000
vt 1.000000 0.000000
vt 1.000000 1.000000
vt 0.000000 1.000000
vt 0.000000 0.000000
vt 1.000000 0.000000
vt 1.000000 1.000000
vt 0.000000 1.000000
vt 0.000000 0.000000
vt 1.000000 0.000000
vt 1.000000 1.000000
vt 0.000000 1.000000
vt 0.000000 0.000000
vt 1.000000 0.000000
vt 1.000000 1.000000
vt 0.000000 1.000000
vt 0.000000 0.000000
vt 1.000000 0.000000
vt 1.000000 1.000000
vt 0.000000 1.000000
vt 0.000000 0.000000
vt 1.000000 0.000000
vt 1.000000 1.000000
vt 0.000000 1.000000
vt 0.000000 0.000000
vt 1.000000 0.000000
vt 1.000000 1.000000
vt 0.000000 1.000000
vt 1.000000 0.500000
vt 0.904508 0.793893
vt 0.654508 0.975528
vt 0.345492 0.975528
vt 0.095492 0.793893
vt 0.000000 0.500000
vt 0.095492 0.206107
vt 0.345492 0.024472
vt 0.654508 0.024472
vt 0.904508 0.206107
vt 1.000000 0.500000
vt 0.904508 0.793893
vt 0.654508 0.975528
vt 0.345492 0.975528
vt 0.095492 0.793893
vt 0.000000 0.500000
vt 0.095492 0.206107
vt 0.345492 0.024472
vt 0.654508 0.024472
vt 0.904508 0.206107
vt 0.000000 0.000000
vt 1.000000 0.000000
vt 1.000000 1.000000
vt 0.000000 1.000000
vt 0.000000 0.000000
vt 1.000000 0.000000
vt 1.000000 1.000000
vt 0.000000 1.000000
vt 0.000000 0.000000
vt 1.000000 0.000000
vt 1.000000 1.000000
vt 0.000000 1.000000
vt 0.000000 0.000000
vt 1.000000 0.000000
vt 1.000000 1.000000
vt 0.000000 1.000000
vt 0.000000 0.000000
vt 1.000000 0.000000
vt 1.000000 1.000000
vt 0.000000 1.000000
vt 0.000000 0.000000
vt 1.000000 0.000000
vt 1.000000 1.000000
vt 0.000000 1.000000
vt 0.000000 0.000000
vt 1.000000 0.000000
vt 1.000000 1.000000
vt 0.000000 1.000000
vt 0.000000 0.000000
vt 1.000000 0.000000
vt 1.000000 1.000000
vt 0.000000 1.000000
vt 0.000000 0.000000
vt 1.000000 0.000000
vt 1.000000 1.000000
vt 0.000000 1.000000
vt 0.000000 0.000000
vt 1.000000 0.000000
vt 1.000000 1.000000
vt 0.000000 1.000000
vt 1.000000 0.500000
vt 0.904508 0.793893
vt 0.654508 0.975528
vt 0.345492 0.975528
vt 0.095492 0.793893
vt 0.000000 0.500000
vt 0.095492 0.206107
vt 0.345492 0.024472
vt 0.654508 0.024472
vt 0.904508 0.206107
vt 1.000000 0.500000
vt 0.904508 0.793893
vt 0.654508 0.975528
vt 0.345492 0.975528
vt 0.095492 0.793893
vt 0.000000 0.500000
vt 0.095492 0.206107
vt 0.345492 0.024472
vt 0.654508 0.024472
vt 0.904508 0.206107
vt 0.000000 0.000000
vt 1.000000 0.000000
vt 1.000000 1.000000
vt 0.000000 1.000000
vt 0.000000 0.000000
vt 1.000000 0.000000
vt 1.000000 1.000000
vt 0.000000 1.000000
vt 0.000000 0.000000
vt 1.000000 0.000000
vt 1.000000 1.000000
vt 0.000000 1.000000
vt 0.000000 0.000000
vt 1.000000 0.000000
vt 1.000000 1.000000
vt 0.000000 1.000000
vt 0.000000 0.000000
vt 1.000000 0.000000
vt 1.000000 1.000000
vt 0.000000 1.000000
vt 0.000000 0.000000
vt 1.000000 0.000000
vt 1.000000 1.000000
vt 0.000000 1.000000
vt 0.000000 0.000000
vt 1.000000 0.000000
vt 1.000000 1.000000
vt 0.000000 1.000000
vt 0.000000 0.000000
vt 1.000000 0.000000
vt 1.000000 1.000000
vt 0.000000 1.000000
vt 0.000000 0.000000
vt 1.000000 0.000000
vt 1.000000 1.000000
vt 0.000000 1.000000
vt 0.000000 0.000000
vt 1.000000 0.000000
vt 1.000000 1.000000
vt 0.000000 1.000000
vt 1.000000 0.500000
vt 0.904508 0.793893
vt 0.654508 0.975528
vt 0.345492 0.975528
vt 0.095492 0.793893
vt 0.000000 0.500000
vt 0.095492 0.206107
vt 0.345492 0.024472
vt 0.654508 0.024472
vt 0.904508 0.206107
vt 1.000000 0.500000
vt 0.904508 0.793893
vt 0.654508 0.975528
vt 0.345492 0.975528
vt 0.095492 0.793893
vt 0.000000 0.500000
vt 0.095492 0.206107
vt 0.345492 0.024472
vt 0.654508 0.024472
vt 0.904508 0.206107
vt 0.000000 0.000000
vt 1.000000 0.000000
vt 1.000000 1.000000
vt 0.000000 1.000000
vt 0.000000 0.000000
vt 1.000000 0.000000
vt 1.000000 1.000000
vt 0.000000 1.000000
vt 0.000000 0.000000
vt 1.000000 0.000000
vt 1.000000 1.000000
vt 0.000000 1.000000
vt 0.000000 0.000000
vt 1.000000 0.000000
vt 1.000000 1.000000
vt 0.000000 1.000000
vt 0.000000 0.000000
vt 1.000000 0.000000
vt 1.000000 1.000000
vt 0.000000 1.000000
vt 0.000000 0.000000
vt 1.000000 0.000000
vt 1.000000 1.000000
vt 0.000000 1.000000
vt 0.000000 0.000000
vt 1.000000 0.000000
vt 1.000000 1.000000
vt 0.000000 1.000000
vt 0.000000 0.000000
vt 1.000000 0.000000
vt 1.000000 1.000000
vt 0.000000 1.000000
vt 0.000000 0.000000
vt 1.000000 0.000000
vt 1.000000 1.000000
vt 0.000000 1.000000
vt 0.000000 0.000000
vt 1.000000 0.000000
vt 1.000000 1.000000
vt 0.000000 1.000000
vt 0.000000 0.000000
vt 1.000000 0.000000
vt 1.000000 1.000000
vt 0.000000 1.000000
vt 0.000000 0.000000
vt 1.000000 0.000000
vt 1.000000 1.000000
vt 0.000000 1.000000
vt 0.000000 0.000000
vt 1.000000 0.000000
vt 1.000000 1.000000
vt 0.000000 1.000000
vt 0.000000 0.000000
vt 1.000000 0.000000
vt 1.000000 1.000000
vt 0.000000 1.000000
vt 0.000000 0.000000
vt 1.000000 0.000000
vt 1.000000 1.000000
vt 0.000000 1.000000
vt 0.000000 0.000000
vt 1.000000 0.000000
vt 1.000000 1.000000
vt 0.000000 1.000000
vt 0.000000 0.000000
vt 1.000000 0.000000
vt 1.000000 1.000000
vt 0.000000 1.000000
vt 0.000000 0.000000
vt 1.000000 0.000000
vt 1.000000 1.000000
vt 0.000000 1.000000
vt 1.000000 0.500000
vt 0.969846 0.671010
vt 0.883022 0.821394
vt 0.750000 0.933013
vt 0.586824 0.992404
vt 0.413176 0.992404
vt 0.250000 0.933013
vt 0.116978 0.821394
vt 0.030154 0.671010
vt 0.000000 0.500000
vt 0.030154 0.328990
vt 0.116978 0.178606
vt 0.250000 0.066987
vt 0.413176 0.007596
vt 0.586824 0.007596
vt 0.750000 0.066987
vt 0.883022 0.178606
vt 0.969846 0.328990
vt 1.000000 0.500000
vt 0.969846 0.671010
vt 0.883022 0.821394
vt 0.750000 0.933013
vt 0.586824 0.992404
vt 0.413176 0.992404
vt 0.250000 0.933013
vt 0.116978 0.821394
vt 0.030154 0.671010
vt 0.000000 0.500000
vt 0.030154 0.328990
vt 0.116978 0.178606
vt 0.250000 0.066987
vt 0.413176 0.007596
vt 0.586824 0.007596
vt 0.750000 0.066987
vt 0.883022 0.178606
vt 0.969846 0.328990
vn 0.965926 0.000000 -0.258819
vn 0.707107 0.000000 -0.707107
vn 0.258819 0.000000 -0.965926
vn -0.258819 0.000000 -0.965926
vn -0.707107 0.000000 -0.707107
vn -0.965926 0.000000 -0.258819
vn -0.965926 0.000000 0.258819
vn -0.707107 0.000000 0.707107
vn -0.258819 0.000000 0.965926
vn 0.258819 0.000000 0.965926
vn 0.707107 0.000000 0.707107
vn 0.965926 0.000000 0.258819
vn 0.000000 -1.000000 0.000000
vn 0.000000 1.000000 0.000000
vn 0.965926 0.000000 -0.258819
vn 0.707107 0.000000 -0.707107
vn 0.258819 0.000000 -0.965926
vn -0.258819 0.000000 -0.965926
vn -0.707107 0.000000 -0.707107
vn -0.965926 0.000000 -0.258819
vn -0.965926 0.000000 0.258819
vn -0.707107 0.000000 0.707107
vn -0.258819 0.000000 0.965926
vn 0.258819 0.000000 0.965926
vn 0.707107 0.000000 0.707107
vn 0.965926 0.000000 0.258819
vn 0.000000 -1.000000 0.000000
vn 0.000000 1.000000 0.000000
vn 0.965926 0.000000 -0.258819
vn 0.707107 0.000000 -0.707107
vn 0.258819 0.000000 -0.965926
vn -0.258819 0.000000 -0.965926
vn -0.707107 0.000000 -0.707107
vn -0.965926 0.000000 -0.258819
vn -0.965926 0.000000 0.258819
vn -0.707107 0.000000 0.707107
vn -0.258819 0.000000 0.965926
vn 0.258819 0.000000 0.965926
vn 0.707107 0.000000 0.707107
vn 0.965926 0.000000 0.258819
vn 0.000000 -1.000000 0.000000
vn 0.000000 1.000000 0.000000
vn 0.965926 0.000000 -0.258819
vn 0.707107 0.000000 -0.707107
vn 0.258819 0.000000 -0.965926
vn -0.258819 0.000000 -0.965926
vn -0.707107 0.000000 -0.707107
vn -0.965926 0.000000 -0.258819
vn -0.965926 0.000000 0.258819
vn -0.707107 0.000000 0.707107
vn -0.258819 0.000000 0.965926
vn 0.258819 0.000000 0.965926
vn 0.707107 0.000000 0.707107
vn 0.965926 0.000000 0.258819
vn 0.000000 -1.000000 0.000000
vn 0.000000 1.000000 0.000000
vn 0.000000 -0.258819 0.965926
vn 0.000000 -0.707107 0.707107
vn 0.000000 -0.965926 0.258819
vn 0.000000 -0.965926 -0.258819
vn 0.000000 -0.707107 -0.707107
vn 0.000000 -0.258819 -0.965926
vn 0.000000 0.258819 -0.965926
vn 0.000000 0.707107 -0.707107
vn 0.000000 0.965926 -0.258819
vn 0.000000 0.965926 0.258819
vn 0.000000 0.707107 0.707107
vn 0.000000 0.258819 0.965926
vn -1.000000 0.000000 0.000000
vn 1.000000 0.000000 0.000000
vn 0.000000 -0.258819 0.965926
vn 0.000000 -0.707107 0.707107
vn 0.000000 -0.965926 0.258819
vn 0.000000 -0.965926 -0.258819
vn 0.000000 -0.707107 -0.707107
vn 0.000000 -0.258819 -0.965926
vn 0.000000 0.258819 -0.965926
vn 0.000000 0.707107 -0.707107
vn 0.000000 0.965926 -0.258819
vn 0.000000 0.965926 0.258819
vn 0.000000 0.707107 0.707107
vn 0.000000 0.258819 0.965926
vn -1.000000 0.000000 0.000000
vn 1.000000 0.000000 0.000000
vn 0.000000 -0.258819 0.965926
vn 0.000000 -0.707107 0.707107
vn 0.000000 -0.965926 0.258819
vn 0.000000 -0.965926 -0.258819
vn 0.000000 -0.707107 -0.707107
vn 0.000000 -0.258819 -0.965926
vn 0.000000 0.258819 -0.965926
vn 0.000000 0.707107 -0.707107
vn 0.000000 0.965926 -0.258819
vn 0.000000 0.965926 0.258819
vn 0.000000 0.707107 0.707107
vn 0.000000 0.258819 0.965926
vn -1.000000 0.000000 0.000000
vn 1.000000 0.000000 0.000000
vn 0.000000 -0.258819 0.965926
vn 0.000000 -0.707107 0.707107
vn 0.000000 -0.965926 0.258819
vn 0.000000 -0.965926 -0.258819
vn 0.000000 -0.707107 -0.707107
vn 0.000000 -0.258819 -0.965926
vn 0.000000 0.258819 -0.965926
vn 0.000000 0.707107 -0.707107
vn 0.000000 0.965926 -0.258819
vn 0.000000 0.965926 0.258819
vn 0.000000 0.707107 0.707107
vn 0.000000 0.258819 0.965926
vn -1.000000 0.000000 0.000000
vn 1.000000 0.000000 0.000000
vn 0.000000 -0.258819 0.965926
vn 0.000000 -0.707107 0.707107
vn 0.000000 -0.965926 0.258819
vn 0.000000 -0.965926 -0.258819
vn 0.000000 -0.707107 -0.707107
vn 0.000000 -0.258819 -0.965926
vn 0.000000 0.258819 -0.965926
vn 0.000000 0.707107 -0.707107
vn 0.000000 0.965926 -0.258819
vn 0.000000 0.965926 0.258819
vn 0.000000 0.707107 0.707107
vn 0.000000 0.258819 0.965926
vn -1.000000 0.000000 0.000000
vn 1.000000 0.000000 0.000000
vn 0.000000 -0.258819 0.965926
vn 0.000000 -0.707107 0.707107
vn 0.000000 -0.965926 0.258819
vn 0.000000 -0.965926 -0.258819
vn 0.000000 -0.707107 -0.707107
vn 0.000000 -0.258819 -0.965926
vn 0.000000 0.258819 -0.965926
vn 0.000000 0.707107 -0.707107
vn 0.000000 0.965926 -0.258819
vn 0.000000 0.965926 0.258819
vn 0.000000 0.707107 0.707107
vn 0.000000 0.258819 0.965926
vn -1.000000 0.000000 0.000000
vn 1.000000 0.000000 0.000000
vn 0.000000 0.000000 1.000000
vn 0.000000 0.000000 -1.000000
vn 1.000000 0.000000 0.000000
vn -1.000000 0.000000 0.000000
vn 0.000000 -1.000000 0.000000
vn -0.000000 1.000000 0.000000
vn 0.000000 0.000000 1.000000
vn 0.000000 0.000000 -1.000000
vn 1.000000 0.000000 0.000000
vn -1.000000 0.000000 0.000000
vn 0.000000 -1.000000 0.000000
vn -0.000000 1.000000 0.000000
vn -0.965926 -0.258819 0.000000
vn -0.707107 -0.707107 0.000000
vn -0.258819 -0.965926 0.000000
vn 0.258819 -0.965926 0.000000
vn 0.707107 -0.707107 0.000000
vn 0.965926 -0.258819 0.000000
vn 0.965926 0.258819 0.000000
vn 0.707107 0.707107 0.000000
vn 0.258819 0.965926 0.000000
vn -0.258819 0.965926 0.000000
vn -0.707107 0.707107 0.000000
vn -0.965926 0.258819 0.000000
vn 0.000000 0.000000 -1.000000
vn 0.000000 0.000000 1.000000
vn -0.965926 -0.258819 0.000000
vn -0.707107 -0.707107 0.000000
vn -0.258819 -0.965926 0.000000
vn 0.258819 -0.965926 0.000000
vn 0.707107 -0.707107 0.000000
vn 0.965926 -0.258819 0.000000
vn 0.965926 0.258819 0.000000
vn 0.707107 0.707107 0.000000
vn 0.258819 0.965926 0.000000
vn -0.258819 0.965926 0.000000
vn -0.707107 0.707107 0.000000
vn -0.965926 0.258819 0.000000
vn 0.000000 0.000000 -1.000000
vn 0.000000 0.000000 1.000000
vn -0.965926 -0.258819 0.000000
vn -0.707107 -0.707107 0.000000
vn -0.258819 -0.965926 0.000000
vn 0.258819 -0.965926 0.000000
vn 0.707107 -0.707107 0.000000
vn 0.965926 -0.258819 0.000000
vn 0.965926 0.258819 0.000000
vn 0.707107 0.707107 0.000000
vn 0.258819 0.965926 0.000000
vn -0.258819 0.965926 0.000000
vn -0.707107 0.707107 0.000000
vn -0.965926 0.258819 0.000000
vn 0.000000 0.000000 -1.000000
vn 0.000000 0.000000 1.000000
vn -0.965926 -0.258819 0.000000
vn -0.707107 -0.707107 0.000000
vn -0.258819 -0.965926 0.000000
vn 0.258819 -0.965926 0.000000
vn 0.707107 -0.707107 0.000000
vn 0.965926 -0.258819 0.000000
vn 0.965926 0.258819 0.000000
vn 0.707107 0.707107 0.000000
vn 0.258819 0.965926 0.000000
vn -0.258819 0.965926 0.000000
vn -0.707107 0.707107 0.000000
vn -0.965926 0.258819 0.000000
vn 0.000000 0.000000 -1.000000
vn 0.000000 0.000000 1.000000
vn 0.000000 0.000000 1.000000
vn 0.000000 0.000000 -1.000000
vn 1.000000 0.000000 0.000000
vn -1.000000 0.000000 0.000000
vn 0.000000 -1.000000 0.000000
vn -0.000000 1.000000 0.000000
vn 0.000000 0.000000 1.000000
vn 0.000000 0.000000 -1.000000
vn 1.000000 0.000000 0.000000
vn -1.000000 0.000000 0.000000
vn 0.000000 -1.000000 0.000000
vn -0.000000 1.000000 0.000000
vn -0.965926 -0.258819 0.000000
vn -0.707107 -0.707107 0.000000
vn -0.258819 -0.965926 0.000000
vn 0.258819 -0.965926 0.000000
vn 0.707107 -0.707107 0.000000
vn 0.965926 -0.258819 0.000000
vn 0.965926 0.258819 0.000000
vn 0.707107 0.707107 0.000000
vn 0.258819 0.965926 0.000000
vn -0.258819 0.965926 0.000000
vn -0.707107 0.707107 0.000000
vn -0.965926 0.258819 0.000000
vn 0.000000 0.000000 -1.000000
vn 0.000000 0.000000 1.000000
vn -0.965926 -0.258819 0.000000
vn -0.707107 -0.707107 0.000000
vn -0.258819 -0.965926 0.000000
vn 0.258819 -0.965926 0.000000
vn 0.707107 -0.707107 0.000000
vn 0.965926 -0.258819 0.000000
vn 0.965926 0.258819 0.000000
vn 0.707107 0.707107 0.000000
vn 0.258819 0.965926 0.000000
vn -0.258819 0.965926 0.000000
vn -0.707107 0.707107 0.000000
vn -0.965926 0.258819 0.000000
vn 0.000000 0.000000 -1.000000
vn 0.000000 0.000000 1.000000
vn -0.965926 -0.258819 0.000000
vn -0.707107 -0.707107 0.000000
vn -0.258819 -0.965926 0.000000
vn 0.258819 -0.965926 0.000000
vn 0.707107 -0.707107 0.000000
vn 0.965926 -0.258819 0.000000
vn 0.965926 0.258819 0.000000
vn 0.707107 0.707107 0.000000
vn 0.258819 0.965926 0.000000
vn -0.258819 0.965926 0.000000
vn -0.707107 0.707107 0.000000
vn -0.965926 0.258819 0.000000
vn 0.000000 0.000000 -1.000000
vn 0.000000 0.000000 1.000000
vn -0.965926 -0.258819 0.000000
vn -0.707107 -0.707107 0.000000
vn -0.258819 -0.965926 0.000000
vn 0.258819 -0.965926 0.000000
vn 0.707107 -0.707107 0.000000
vn 0.965926 -0.258819 0.000000
vn 0.965926 0.258819 0.000000
vn 0.707107 0.707107 0.000000
vn 0.258819 0.965926 0.000000
vn -0.258819 0.965926 0.000000
vn -0.707107 0.707107 0.000000
vn -0.965926 0.258819 0.000000
vn 0.000000 0.000000 -1.000000
vn 0.000000 0.000000 1.000000
vn 0.000000 0.000000 1.000000
vn 0.000000 0.000000 -1.000000
vn 1.000000 0.000000 0.000000
vn -1.000000 0.000000 0.000000
vn 0.000000 -1.000000 0.000000
vn -0.000000 1.000000 0.000000
vn 0.000000 0.000000 1.000000
vn 0.000000 0.000000 -1.000000
vn 1.000000 0.000000 0.000000
vn -1.000000 0.000000 0.000000
vn 0.000000 -1.000000 0.000000
vn -0.000000 1.000000 0.000000
vn -0.951057 -0.309017 0.000000
vn -0.587785 -0.809017 0.000000
vn 0.000000 -1.000000 0.000000
vn 0.587785 -0.809017 0.000000
vn 0.951057 -0.309017 0.000000
vn 0.951057 0.309017 0.000000
vn 0.587785 0.809017 0.000000
vn 0.000000 1.000000 0.000000
vn -0.587785 0.809017 0.000000
vn -0.951057 0.309017 0.000000
vn 0.000000 0.000000 -1.000000
vn 0.000000 0.000000 1.000000
vn -0.951057 -0.309017 0.000000
vn -0.587785 -0.809017 0.000000
vn 0.000000 -1.000000 0.000000
vn 0.587785 -0.809017 0.000000
vn 0.951057 -0.309017 0.000000
vn 0.951057 0.309017 0.000000
vn 0.587785 0.809017 0.000000
vn 0.000000 1.000000 0.000000
vn -0.587785 0.809017 0.000000
vn -0.951057 0.309017 0.000000
vn 0.000000 0.000000 -1.000000
vn 0.000000 0.000000 1.000000
vn -0.951057 -0.309017 0.000000
vn -0.587785 -0.809017 0.000000
vn 0.000000 -1.000000 0.000000
vn 0.587785 -0.809017 0.000000
vn 0.951057 -0.309017 0.000000
vn 0.951057 0.309017 0.000000
vn 0.587785 0.809017 0.000000
vn 0.000000 1.000000 0.000000
vn -0.587785 0.809017 0.000000
vn -0.951057 0.309017 0.000000
vn 0.000000 0.000000 -1.000000
vn 0.000000 0.000000 1.000000
vn -0.951057 -0.309017 0.000000
vn -0.587785 -0.809017 0.000000
vn 0.000000 -1.000000 0.000000
vn 0.587785 -0.809017 0.000000
vn 0.951057 -0.309017 0.000000
vn 0.951057 0.309017 0.000000
vn 0.587785 0.809017 0.000000
vn 0.000000 1.000000 0.000000
vn -0.587785 0.809017 0.000000
vn -0.951057 0.309017 0.000000
vn 0.000000 0.000000 -1.000000
vn 0.000000 0.000000 1.000000
vn 0.000000 0.000000 1.000000
vn 0.000000 0.000000 -1.000000
vn 1.000000 0.000000 0.000000
vn -1.000000 0.000000 0.000000
vn 0.000000 -1.000000 0.000000
vn -0.000000 1.000000 0.000000
vn 0.000000 0.000000 1.000000
vn 0.000000 0.000000 -1.000000
vn 1.000000 0.000000 0.000000
vn -1.000000 0.000000 0.000000
vn 0.000000 -1.000000 0.000000
vn -0.000000 1.000000 0.000000
vn 0.000000 0.000000 1.000000
vn 0.000000 0.000000 -1.000000
vn 1.000000 0.000000 0.000000
vn -1.000000 0.000000 0.000000
vn 0.000000 -1.000000 0.000000
vn -0.000000 1.000000 0.000000
vn 0.000000 0.000000 1.000000
vn 0.000000 0.000000 -1.000000
vn 1.000000 0.000000 0.000000
vn -1.000000 0.000000 0.000000
vn 0.000000 -1.000000 0.000000
vn -0.000000 1.000000 0.000000
vn 0.000000 0.000000 1.000000
vn 0.000000 0.000000 -1.000000
vn 1.000000 0.000000 0.000000
vn -1.000000 0.000000 0.000000
vn 0.000000 -1.000000 0.000000
vn -0.000000 1.000000 0.000000
vn 0.000000 0.000000 1.000000
vn 0.000000 0.000000 -1.000000
vn 1.000000 0.000000 0.000000
vn -1.000000 0.000000 0.000000
vn 0.000000 -1.000000 0.000000
vn -0.000000 1.000000 0.000000
vn 0.000000 0.000000 1.000000
vn 0.000000 0.000000 -1.000000
vn 1.000000 0.000000 0.000000
vn -1.000000 0.000000 0.000000
vn 0.000000 -1.000000 0.000000
vn -0.000000 1.000000 0.000000
vn 0.000000 0.000000 1.000000
vn 0.000000 0.000000 -1.000000
vn 1.000000 0.000000 0.000000
vn -1.000000 0.000000 0.000000
vn 0.000000 -1.000000 0.000000
vn -0.000000 1.000000 0.000000
vn -0.025479 -0.433135 -0.900969
vn -0.057250 -0.973246 -0.222521
vn -0.045911 -0.780482 0.623490
vn 0.000000 -0.000000 1.000000
vn 0.045911 0.780482 0.623490
vn 0.057250 0.973246 -0.222521
vn 0.025479 0.433135 -0.900969
vn 0.998274 -0.058722 -0.000000
vn -0.998274 0.058722 0.000000
vn 0.194039 -0.388077 -0.900969
vn 0.436001 -0.872002 -0.222521
vn 0.349646 -0.699291 0.623490
vn 0.000000 0.000000 1.000000
vn -0.349646 0.699291 0.623490
vn -0.436001 0.872002 -0.222521
vn -0.194039 0.388077 -0.900969
vn 0.894427 0.447214 0.000000
vn -0.894427 -0.447214 0.000000
vn 0.306802 -0.306802 -0.900969
vn 0.689378 -0.689378 -0.222521
vn 0.552838 -0.552838 0.623490
vn 0.000000 0.000000 1.000000
vn -0.552838 0.552838 0.623490
vn -0.689378 0.689378 -0.222521
vn -0.306802 0.306802 -0.900969
vn 0.707107 0.707107 0.000000
vn -0.707107 -0.707107 0.000000
vn 0.000000 0.000000 1.000000
vn 0.000000 0.000000 -1.000000
vn 1.000000 0.000000 0.000000
vn -1.000000 0.000000 0.000000
vn 0.000000 -1.000000 0.000000
vn -0.000000 1.000000 0.000000
vn 0.000000 0.000000 1.000000
vn 0.000000 0.000000 -1.000000
vn 1.000000 0.000000 0.000000
vn -1.000000 0.000000 0.000000
vn 0.000000 -1.000000 0.000000
vn -0.000000 1.000000 0.000000
vn -0.951057 -0.309017 0.000000
vn -0.587785 -0.809017 0.000000
vn 0.000000 -1.000000 0.000000
vn 0.587785 -0.809017 0.000000
vn 0.951057 -0.309017 0.000000
vn 0.951057 0.309017 0.000000
vn 0.587785 0.809017 0.000000
vn 0.000000 1.000000 0.000000
vn -0.587785 0.809017 0.000000
vn -0.951057 0.309017 0.000000
vn 0.000000 0.000000 -1.000000
vn 0.000000 0.000000 1.000000
vn -0.951057 -0.309017 0.000000
vn -0.587785 -0.809017 0.000000
vn 0.000000 -1.000000 0.000000
vn 0.587785 -0.809017 0.000000
vn 0.951057 -0.309017 0.000000
vn 0.951057 0.309017 0.000000
vn 0.587785 0.809017 0.000000
vn 0.000000 1.000000 0.000000
vn -0.587785 0.809017 0.000000
vn -0.951057 0.309017 0.000000
vn 0.000000 0.000000 -1.000000
vn 0.000000 0.000000 1.000000
vn -0.951057 -0.309017 0.000000
vn -0.587785 -0.809017 0.000000
vn 0.000000 -1.000000 0.000000
vn 0.587785 -0.809017 0.000000
vn 0.951057 -0.309017 0.000000
vn 0.951057 0.309017 0.000000
vn 0.587785 0.809017 0.000000
vn 0.000000 1.000000 0.000000
vn -0.587785 0.809017 0.000000
vn -0.951057 0.309017 0.000000
vn 0.000000 0.000000 -1.000000
vn 0.000000 0.000000 1.000000
vn -0.951057 -0.309017 0.000000
vn -0.587785 -0.809017 0.000000
vn 0.000000 -1.000000 0.000000
vn 0.587785 -0.809017 0.000000
vn 0.951057 -0.309017 0.000000
vn 0.951057 0.309017 0.000000
vn 0.587785 0.809017 0.000000
vn 0.000000 1.000000 0.000000
vn -0.587785 0.809017 0.000000
vn -0.951057 0.309017 0.000000
vn 0.000000 0.000000 -1.000000
vn 0.000000 0.000000 1.000000
vn 0.000000 0.000000 1.000000
vn 0.000000 0.000000 -1.000000
vn 1.000000 0.000000 0.000000
vn -1.000000 0.000000 0.000000
vn 0.000000 -1.000000 0.000000
vn -0.000000 1.000000 0.000000
vn 0.000000 0.000000 1.000000
vn 0.000000 0.000000 -1.000000
vn 1.000000 0.000000 0.000000
vn -1.000000 0.000000 0.000000
vn 0.000000 -1.000000 0.000000
vn -0.000000 1.000000 0.000000
vn -0.951057 -0.309017 0.000000
vn -0.587785 -0.809017 0.000000
vn 0.000000 -1.000000 0.000000
vn 0.587785 -0.809017 0.000000
vn 0.951057 -0.309017 0.000000
vn 0.951057 0.309017 0.000000
vn 0.587785 0.809017 0.000000
vn 0.000000 1.000000 0.000000
vn -0.587785 0.809017 0.000000
vn -0.951057 0.309017 0.000000
vn 0.000000 0.000000 -1.000000
vn 0.000000 0.000000 1.000000
vn -0.951057 -0.309017 0.000000
vn -0.587785 -0.809017 0.000000
vn 0.000000 -1.000000 0.000000
vn 0.587785 -0.809017 0.000000
vn 0.951057 -0.309017 0.000000
vn 0.951057 0.309017 0.000000
vn 0.587785 0.809017 0.000000
vn 0.000000 1.000000 0.000000
vn -0.587785 0.809017 0.000000
vn -0.951057 0.309017 0.000000
vn 0.000000 0.000000 -1.000000
vn 0.000000 0.000000 1.000000
vn -0.951057 -0.309017 0.000000
vn -0.587785 -0.809017 0.000000
vn 0.000000 -1.000000 0.000000
vn 0.587785 -0.809017 0.000000
vn 0.951057 -0.309017 0.000000
vn 0.951057 0.309017 0.000000
vn 0.587785 0.809017 0.000000
vn 0.000000 1.000000 0.000000
vn -0.587785 0.809017 0.000000
vn -0.951057 0.309017 0.000000
vn 0.000000 0.000000 -1.000000
vn 0.000000 0.000000 1.000000
vn -0.951057 -0.309017 0.000000
vn -0.587785 -0.809017 0.000000
vn 0.000000 -1.000000 0.000000
vn 0.587785 -0.809017 0.000000
vn 0.951057 -0.309017 0.000000
vn 0.951057 0.309017 0.000000
vn 0.587785 0.809017 0.000000
vn 0.000000 1.000000 0.000000
vn -0.587785 0.809017 0.000000
vn -0.951057 0.309017 0.000000
vn 0.000000 0.000000 -1.000000
vn 0.000000 0.000000 1.000000
vn -0.984808 0.000000 -0.173648
vn -0.866025 0.000000 -0.500000
vn -0.642788 0.000000 -0.766044
vn -0.342020 0.000000 -0.939693
vn 0.000000 0.000000 -1.000000
vn 0.342020 0.000000 -0.939693
vn 0.642788 0.000000 -0.766044
vn 0.866025 0.000000 -0.500000
vn 0.984808 0.000000 -0.173648
vn 0.984808 0.000000 0.173648
vn 0.866025 0.000000 0.500000
vn 0.642788 0.000000 0.766044
vn 0.342020 0.000000 0.939693
vn 0.000000 0.000000 1.000000
vn -0.342020 0.000000 0.939693
vn -0.642788 0.000000 0.766044
vn -0.866025 0.000000 0.500000
vn -0.984808 0.000000 0.173648
vn 0.000000 1.000000 0.000000
vn 0.000000 -1.000000 0.000000
usemtl painted_metal
f 1/1/1 3/2/1 4/3/1 2/4/1
f 3/5/2 5/6/2 6/7/2 4/8/2
f 5/9/3 7/10/3 8/11/3 6/12/3
f 7/13/4 9/14/4 10/15/4 8/16/4
f 9/17/5 11/18/5 12/19/5 10/20/5
f 11/21/6 13/22/6 14/23/6 12/24/6
f 13/25/7 15/26/7 16/27/7 14/28/7
f 15/29/8 17/30/8 18/31/8 16/32/8
f 17/33/9 19/34/9 20/35/9 18/36/9
f 19/37/10 21/38/10 22/39/10 20/40/10
f 21/41/11 23/42/11 24/43/11 22/44/11
f 23/45/12 1/46/12 2/47/12 24/48/12
f 23/49/13 21/50/13 19/51/13 17/52/13 15/53/13 13/54/13 11/55/13 9/56/13 7/57/13 5/58/13 3/59/13 1/60/13
f 2/61/14 4/62/14 6/63/14 8/64/14 10/65/14 12/66/14 14/67/14 16/68/14 18/69/14 20/70/14 22/71/14 24/72/14
f 25/73/15 27/74/15 28/75/15 26/76/15
f 27/77/16 29/78/16 30/79/16 28/80/16
f 29/81/17 31/82/17 32/83/17 30/84/17
f 31/85/18 33/86/18 34/87/18 32/88/18
f 33/89/19 35/90/19 36/91/19 34/92/19
f 35/93/20 37/94/20 38/95/20 36/96/20
f 37/97/21 39/98/21 40/99/21 38/100/21
f 39/101/22 41/102/22 42/103/22 40/104/22
f 41/105/23 43/106/23 44/107/23 42/108/23
f 43/109/24 45/110/24 46/111/24 44/112/24
f 45/113/25 47/114/25 48/115/25 46/116/25
f 47/117/26 25/118/26 26/119/26 48/120/26
f 47/121/27 45/122/27 43/123/27 41/124/27 39/125/27 37/126/27 35/127/27 33/128/27 31/129/27 29/130/27 27/131/27 25/132/27
f 26/133/28 28/134/28 30/135/28 32/136/28 34/137/28 36/138/28 38/139/28 40/140/28 42/141/28 44/142/28 46/143/28 48/144/28
f 49/145/29 51/146/29 52/147/29 50/148/29
f 51/149/30 53/150/30 54/151/30 52/152/30
f 53/153/31 55/154/31 56/155/31 54/156/31
f 55/157/32 57/158/32 58/159/32 56/160/32
f 57/161/33 59/162/33 60/163/33 58/164/33
f 59/165/34 61/166/34 62/167/34 60/168/34
f 61/169/35 63/170/35 64/171/35 62/172/35
f 63/173/36 65/174/36 66/175/36 64/176/36
f 65/177/37 67/178/37 68/179/37 66/180/37
f 67/181/38 69/182/38 70/183/38 68/184/38
f 69/185/39 71/186/39 72/187/39 70/188/39
f 71/189/40 49/190/40 50/191/40 72/192/40
f 71/193/41 69/194/41 67/195/41 65/196/41 63/197/41 61/198/41 59/199/41 57/200/41 55/201/41 53/202/41 51/203/41 49/204/41
f 50/205/42 52/206/42 54/207/42 56/208/42 58/209/42 60/210/42 62/211/42 64/212/42 66/213/42 68/214/42 70/215/42 72/216/42
f 73/217/43 75/218/43 76/219/43 74/220/43
f 75/221/44 77/222/44 78/223/44 76/224/44
f 77/225/45 79/226/45 80/227/45 78/228/45
f 79/229/46 81/230/46 82/231/46 80/232/46
f 81/233/47 83/234/47 84/235/47 82/236/47
f 83/237/48 85/238/48 86/239/48 84/240/48
f 85/241/49 87/242/49 88/243/49 86/244/49
f 87/245/50 89/246/50 90/247/50 88/248/50
f 89/249/51 91/250/51 92/251/51 90/252/51
f 91/253/52 93/254/52 94/255/52 92/256/52
f 93/257/53 95/258/53 96/259/53 94/260/53
f 95/261/54 73/262/54 74/263/54 96/264/54
f 95/265/55 93/266/55 91/267/55 89/268/55 87/269/55 85/270/55 83/271/55 81/272/55 79/273/55 77/274/55 75/275/55 73/276/55
f 74/277/56 76/278/56 78/279/56 80/280/56 82/281/56 84/282/56 86/283/56 88/284/56 90/285/56 92/286/56 94/287/56 96/288/56
f 97/289/57 99/290/57 100/291/57 98/292/57
f 99/293/58 101/294/58 102/295/58 100/296/58
f 101/297/59 103/298/59 104/299/59 102/300/59
f 103/301/60 105/302/60 106/303/60 104/304/60
f 105/305/61 107/306/61 108/307/61 106/308/61
f 107/309/62 109/310/62 110/311/62 108/312/62
f 109/313/63 111/314/63 112/315/63 110/316/63
f 111/317/64 113/318/64 114/319/64 112/320/64
f 113/321/65 115/322/65 116/323/65 114/324/65
f 115/325/66 117/326/66 118/327/66 116/328/66
f 117/329/67 119/330/67 120/331/67 118/332/67
f 119/333/68 97/334/68 98/335/68 120/336/68
f 119/337/69 117/338/69 115/339/69 113/340/69 111/341/69 109/342/69 107/343/69 105/344/69 103/345/69 101/346/69 99/347/69 97/348/69
f 98/349/70 100/350/70 102/351/70 104/352/70 106/353/70 108/354/70 110/355/70 112/356/70 114/357/70 116/358/70 118/359/70 120/360/70
f 121/361/71 123/362/71 124/363/71 122/364/71
f 123/365/72 125/366/72 126/367/72 124/368/72
f 125/369/73 127/370/73 128/371/73 126/372/73
f 127/373/74 129/374/74 130/375/74 128/376/74
f 129/377/75 131/378/75 132/379/75 130/380/75
f 131/381/76 133/382/76 134/383/76 132/384/76
f 133/385/77 135/386/77 136/387/77 134/388/77
f 135/389/78 137/390/78 138/391/78 136/392/78
f 137/393/79 139/394/79 140/395/79 138/396/79
f 139/397/80 141/398/80 142/399/80 140/400/80
f 141/401/81 143/402/81 144/403/81 142/404/81
f 143/405/82 121/406/82 122/407/82 144/408/82
f 143/409/83 141/410/83 139/411/83 137/412/83 135/413/83 133/414/83 131/415/83 129/416/83 127/417/83 125/418/83 123/419/83 121/420/83
f 122/421/84 124/422/84 126/423/84 128/424/84 130/425/84 132/426/84 134/427/84 136/428/84 138/429/84 140/430/84 142/431/84 144/432/84
f 145/433/85 147/434/85 148/435/85 146/436/85
f 147/437/86 149/438/86 150/439/86 148/440/86
f 149/441/87 151/442/87 152/443/87 150/444/87
f 151/445/88 153/446/88 154/447/88 152/448/88
f 153/449/89 155/450/89 156/451/89 154/452/89
f 155/453/90 157/454/90 158/455/90 156/456/90
f 157/457/91 159/458/91 160/459/91 158/460/91
f 159/461/92 161/462/92 162/463/92 160/464/92
f 161/465/93 163/466/93 164/467/93 162/468/93
f 163/469/94 165/470/94 166/471/94 164/472/94
f 165/473/95 167/474/95 168/475/95 166/476/95
f 167/477/96 145/478/96 146/479/96 168/480/96
f 167/481/97 165/482/97 163/483/97 161/484/97 159/485/97 157/486/97 155/487/97 153/488/97 151/489/97 149/490/97 147/491/97 145/492/97
f 146/493/98 148/494/98 150/495/98 152/496/98 154/497/98 156/498/98 158/499/98 160/500/98 162/501/98 164/502/98 166/503/98 168/504/98
f 169/505/99 171/506/99 172/507/99 170/508/99
f 171/509/100 173/510/100 174/511/100 172/512/100
f 173/513/101 175/514/101 176/515/101 174/516/101
f 175/517/102 177/518/102 178/519/102 176/520/102
f 177/521/103 179/522/103 180/523/103 178/524/103
f 179/525/104 181/526/104 182/527/104 180/528/104
f 181/529/105 183/530/105 184/531/105 182/532/105
f 183/533/106 185/534/106 186/535/106 184/536/106
f 185/537/107 187/538/107 188/539/107 186/540/107
f 187/541/108 189/542/108 190/543/108 188/544/108
f 189/545/109 191/546/109 192/547/109 190/548/109
f 191/549/110 169/550/110 170/551/110 192/552/110
f 191/553/111 189/554/111 187/555/111 185/556/111 183/557/111 181/558/111 179/559/111 177/560/111 175/561/111 173/562/111 171/563/111 169/564/111
f 170/565/112 172/566/112 174/567/112 176/568/112 178/569/112 180/570/112 182/571/112 184/572/112 186/573/112 188/574/112 190/575/112 192/576/112
f 193/577/113 195/578/113 196/579/113 194/580/113
f 195/581/114 197/582/114 198/583/114 196/584/114
f 197/585/115 199/586/115 200/587/115 198/588/115
f 199/589/116 201/590/116 202/591/116 200/592/116
f 201/593/117 203/594/117 204/595/117 202/596/117
f 203/597/118 205/598/118 206/599/118 204/600/118
f 205/601/119 207/602/119 208/603/119 206/604/119
f 207/605/120 209/606/120 210/607/120 208/608/120
f 209/609/121 211/610/121 212/611/121 210/612/121
f 211/613/122 213/614/122 214/615/122 212/616/122
f 213/617/123 215/618/123 216/619/123 214/620/123
f 215/621/124 193/622/124 194/623/124 216/624/124
f 215/625/125 213/626/125 211/627/125 209/628/125 207/629/125 205/630/125 203/631/125 201/632/125 199/633/125 197/634/125 195/635/125 193/636/125
f 194/637/126 196/638/126 198/639/126 200/640/126 202/641/126 204/642/126 206/643/126 208/644/126 210/645/126 212/646/126 214/647/126 216/648/126
f 217/649/127 219/650/127 220/651/127 218/652/127
f 219/653/128 221/654/128 222/655/128 220/656/128
f 221/657/129 223/658/129 224/659/129 222/660/129
f 223/661/130 225/662/130 226/663/130 224/664/130
f 225/665/131 227/666/131 228/667/131 226/668/131
f 227/669/132 229/670/132 230/671/132 228/672/132
f 229/673/133 231/674/133 232/675/133 230/676/133
f 231/677/134 233/678/134 234/679/134 232/680/134
f 233/681/135 235/682/135 236/683/135 234/684/135
f 235/685/136 237/686/136 238/687/136 236/688/136
f 237/689/137 239/690/137 240/691/137 238/692/137
f 239/693/138 217/694/138 218/695/138 240/696/138
f 239/697/139 237/698/139 235/699/139 233/700/139 231/701/139 229/702/139 227/703/139 225/704/139 223/705/139 221/706/139 219/707/139 217/708/139
f 218/709/140 220/710/140 222/711/140 224/712/140 226/713/140 228/714/140 230/715/140 232/716/140 234/717/140 236/718/140 238/719/140 240/720/140
usemtl soft_white
f 241/721/141 242/722/141 243/723/141 244/724/141
f 246/725/142 245/726/142 248/727/142 247/728/142
f 245/729/143 241/730/143 244/731/143 248/732/143
f 242/733/144 246/734/144 247/735/144 243/736/144
f 244/737/145 243/738/145 247/739/145 248/740/145
f 245/741/146 246/742/146 242/743/146 241/744/146
f 249/745/147 250/746/147 251/747/147 252/748/147
f 254/749/148 253/750/148 256/751/148 255/752/148
f 253/753/149 249/754/149 252/755/149 256/756/149
f 250/757/150 254/758/150 255/759/150 251/760/150
f 252/761/151 251/762/151 255/763/151 256/764/151
f 253/765/152 254/766/152 250/767/152 249/768/152
f 257/769/153 259/770/153 260/771/153 258/772/153
f 259/773/154 261/774/154 262/775/154 260/776/154
f 261/777/155 263/778/155 264/779/155 262/780/155
f 263/781/156 265/782/156 266/783/156 264/784/156
f 265/785/157 267/786/157 268/787/157 266/788/157
f 267/789/158 269/790/158 270/791/158 268/792/158
f 269/793/159 271/794/159 272/795/159 270/796/159
f 271/797/160 273/798/160 274/799/160 272/800/160
f 273/801/161 275/802/161 276/803/161 274/804/161
f 275/805/162 277/806/162 278/807/162 276/808/162
f 277/809/163 279/810/163 280/811/163 278/812/163
f 279/813/164 257/814/164 258/815/164 280/816/164
f 279/817/165 277/818/165 275/819/165 273/820/165 271/821/165 269/822/165 267/823/165 265/824/165 263/825/165 261/826/165 259/827/165 257/828/165
f 258/829/166 260/830/166 262/831/166 264/832/166 266/833/166 268/834/166 270/835/166 272/836/166 274/837/166 276/838/166 278/839/166 280/840/166
f 281/841/167 283/842/167 284/843/167 282/844/167
f 283/845/168 285/846/168 286/847/168 284/848/168
f 285/849/169 287/850/169 288/851/169 286/852/169
f 287/853/170 289/854/170 290/855/170 288/856/170
f 289/857/171 291/858/171 292/859/171 290/860/171
f 291/861/172 293/862/172 294/863/172 292/864/172
f 293/865/173 295/866/173 296/867/173 294/868/173
f 295/869/174 297/870/174 298/871/174 296/872/174
f 297/873/175 299/874/175 300/875/175 298/876/175
f 299/877/176 301/878/176 302/879/176 300/880/176
f 301/881/177 303/882/177 304/883/177 302/884/177
f 303/885/178 281/886/178 282/887/178 304/888/178
f 303/889/179 301/890/179 299/891/179 297/892/179 295/893/179 293/894/179 291/895/179 289/896/179 287/897/179 285/898/179 283/899/179 281/900/179
f 282/901/180 284/902/180 286/903/180 288/904/180 290/905/180 292/906/180 294/907/180 296/908/180 298/909/180 300/910/180 302/911/180 304/912/180
f 305/913/181 307/914/181 308/915/181 306/916/181
f 307/917/182 309/918/182 310/919/182 308/920/182
f 309/921/183 311/922/183 312/923/183 310/924/183
f 311/925/184 313/926/184 314/927/184 312/928/184
f 313/929/185 315/930/185 316/931/185 314/932/185
f 315/933/186 317/934/186 318/935/186 316/936/186
f 317/937/187 319/938/187 320/939/187 318/940/187
f 319/941/188 321/942/188 322/943/188 320/944/188
f 321/945/189 323/946/189 324/947/189 322/948/189
f 323/949/190 325/950/190 326/951/190 324/952/190
f 325/953/191 327/954/191 328/955/191 326/956/191
f 327/957/192 305/958/192 306/959/192 328/960/192
f 327/961/193 325/962/193 323/963/193 321/964/193 319/965/193 317/966/193 315/967/193 313/968/193 311/969/193 309/970/193 307/971/193 305/972/193
f 306/973/194 308/974/194 310/975/194 312/976/194 314/977/194 316/978/194 318/979/194 320/980/194 322/981/194 324/982/194 326/983/194 328/984/194
f 329/985/195 331/986/195 332/987/195 330/988/195
f 331/989/196 333/990/196 334/991/196 332/992/196
f 333/993/197 335/994/197 336/995/197 334/996/197
f 335/997/198 337/998/198 338/999/198 336/1000/198
f 337/1001/199 339/1002/199 340/1003/199 338/1004/199
f 339/1005/200 341/1006/200 342/1007/200 340/1008/200
f 341/1009/201 343/1010/201 344/1011/201 342/1012/201
f 343/1013/202 345/1014/202 346/1015/202 344/1016/202
f 345/1017/203 347/1018/203 348/1019/203 346/1020/203
f 347/1021/204 349/1022/204 350/1023/204 348/1024/204
f 349/1025/205 351/1026/205 352/1027/205 350/1028/205
f 351/1029/206 329/1030/206 330/1031/206 352/1032/206
f 351/1033/207 349/1034/207 347/1035/207 345/1036/207 343/1037/207 341/1038/207 339/1039/207 337/1040/207 335/1041/207 333/1042/207 331/1043/207 329/1044/207
f 330/1045/208 332/1046/208 334/1047/208 336/1048/208 338/1049/208 340/1050/208 342/1051/208 344/1052/208 346/1053/208 348/1054/208 350/1055/208 352/1056/208
usemtl screen_glass
f 353/1057/209 354/1058/209 355/1059/209 356/1060/209
f 358/1061/210 357/1062/210 360/1063/210 359/1064/210
f 357/1065/211 353/1066/211 356/1067/211 360/1068/211
f 354/1069/212 358/1070/212 359/1071/212 355/1072/212
f 356/1073/213 355/1074/213 359/1075/213 360/1076/213
f 357/1077/214 358/1078/214 354/1079/214 353/1080/214
f 361/1081/215 362/1082/215 363/1083/215 364/1084/215
f 366/1085/216 365/1086/216 368/1087/216 367/1088/216
f 365/1089/217 361/1090/217 364/1091/217 368/1092/217
f 362/1093/218 366/1094/218 367/1095/218 363/1096/218
f 364/1097/219 363/1098/219 367/1099/219 368/1100/219
f 365/1101/220 366/1102/220 362/1103/220 361/1104/220
f 369/1105/221 371/1106/221 372/1107/221 370/1108/221
f 371/1109/222 373/1110/222 374/1111/222 372/1112/222
f 373/1113/223 375/1114/223 376/1115/223 374/1116/223
f 375/1117/224 377/1118/224 378/1119/224 376/1120/224
f 377/1121/225 379/1122/225 380/1123/225 378/1124/225
f 379/1125/226 381/1126/226 382/1127/226 380/1128/226
f 381/1129/227 383/1130/227 384/1131/227 382/1132/227
f 383/1133/228 385/1134/228 386/1135/228 384/1136/228
f 385/1137/229 387/1138/229 388/1139/229 386/1140/229
f 387/1141/230 389/1142/230 390/1143/230 388/1144/230
f 389/1145/231 391/1146/231 392/1147/231 390/1148/231
f 391/1149/232 369/1150/232 370/1151/232 392/1152/232
f 391/1153/233 389/1154/233 387/1155/233 385/1156/233 383/1157/233 381/1158/233 379/1159/233 377/1160/233 375/1161/233 373/1162/233 371/1163/233 369/1164/233
f 370/1165/234 372/1166/234 374/1167/234 376/1168/234 378/1169/234 380/1170/234 382/1171/234 384/1172/234 386/1173/234 388/1174/234 390/1175/234 392/1176/234
f 393/1177/235 395/1178/235 396/1179/235 394/1180/235
f 395/1181/236 397/1182/236 398/1183/236 396/1184/236
f 397/1185/237 399/1186/237 400/1187/237 398/1188/237
f 399/1189/238 401/1190/238 402/1191/238 400/1192/238
f 401/1193/239 403/1194/239 404/1195/239 402/1196/239
f 403/1197/240 405/1198/240 406/1199/240 404/1200/240
f 405/1201/241 407/1202/241 408/1203/241 406/1204/241
f 407/1205/242 409/1206/242 410/1207/242 408/1208/242
f 409/1209/243 411/1210/243 412/1211/243 410/1212/243
f 411/1213/244 413/1214/244 414/1215/244 412/1216/244
f 413/1217/245 415/1218/245 416/1219/245 414/1220/245
f 415/1221/246 393/1222/246 394/1223/246 416/1224/246
f 415/1225/247 413/1226/247 411/1227/247 409/1228/247 407/1229/247 405/1230/247 403/1231/247 401/1232/247 399/1233/247 397/1234/247 395/1235/247 393/1236/247
f 394/1237/248 396/1238/248 398/1239/248 400/1240/248 402/1241/248 404/1242/248 406/1243/248 408/1244/248 410/1245/248 412/1246/248 414/1247/248 416/1248/248
f 417/1249/249 419/1250/249 420/1251/249 418/1252/249
f 419/1253/250 421/1254/250 422/1255/250 420/1256/250
f 421/1257/251 423/1258/251 424/1259/251 422/1260/251
f 423/1261/252 425/1262/252 426/1263/252 424/1264/252
f 425/1265/253 427/1266/253 428/1267/253 426/1268/253
f 427/1269/254 429/1270/254 430/1271/254 428/1272/254
f 429/1273/255 431/1274/255 432/1275/255 430/1276/255
f 431/1277/256 433/1278/256 434/1279/256 432/1280/256
f 433/1281/257 435/1282/257 436/1283/257 434/1284/257
f 435/1285/258 437/1286/258 438/1287/258 436/1288/258
f 437/1289/259 439/1290/259 440/1291/259 438/1292/259
f 439/1293/260 417/1294/260 418/1295/260 440/1296/260
f 439/1297/261 437/1298/261 435/1299/261 433/1300/261 431/1301/261 429/1302/261 427/1303/261 425/1304/261 423/1305/261 421/1306/261 419/1307/261 417/1308/261
f 418/1309/262 420/1310/262 422/1311/262 424/1312/262 426/1313/262 428/1314/262 430/1315/262 432/1316/262 434/1317/262 436/1318/262 438/1319/262 440/1320/262
f 441/1321/263 443/1322/263 444/1323/263 442/1324/263
f 443/1325/264 445/1326/264 446/1327/264 444/1328/264
f 445/1329/265 447/1330/265 448/1331/265 446/1332/265
f 447/1333/266 449/1334/266 450/1335/266 448/1336/266
f 449/1337/267 451/1338/267 452/1339/267 450/1340/267
f 451/1341/268 453/1342/268 454/1343/268 452/1344/268
f 453/1345/269 455/1346/269 456/1347/269 454/1348/269
f 455/1349/270 457/1350/270 458/1351/270 456/1352/270
f 457/1353/271 459/1354/271 460/1355/271 458/1356/271
f 459/1357/272 461/1358/272 462/1359/272 460/1360/272
f 461/1361/273 463/1362/273 464/1363/273 462/1364/273
f 463/1365/274 441/1366/274 442/1367/274 464/1368/274
f 463/1369/275 461/1370/275 459/1371/275 457/1372/275 455/1373/275 453/1374/275 451/1375/275 449/1376/275 447/1377/275 445/1378/275 443/1379/275 441/1380/275
f 442/1381/276 444/1382/276 446/1383/276 448/1384/276 450/1385/276 452/1386/276 454/1387/276 456/1388/276 458/1389/276 460/1390/276 462/1391/276 464/1392/276
f 465/1393/277 466/1394/277 467/1395/277 468/1396/277
f 470/1397/278 469/1398/278 472/1399/278 471/1400/278
f 469/1401/279 465/1402/279 468/1403/279 472/1404/279
f 466/1405/280 470/1406/280 471/1407/280 467/1408/280
f 468/1409/281 467/1410/281 471/1411/281 472/1412/281
f 469/1413/282 470/1414/282 466/1415/282 465/1416/282
f 473/1417/283 474/1418/283 475/1419/283 476/1420/283
f 478/1421/284 477/1422/284 480/1423/284 479/1424/284
f 477/1425/285 473/1426/285 476/1427/285 480/1428/285
f 474/1429/286 478/1430/286 479/1431/286 475/1432/286
f 476/1433/287 475/1434/287 479/1435/287 480/1436/287
f 477/1437/288 478/1438/288 474/1439/288 473/1440/288
f 481/1441/289 483/1442/289 484/1443/289 482/1444/289
f 483/1445/290 485/1446/290 486/1447/290 484/1448/290
f 485/1449/291 487/1450/291 488/1451/291 486/1452/291
f 487/1453/292 489/1454/292 490/1455/292 488/1456/292
f 489/1457/293 491/1458/293 492/1459/293 490/1460/293
f 491/1461/294 493/1462/294 494/1463/294 492/1464/294
f 493/1465/295 495/1466/295 496/1467/295 494/1468/295
f 495/1469/296 497/1470/296 498/1471/296 496/1472/296
f 497/1473/297 499/1474/297 500/1475/297 498/1476/297
f 499/1477/298 481/1478/298 482/1479/298 500/1480/298
f 499/1481/299 497/1482/299 495/1483/299 493/1484/299 491/1485/299 489/1486/299 487/1487/299 485/1488/299 483/1489/299 481/1490/299
f 482/1491/300 484/1492/300 486/1493/300 488/1494/300 490/1495/300 492/1496/300 494/1497/300 496/1498/300 498/1499/300 500/1500/300
f 501/1501/301 503/1502/301 504/1503/301 502/1504/301
f 503/1505/302 505/1506/302 506/1507/302 504/1508/302
f 505/1509/303 507/1510/303 508/1511/303 506/1512/303
f 507/1513/304 509/1514/304 510/1515/304 508/1516/304
f 509/1517/305 511/1518/305 512/1519/305 510/1520/305
f 511/1521/306 513/1522/306 514/1523/306 512/1524/306
f 513/1525/307 515/1526/307 516/1527/307 514/1528/307
f 515/1529/308 517/1530/308 518/1531/308 516/1532/308
f 517/1533/309 519/1534/309 520/1535/309 518/1536/309
f 519/1537/310 501/1538/310 502/1539/310 520/1540/310
f 519/1541/311 517/1542/311 515/1543/311 513/1544/311 511/1545/311 509/1546/311 507/1547/311 505/1548/311 503/1549/311 501/1550/311
f 502/1551/312 504/1552/312 506/1553/312 508/1554/312 510/1555/312 512/1556/312 514/1557/312 516/1558/312 518/1559/312 520/1560/312
f 521/1561/313 523/1562/313 524/1563/313 522/1564/313
f 523/1565/314 525/1566/314 526/1567/314 524/1568/314
f 525/1569/315 527/1570/315 528/1571/315 526/1572/315
f 527/1573/316 529/1574/316 530/1575/316 528/1576/316
f 529/1577/317 531/1578/317 532/1579/317 530/1580/317
f 531/1581/318 533/1582/318 534/1583/318 532/1584/318
f 533/1585/319 535/1586/319 536/1587/319 534/1588/319
f 535/1589/320 537/1590/320 538/1591/320 536/1592/320
f 537/1593/321 539/1594/321 540/1595/321 538/1596/321
f 539/1597/322 521/1598/322 522/1599/322 540/1600/322
f 539/1601/323 537/1602/323 535/1603/323 533/1604/323 531/1605/323 529/1606/323 527/1607/323 525/1608/323 523/1609/323 521/1610/323
f 522/1611/324 524/1612/324 526/1613/324 528/1614/324 530/1615/324 532/1616/324 534/1617/324 536/1618/324 538/1619/324 540/1620/324
f 541/1621/325 543/1622/325 544/1623/325 542/1624/325
f 543/1625/326 545/1626/326 546/1627/326 544/1628/326
f 545/1629/327 547/1630/327 548/1631/327 546/1632/327
f 547/1633/328 549/1634/328 550/1635/328 548/1636/328
f 549/1637/329 551/1638/329 552/1639/329 550/1640/329
f 551/1641/330 553/1642/330 554/1643/330 552/1644/330
f 553/1645/331 555/1646/331 556/1647/331 554/1648/331
f 555/1649/332 557/1650/332 558/1651/332 556/1652/332
f 557/1653/333 559/1654/333 560/1655/333 558/1656/333
f 559/1657/334 541/1658/334 542/1659/334 560/1660/334
f 559/1661/335 557/1662/335 555/1663/335 553/1664/335 551/1665/335 549/1666/335 547/1667/335 545/1668/335 543/1669/335 541/1670/335
f 542/1671/336 544/1672/336 546/1673/336 548/1674/336 550/1675/336 552/1676/336 554/1677/336 556/1678/336 558/1679/336 560/1680/336
usemtl monitor_green
f 561/1681/337 562/1682/337 563/1683/337 564/1684/337
f 566/1685/338 565/1686/338 568/1687/338 567/1688/338
f 565/1689/339 561/1690/339 564/1691/339 568/1692/339
f 562/1693/340 566/1694/340 567/1695/340 563/1696/340
f 564/1697/341 563/1698/341 567/1699/341 568/1700/341
f 565/1701/342 566/1702/342 562/1703/342 561/1704/342
f 569/1705/343 570/1706/343 571/1707/343 572/1708/343
f 574/1709/344 573/1710/344 576/1711/344 575/1712/344
f 573/1713/345 569/1714/345 572/1715/345 576/1716/345
f 570/1717/346 574/1718/346 575/1719/346 571/1720/346
f 572/1721/347 571/1722/347 575/1723/347 576/1724/347
f 573/1725/348 574/1726/348 570/1727/348 569/1728/348
usemtl oxygen_green
f 577/1729/349 578/1730/349 579/1731/349 580/1732/349
f 582/1733/350 581/1734/350 584/1735/350 583/1736/350
f 581/1737/351 577/1738/351 580/1739/351 584/1740/351
f 578/1741/352 582/1742/352 583/1743/352 579/1744/352
f 580/1745/353 579/1746/353 583/1747/353 584/1748/353
f 581/1749/354 582/1750/354 578/1751/354 577/1752/354
f 585/1753/355 586/1754/355 587/1755/355 588/1756/355
f 590/1757/356 589/1758/356 592/1759/356 591/1760/356
f 589/1761/357 585/1762/357 588/1763/357 592/1764/357
f 586/1765/358 590/1766/358 591/1767/358 587/1768/358
f 588/1769/359 587/1770/359 591/1771/359 592/1772/359
f 589/1773/360 590/1774/360 586/1775/360 585/1776/360
f 593/1777/361 594/1778/361 595/1779/361 596/1780/361
f 598/1781/362 597/1782/362 600/1783/362 599/1784/362
f 597/1785/363 593/1786/363 596/1787/363 600/1788/363
f 594/1789/364 598/1790/364 599/1791/364 595/1792/364
f 596/1793/365 595/1794/365 599/1795/365 600/1796/365
f 597/1797/366 598/1798/366 594/1799/366 593/1800/366
usemtl warning_orange
f 601/1801/367 602/1802/367 603/1803/367 604/1804/367
f 606/1805/368 605/1806/368 608/1807/368 607/1808/368
f 605/1809/369 601/1810/369 604/1811/369 608/1812/369
f 602/1813/370 606/1814/370 607/1815/370 603/1816/370
f 604/1817/371 603/1818/371 607/1819/371 608/1820/371
f 605/1821/372 606/1822/372 602/1823/372 601/1824/372
f 609/1825/373 610/1826/373 611/1827/373 612/1828/373
f 614/1829/374 613/1830/374 616/1831/374 615/1832/374
f 613/1833/375 609/1834/375 612/1835/375 616/1836/375
f 610/1837/376 614/1838/376 615/1839/376 611/1840/376
f 612/1841/377 611/1842/377 615/1843/377 616/1844/377
f 613/1845/378 614/1846/378 610/1847/378 609/1848/378
f 617/1849/379 618/1850/379 619/1851/379 620/1852/379
f 622/1853/380 621/1854/380 624/1855/380 623/1856/380
f 621/1857/381 617/1858/381 620/1859/381 624/1860/381
f 618/1861/382 622/1862/382 623/1863/382 619/1864/382
f 620/1865/383 619/1866/383 623/1867/383 624/1868/383
f 621/1869/384 622/1870/384 618/1871/384 617/1872/384
usemtl cable_black
f 625/1873/385 627/1874/385 628/1875/385 626/1876/385
f 627/1877/386 629/1878/386 630/1879/386 628/1880/386
f 629/1881/387 631/1882/387 632/1883/387 630/1884/387
f 631/1885/388 633/1886/388 634/1887/388 632/1888/388
f 633/1889/389 635/1890/389 636/1891/389 634/1892/389
f 635/1893/390 637/1894/390 638/1895/390 636/1896/390
f 637/1897/391 625/1898/391 626/1899/391 638/1900/391
f 637/1901/392 635/1902/392 633/1903/392 631/1904/392 629/1905/392 627/1906/392 625/1907/392
f 626/1908/393 628/1909/393 630/1910/393 632/1911/393 634/1912/393 636/1913/393 638/1914/393
f 639/1915/394 641/1916/394 642/1917/394 640/1918/394
f 641/1919/395 643/1920/395 644/1921/395 642/1922/395
f 643/1923/396 645/1924/396 646/1925/396 644/1926/396
f 645/1927/397 647/1928/397 648/1929/397 646/1930/397
f 647/1931/398 649/1932/398 650/1933/398 648/1934/398
f 649/1935/399 651/1936/399 652/1937/399 650/1938/399
f 651/1939/400 639/1940/400 640/1941/400 652/1942/400
f 651/1943/401 649/1944/401 647/1945/401 645/1946/401 643/1947/401 641/1948/401 639/1949/401
f 640/1950/402 642/1951/402 644/1952/402 646/1953/402 648/1954/402 650/1955/402 652/1956/402
f 653/1957/403 655/1958/403 656/1959/403 654/1960/403
f 655/1961/404 657/1962/404 658/1963/404 656/1964/404
f 657/1965/405 659/1966/405 660/1967/405 658/1968/405
f 659/1969/406 661/1970/406 662/1971/406 660/1972/406
f 661/1973/407 663/1974/407 664/1975/407 662/1976/407
f 663/1977/408 665/1978/408 666/1979/408 664/1980/408
f 665/1981/409 653/1982/409 654/1983/409 666/1984/409
f 665/1985/410 663/1986/410 661/1987/410 659/1988/410 657/1989/410 655/1990/410 653/1991/410
f 654/1992/411 656/1993/411 658/1994/411 660/1995/411 662/1996/411 664/1997/411 666/1998/411
usemtl painted_metal
f 667/1999/412 668/2000/412 669/2001/412 670/2002/412
f 672/2003/413 671/2004/413 674/2005/413 673/2006/413
f 671/2007/414 667/2008/414 670/2009/414 674/2010/414
f 668/2011/415 672/2012/415 673/2013/415 669/2014/415
f 670/2015/416 669/2016/416 673/2017/416 674/2018/416
f 671/2019/417 672/2020/417 668/2021/417 667/2022/417
f 675/2023/418 676/2024/418 677/2025/418 678/2026/418
f 680/2027/419 679/2028/419 682/2029/419 681/2030/419
f 679/2031/420 675/2032/420 678/2033/420 682/2034/420
f 676/2035/421 680/2036/421 681/2037/421 677/2038/421
f 678/2039/422 677/2040/422 681/2041/422 682/2042/422
f 679/2043/423 680/2044/423 676/2045/423 675/2046/423
f 683/2047/424 685/2048/424 686/2049/424 684/2050/424
f 685/2051/425 687/2052/425 688/2053/425 686/2054/425
f 687/2055/426 689/2056/426 690/2057/426 688/2058/426
f 689/2059/427 691/2060/427 692/2061/427 690/2062/427
f 691/2063/428 693/2064/428 694/2065/428 692/2066/428
f 693/2067/429 695/2068/429 696/2069/429 694/2070/429
f 695/2071/430 697/2072/430 698/2073/430 696/2074/430
f 697/2075/431 699/2076/431 700/2077/431 698/2078/431
f 699/2079/432 701/2080/432 702/2081/432 700/2082/432
f 701/2083/433 683/2084/433 684/2085/433 702/2086/433
f 701/2087/434 699/2088/434 697/2089/434 695/2090/434 693/2091/434 691/2092/434 689/2093/434 687/2094/434 685/2095/434 683/2096/434
f 684/2097/435 686/2098/435 688/2099/435 690/2100/435 692/2101/435 694/2102/435 696/2103/435 698/2104/435 700/2105/435 702/2106/435
f 703/2107/436 705/2108/436 706/2109/436 704/2110/436
f 705/2111/437 707/2112/437 708/2113/437 706/2114/437
f 707/2115/438 709/2116/438 710/2117/438 708/2118/438
f 709/2119/439 711/2120/439 712/2121/439 710/2122/439
f 711/2123/440 713/2124/440 714/2125/440 712/2126/440
f 713/2127/441 715/2128/441 716/2129/441 714/2130/441
f 715/2131/442 717/2132/442 718/2133/442 716/2134/442
f 717/2135/443 719/2136/443 720/2137/443 718/2138/443
f 719/2139/444 721/2140/444 722/2141/444 720/2142/444
f 721/2143/445 703/2144/445 704/2145/445 722/2146/445
f 721/2147/446 719/2148/446 717/2149/446 715/2150/446 713/2151/446 711/2152/446 709/2153/446 707/2154/446 705/2155/446 703/2156/446
f 704/2157/447 706/2158/447 708/2159/447 710/2160/447 712/2161/447 714/2162/447 716/2163/447 718/2164/447 720/2165/447 722/2166/447
f 723/2167/448 725/2168/448 726/2169/448 724/2170/448
f 725/2171/449 727/2172/449 728/2173/449 726/2174/449
f 727/2175/450 729/2176/450 730/2177/450 728/2178/450
f 729/2179/451 731/2180/451 732/2181/451 730/2182/451
f 731/2183/452 733/2184/452 734/2185/452 732/2186/452
f 733/2187/453 735/2188/453 736/2189/453 734/2190/453
f 735/2191/454 737/2192/454 738/2193/454 736/2194/454
f 737/2195/455 739/2196/455 740/2197/455 738/2198/455
f 739/2199/456 741/2200/456 742/2201/456 740/2202/456
f 741/2203/457 723/2204/457 724/2205/457 742/2206/457
f 741/2207/458 739/2208/458 737/2209/458 735/2210/458 733/2211/458 731/2212/458 729/2213/458 727/2214/458 725/2215/458 723/2216/458
f 724/2217/459 726/2218/459 728/2219/459 730/2220/459 732/2221/459 734/2222/459 736/2223/459 738/2224/459 740/2225/459 742/2226/459
f 743/2227/460 745/2228/460 746/2229/460 744/2230/460
f 745/2231/461 747/2232/461 748/2233/461 746/2234/461
f 747/2235/462 749/2236/462 750/2237/462 748/2238/462
f 749/2239/463 751/2240/463 752/2241/463 750/2242/463
f 751/2243/464 753/2244/464 754/2245/464 752/2246/464
f 753/2247/465 755/2248/465 756/2249/465 754/2250/465
f 755/2251/466 757/2252/466 758/2253/466 756/2254/466
f 757/2255/467 759/2256/467 760/2257/467 758/2258/467
f 759/2259/468 761/2260/468 762/2261/468 760/2262/468
f 761/2263/469 743/2264/469 744/2265/469 762/2266/469
f 761/2267/470 759/2268/470 757/2269/470 755/2270/470 753/2271/470 751/2272/470 749/2273/470 747/2274/470 745/2275/470 743/2276/470
f 744/2277/471 746/2278/471 748/2279/471 750/2280/471 752/2281/471 754/2282/471 756/2283/471 758/2284/471 760/2285/471 762/2286/471
usemtl soft_white
f 763/2287/472 764/2288/472 765/2289/472 766/2290/472
f 768/2291/473 767/2292/473 770/2293/473 769/2294/473
f 767/2295/474 763/2296/474 766/2297/474 770/2298/474
f 764/2299/475 768/2300/475 769/2301/475 765/2302/475
f 766/2303/476 765/2304/476 769/2305/476 770/2306/476
f 767/2307/477 768/2308/477 764/2309/477 763/2310/477
f 771/2311/478 772/2312/478 773/2313/478 774/2314/478
f 776/2315/479 775/2316/479 778/2317/479 777/2318/479
f 775/2319/480 771/2320/480 774/2321/480 778/2322/480
f 772/2323/481 776/2324/481 777/2325/481 773/2326/481
f 774/2327/482 773/2328/482 777/2329/482 778/2330/482
f 775/2331/483 776/2332/483 772/2333/483 771/2334/483
f 779/2335/484 781/2336/484 782/2337/484 780/2338/484
f 781/2339/485 783/2340/485 784/2341/485 782/2342/485
f 783/2343/486 785/2344/486 786/2345/486 784/2346/486
f 785/2347/487 787/2348/487 788/2349/487 786/2350/487
f 787/2351/488 789/2352/488 790/2353/488 788/2354/488
f 789/2355/489 791/2356/489 792/2357/489 790/2358/489
f 791/2359/490 793/2360/490 794/2361/490 792/2362/490
f 793/2363/491 795/2364/491 796/2365/491 794/2366/491
f 795/2367/492 797/2368/492 798/2369/492 796/2370/492
f 797/2371/493 779/2372/493 780/2373/493 798/2374/493
f 797/2375/494 795/2376/494 793/2377/494 791/2378/494 789/2379/494 787/2380/494 785/2381/494 783/2382/494 781/2383/494 779/2384/494
f 780/2385/495 782/2386/495 784/2387/495 786/2388/495 788/2389/495 790/2390/495 792/2391/495 794/2392/495 796/2393/495 798/2394/495
f 799/2395/496 801/2396/496 802/2397/496 800/2398/496
f 801/2399/497 803/2400/497 804/2401/497 802/2402/497
f 803/2403/498 805/2404/498 806/2405/498 804/2406/498
f 805/2407/499 807/2408/499 808/2409/499 806/2410/499
f 807/2411/500 809/2412/500 810/2413/500 808/2414/500
f 809/2415/501 811/2416/501 812/2417/501 810/2418/501
f 811/2419/502 813/2420/502 814/2421/502 812/2422/502
f 813/2423/503 815/2424/503 816/2425/503 814/2426/503
f 815/2427/504 817/2428/504 818/2429/504 816/2430/504
f 817/2431/505 799/2432/505 800/2433/505 818/2434/505
f 817/2435/506 815/2436/506 813/2437/506 811/2438/506 809/2439/506 807/2440/506 805/2441/506 803/2442/506 801/2443/506 799/2444/506
f 800/2445/507 802/2446/507 804/2447/507 806/2448/507 808/2449/507 810/2450/507 812/2451/507 814/2452/507 816/2453/507 818/2454/507
f 819/2455/508 821/2456/508 822/2457/508 820/2458/508
f 821/2459/509 823/2460/509 824/2461/509 822/2462/509
f 823/2463/510 825/2464/510 826/2465/510 824/2466/510
f 825/2467/511 827/2468/511 828/2469/511 826/2470/511
f 827/2471/512 829/2472/512 830/2473/512 828/2474/512
f 829/2475/513 831/2476/513 832/2477/513 830/2478/513
f 831/2479/514 833/2480/514 834/2481/514 832/2482/514
f 833/2483/515 835/2484/515 836/2485/515 834/2486/515
f 835/2487/516 837/2488/516 838/2489/516 836/2490/516
f 837/2491/517 819/2492/517 820/2493/517 838/2494/517
f 837/2495/518 835/2496/518 833/2497/518 831/2498/518 829/2499/518 827/2500/518 825/2501/518 823/2502/518 821/2503/518 819/2504/518
f 820/2505/519 822/2506/519 824/2507/519 826/2508/519 828/2509/519 830/2510/519 832/2511/519 834/2512/519 836/2513/519 838/2514/519
f 839/2515/520 841/2516/520 842/2517/520 840/2518/520
f 841/2519/521 843/2520/521 844/2521/521 842/2522/521
f 843/2523/522 845/2524/522 846/2525/522 844/2526/522
f 845/2527/523 847/2528/523 848/2529/523 846/2530/523
f 847/2531/524 849/2532/524 850/2533/524 848/2534/524
f 849/2535/525 851/2536/525 852/2537/525 850/2538/525
f 851/2539/526 853/2540/526 854/2541/526 852/2542/526
f 853/2543/527 855/2544/527 856/2545/527 854/2546/527
f 855/2547/528 857/2548/528 858/2549/528 856/2550/528
f 857/2551/529 839/2552/529 840/2553/529 858/2554/529
f 857/2555/530 855/2556/530 853/2557/530 851/2558/530 849/2559/530 847/2560/530 845/2561/530 843/2562/530 841/2563/530 839/2564/530
f 840/2565/531 842/2566/531 844/2567/531 846/2568/531 848/2569/531 850/2570/531 852/2571/531 854/2572/531 856/2573/531 858/2574/531
usemtl dark_rubber
f 859/2575/532 861/2576/532 862/2577/532 860/2578/532
f 861/2579/533 863/2580/533 864/2581/533 862/2582/533
f 863/2583/534 865/2584/534 866/2585/534 864/2586/534
f 865/2587/535 867/2588/535 868/2589/535 866/2590/535
f 867/2591/536 869/2592/536 870/2593/536 868/2594/536
f 869/2595/537 871/2596/537 872/2597/537 870/2598/537
f 871/2599/538 873/2600/538 874/2601/538 872/2602/538
f 873/2603/539 875/2604/539 876/2605/539 874/2606/539
f 875/2607/540 877/2608/540 878/2609/540 876/2610/540
f 877/2611/541 879/2612/541 880/2613/541 878/2614/541
f 879/2615/542 881/2616/542 882/2617/542 880/2618/542
f 881/2619/543 883/2620/543 884/2621/543 882/2622/543
f 883/2623/544 885/2624/544 886/2625/544 884/2626/544
f 885/2627/545 887/2628/545 888/2629/545 886/2630/545
f 887/2631/546 889/2632/546 890/2633/546 888/2634/546
f 889/2635/547 891/2636/547 892/2637/547 890/2638/547
f 891/2639/548 893/2640/548 894/2641/548 892/2642/548
f 893/2643/549 859/2644/549 860/2645/549 894/2646/549
f 893/2647/550 891/2648/550 889/2649/550 887/2650/550 885/2651/550 883/2652/550 881/2653/550 879/2654/550 877/2655/550 875/2656/550 873/2657/550 871/2658/550 869/2659/550 867/2660/550 865/2661/550 863/2662/550 861/2663/550 859/2664/550
f 860/2665/551 862/2666/551 864/2667/551 866/2668/551 868/2669/551 870/2670/551 872/2671/551 874/2672/551 876/2673/551 878/2674/551 880/2675/551 882/2676/551 884/2677/551 886/2678/551 888/2679/551 890/2680/551 892/2681/551 894/2682/551
