# Generated by tools/generate_ambulance_proxy_meshes.py
mtllib ambulance_proxy_materials.mtl
o ambulance_patient_monitor
v -0.565000 -0.120000 -0.130000
v 0.565000 -0.120000 -0.130000
v 0.565000 0.560000 -0.130000
v -0.565000 0.560000 -0.130000
v -0.565000 -0.120000 0.070000
v 0.565000 -0.120000 0.070000
v 0.565000 0.560000 0.070000
v -0.565000 0.560000 0.070000
v -0.640000 -0.045000 -0.130000
v 0.640000 -0.045000 -0.130000
v 0.640000 0.485000 -0.130000
v -0.640000 0.485000 -0.130000
v -0.640000 -0.045000 0.070000
v 0.640000 -0.045000 0.070000
v 0.640000 0.485000 0.070000
v -0.640000 0.485000 0.070000
v -0.640000 -0.045000 -0.130000
v -0.640000 -0.045000 0.070000
v -0.632573 -0.077541 -0.130000
v -0.632573 -0.077541 0.070000
v -0.611762 -0.103637 -0.130000
v -0.611762 -0.103637 0.070000
v -0.581689 -0.118120 -0.130000
v -0.581689 -0.118120 0.070000
v -0.548311 -0.118120 -0.130000
v -0.548311 -0.118120 0.070000
v -0.518238 -0.103637 -0.130000
v -0.518238 -0.103637 0.070000
v -0.497427 -0.077541 -0.130000
v -0.497427 -0.077541 0.070000
v -0.490000 -0.045000 -0.130000
v -0.490000 -0.045000 0.070000
v -0.497427 -0.012459 -0.130000
v -0.497427 -0.012459 0.070000
v -0.518238 0.013637 -0.130000
v -0.518238 0.013637 0.070000
v -0.548311 0.028120 -0.130000
v -0.548311 0.028120 0.070000
v -0.581689 0.028120 -0.130000
v -0.581689 0.028120 0.070000
v -0.611762 0.013637 -0.130000
v -0.611762 0.013637 0.070000
v -0.632573 -0.012459 -0.130000
v -0.632573 -0.012459 0.070000
v -0.640000 0.485000 -0.130000
v -0.640000 0.485000 0.070000
v -0.632573 0.452459 -0.130000
v -0.632573 0.452459 0.070000
v -0.611762 0.426363 -0.130000
v -0.611762 0.426363 0.070000
v -0.581689 0.411880 -0.130000
v -0.581689 0.411880 0.070000
v -0.548311 0.411880 -0.130000
v -0.548311 0.411880 0.070000
v -0.518238 0.426363 -0.130000
v -0.518238 0.426363 0.070000
v -0.497427 0.452459 -0.130000
v -0.497427 0.452459 0.070000
v -0.490000 0.485000 -0.130000
v -0.490000 0.485000 0.070000
v -0.497427 0.517541 -0.130000
v -0.497427 0.517541 0.070000
v -0.518238 0.543637 -0.130000
v -0.518238 0.543637 0.070000
v -0.548311 0.558120 -0.130000
v -0.548311 0.558120 0.070000
v -0.581689 0.558120 -0.130000
v -0.581689 0.558120 0.070000
v -0.611762 0.543637 -0.130000
v -0.611762 0.543637 0.070000
v -0.632573 0.517541 -0.130000
v -0.632573 0.517541 0.070000
v 0.490000 -0.045000 -0.130000
v 0.490000 -0.045000 0.070000
v 0.497427 -0.077541 -0.130000
v 0.497427 -0.077541 0.070000
v 0.518238 -0.103637 -0.130000
v 0.518238 -0.103637 0.070000
v 0.548311 -0.118120 -0.130000
v 0.548311 -0.118120 0.070000
v 0.581689 -0.118120 -0.130000
v 0.581689 -0.118120 0.070000
v 0.611762 -0.103637 -0.130000
v 0.611762 -0.103637 0.070000
v 0.632573 -0.077541 -0.130000
v 0.632573 -0.077541 0.070000
v 0.640000 -0.045000 -0.130000
v 0.640000 -0.045000 0.070000
v 0.632573 -0.012459 -0.130000
v 0.632573 -0.012459 0.070000
v 0.611762 0.013637 -0.130000
v 0.611762 0.013637 0.070000
v 0.581689 0.028120 -0.130000
v 0.581689 0.028120 0.070000
v 0.548311 0.028120 -0.130000
v 0.548311 0.028120 0.070000
v 0.518238 0.013637 -0.130000
v 0.518238 0.013637 0.070000
v 0.497427 -0.012459 -0.130000
v 0.497427 -0.012459 0.070000
v 0.490000 0.485000 -0.130000
v 0.490000 0.485000 0.070000
v 0.497427 0.452459 -0.130000
v 0.497427 0.452459 0.070000
v 0.518238 0.426363 -0.130000
v 0.518238 0.426363 0.070000
v 0.548311 0.411880 -0.130000
v 0.548311 0.411880 0.070000
v 0.581689 0.411880 -0.130000
v 0.581689 0.411880 0.070000
v 0.611762 0.426363 -0.130000
v 0.611762 0.426363 0.070000
v 0.632573 0.452459 -0.130000
v 0.632573 0.452459 0.070000
v 0.640000 0.485000 -0.130000
v 0.640000 0.485000 0.070000
v 0.632573 0.517541 -0.130000
v 0.632573 0.517541 0.070000
v 0.611762 0.543637 -0.130000
v 0.611762 0.543637 0.070000
v 0.581689 0.558120 -0.130000
v 0.581689 0.558120 0.070000
v 0.548311 0.558120 -0.130000
v 0.548311 0.558120 0.070000
v 0.518238 0.543637 -0.130000
v 0.518238 0.543637 0.070000
v 0.497427 0.517541 -0.130000
v 0.497427 0.517541 0.070000
v -0.470000 0.025000 -0.172500
v 0.470000 0.025000 -0.172500
v 0.470000 0.475000 -0.172500
v -0.470000 0.475000 -0.172500
v -0.470000 0.025000 -0.137500
v 0.470000 0.025000 -0.137500
v 0.470000 0.475000 -0.137500
v -0.470000 0.475000 -0.137500
v -0.520000 0.075000 -0.172500
v 0.520000 0.075000 -0.172500
v 0.520000 0.425000 -0.172500
v -0.520000 0.425000 -0.172500
v -0.520000 0.075000 -0.137500
v 0.520000 0.075000 -0.137500
v 0.520000 0.425000 -0.137500
v -0.520000 0.425000 -0.137500
v -0.520000 0.075000 -0.172500
v -0.520000 0.075000 -0.137500
v -0.515048 0.053306 -0.172500
v -0.515048 0.053306 -0.137500
v -0.501174 0.035908 -0.172500
v -0.501174 0.035908 -0.137500
v -0.481126 0.026254 -0.172500
v -0.481126 0.026254 -0.137500
v -0.458874 0.026254 -0.172500
v -0.458874 0.026254 -0.137500
v -0.438826 0.035908 -0.172500
v -0.438826 0.035908 -0.137500
v -0.424952 0.053306 -0.172500
v -0.424952 0.053306 -0.137500
v -0.420000 0.075000 -0.172500
v -0.420000 0.075000 -0.137500
v -0.424952 0.096694 -0.172500
v -0.424952 0.096694 -0.137500
v -0.438826 0.114092 -0.172500
v -0.438826 0.114092 -0.137500
v -0.458874 0.123746 -0.172500
v -0.458874 0.123746 -0.137500
v -0.481126 0.123746 -0.172500
v -0.481126 0.123746 -0.137500
v -0.501174 0.114092 -0.172500
v -0.501174 0.114092 -0.137500
v -0.515048 0.096694 -0.172500
v -0.515048 0.096694 -0.137500
v -0.520000 0.425000 -0.172500
v -0.520000 0.425000 -0.137500
v -0.515048 0.403306 -0.172500
v -0.515048 0.403306 -0.137500
v -0.501174 0.385908 -0.172500
v -0.501174 0.385908 -0.137500
v -0.481126 0.376254 -0.172500
v -0.481126 0.376254 -0.137500
v -0.458874 0.376254 -0.172500
v -0.458874 0.376254 -0.137500
v -0.438826 0.385908 -0.172500
v -0.438826 0.385908 -0.137500
v -0.424952 0.403306 -0.172500
v -0.424952 0.403306 -0.137500
v -0.420000 0.425000 -0.172500
v -0.420000 0.425000 -0.137500
v -0.424952 0.446694 -0.172500
v -0.424952 0.446694 -0.137500
v -0.438826 0.464092 -0.172500
v -0.438826 0.464092 -0.137500
v -0.458874 0.473746 -0.172500
v -0.458874 0.473746 -0.137500
v -0.481126 0.473746 -0.172500
v -0.481126 0.473746 -0.137500
v -0.501174 0.464092 -0.172500
v -0.501174 0.464092 -0.137500
v -0.515048 0.446694 -0.172500
v -0.515048 0.446694 -0.137500
v 0.420000 0.075000 -0.172500
v 0.420000 0.075000 -0.137500
v 0.424952 0.053306 -0.172500
v 0.424952 0.053306 -0.137500
v 0.438826 0.035908 -0.172500
v 0.438826 0.035908 -0.137500
v 0.458874 0.026254 -0.172500
v 0.458874 0.026254 -0.137500
v 0.481126 0.026254 -0.172500
v 0.481126 0.026254 -0.137500
v 0.501174 0.035908 -0.172500
v 0.501174 0.035908 -0.137500
v 0.515048 0.053306 -0.172500
v 0.515048 0.053306 -0.137500
v 0.520000 0.075000 -0.172500
v 0.520000 0.075000 -0.137500
v 0.515048 0.096694 -0.172500
v 0.515048 0.096694 -0.137500
v 0.501174 0.114092 -0.172500
v 0.501174 0.114092 -0.137500
v 0.481126 0.123746 -0.172500
v 0.481126 0.123746 -0.137500
v 0.458874 0.123746 -0.172500
v 0.458874 0.123746 -0.137500
v 0.438826 0.114092 -0.172500
v 0.438826 0.114092 -0.137500
v 0.424952 0.096694 -0.172500
v 0.424952 0.096694 -0.137500
v 0.420000 0.425000 -0.172500
v 0.420000 0.425000 -0.137500
v 0.424952 0.403306 -0.172500
v 0.424952 0.403306 -0.137500
v 0.438826 0.385908 -0.172500
v 0.438826 0.385908 -0.137500
v 0.458874 0.376254 -0.172500
v 0.458874 0.376254 -0.137500
v 0.481126 0.376254 -0.172500
v 0.481126 0.376254 -0.137500
v 0.501174 0.385908 -0.172500
v 0.501174 0.385908 -0.137500
v 0.515048 0.403306 -0.172500
v 0.515048 0.403306 -0.137500
v 0.520000 0.425000 -0.172500
v 0.520000 0.425000 -0.137500
v 0.515048 0.446694 -0.172500
v 0.515048 0.446694 -0.137500
v 0.501174 0.464092 -0.172500
v 0.501174 0.464092 -0.137500
v 0.481126 0.473746 -0.172500
v 0.481126 0.473746 -0.137500
v 0.458874 0.473746 -0.172500
v 0.458874 0.473746 -0.137500
v 0.438826 0.464092 -0.172500
v 0.438826 0.464092 -0.137500
v 0.424952 0.446694 -0.172500
v 0.424952 0.446694 -0.137500
v -0.035000 -0.660000 -0.040000
v 0.035000 -0.660000 -0.040000
v 0.035000 0.060000 -0.040000
v -0.035000 0.060000 -0.040000
v -0.035000 -0.660000 0.080000
v 0.035000 -0.660000 0.080000
v 0.035000 0.060000 0.080000
v -0.035000 0.060000 0.080000
v -0.070000 -0.625000 -0.040000
v 0.070000 -0.625000 -0.040000
v 0.070000 0.025000 -0.040000
v -0.070000 0.025000 -0.040000
v -0.070000 -0.625000 0.080000
v 0.070000 -0.625000 0.080000
v 0.070000 0.025000 0.080000
v -0.070000 0.025000 0.080000
v -0.070000 -0.625000 -0.040000
v -0.070000 -0.625000 0.080000
v -0.063316 -0.645572 -0.040000
v -0.063316 -0.645572 0.080000
v -0.045816 -0.658287 -0.040000
v -0.045816 -0.658287 0.080000
v -0.024184 -0.658287 -0.040000
v -0.024184 -0.658287 0.080000
v -0.006684 -0.645572 -0.040000
v -0.006684 -0.645572 0.080000
v 0.000000 -0.625000 -0.040000
v 0.000000 -0.625000 0.080000
v -0.006684 -0.604428 -0.040000
v -0.006684 -0.604428 0.080000
v -0.024184 -0.591713 -0.040000
v -0.024184 -0.591713 0.080000
v -0.045816 -0.591713 -0.040000
v -0.045816 -0.591713 0.080000
v -0.063316 -0.604428 -0.040000
v -0.063316 -0.604428 0.080000
v -0.070000 0.025000 -0.040000
v -0.070000 0.025000 0.080000
v -0.063316 0.004428 -0.040000
v -0.063316 0.004428 0.080000
v -0.045816 -0.008287 -0.040000
v -0.045816 -0.008287 0.080000
v -0.024184 -0.008287 -0.040000
v -0.024184 -0.008287 0.080000
v -0.006684 0.004428 -0.040000
v -0.006684 0.004428 0.080000
v 0.000000 0.025000 -0.040000
v 0.000000 0.025000 0.080000
v -0.006684 0.045572 -0.040000
v -0.006684 0.045572 0.080000
v -0.024184 0.058287 -0.040000
v -0.024184 0.058287 0.080000
v -0.045816 0.058287 -0.040000
v -0.045816 0.058287 0.080000
v -0.063316 0.045572 -0.040000
v -0.063316 0.045572 0.080000
v 0.000000 -0.625000 -0.040000
v 0.000000 -0.625000 0.080000
v 0.006684 -0.645572 -0.040000
v 0.006684 -0.645572 0.080000
v 0.024184 -0.658287 -0.040000
v 0.024184 -0.658287 0.080000
v 0.045816 -0.658287 -0.040000
v 0.045816 -0.658287 0.080000
v 0.063316 -0.645572 -0.040000
v 0.063316 -0.645572 0.080000
v 0.070000 -0.625000 -0.040000
v 0.070000 -0.625000 0.080000
v 0.063316 -0.604428 -0.040000
v 0.063316 -0.604428 0.080000
v 0.045816 -0.591713 -0.040000
v 0.045816 -0.591713 0.080000
v 0.024184 -0.591713 -0.040000
v 0.024184 -0.591713 0.080000
v 0.006684 -0.604428 -0.040000
v 0.006684 -0.604428 0.080000
v 0.000000 0.025000 -0.040000
v 0.000000 0.025000 0.080000
v 0.006684 0.004428 -0.040000
v 0.006684 0.004428 0.080000
v 0.024184 -0.008287 -0.040000
v 0.024184 -0.008287 0.080000
v 0.045816 -0.008287 -0.040000
v 0.045816 -0.008287 0.080000
v 0.063316 0.004428 -0.040000
v 0.063316 0.004428 0.080000
v 0.070000 0.025000 -0.040000
v 0.070000 0.025000 0.080000
v 0.063316 0.045572 -0.040000
v 0.063316 0.045572 0.080000
v 0.045816 0.058287 -0.040000
v 0.045816 0.058287 0.080000
v 0.024184 0.058287 -0.040000
v 0.024184 0.058287 0.080000
v 0.006684 0.045572 -0.040000
v 0.006684 0.045572 0.080000
v -0.285000 -0.765000 -0.190000
v 0.285000 -0.765000 -0.190000
v 0.285000 -0.675000 -0.190000
v -0.285000 -0.675000 -0.190000
v -0.285000 -0.765000 0.230000
v 0.285000 -0.765000 0.230000
v 0.285000 -0.675000 0.230000
v -0.285000 -0.675000 0.230000
v -0.340000 -0.765000 -0.135000
v 0.340000 -0.765000 -0.135000
v 0.340000 -0.675000 -0.135000
v -0.340000 -0.675000 -0.135000
v -0.340000 -0.765000 0.175000
v 0.340000 -0.765000 0.175000
v 0.340000 -0.675000 0.175000
v -0.340000 -0.675000 0.175000
v -0.230000 -0.765000 -0.135000
v -0.230000 -0.675000 -0.135000
v -0.237369 -0.765000 -0.107500
v -0.237369 -0.675000 -0.107500
v -0.257500 -0.765000 -0.087369
v -0.257500 -0.675000 -0.087369
v -0.285000 -0.765000 -0.080000
v -0.285000 -0.675000 -0.080000
v -0.312500 -0.765000 -0.087369
v -0.312500 -0.675000 -0.087369
v -0.332631 -0.765000 -0.107500
v -0.332631 -0.675000 -0.107500
v -0.340000 -0.765000 -0.135000
v -0.340000 -0.675000 -0.135000
v -0.332631 -0.765000 -0.162500
v -0.332631 -0.675000 -0.162500
v -0.312500 -0.765000 -0.182631
v -0.312500 -0.675000 -0.182631
v -0.285000 -0.765000 -0.190000
v -0.285000 -0.675000 -0.190000
v -0.257500 -0.765000 -0.182631
v -0.257500 -0.675000 -0.182631
v -0.237369 -0.765000 -0.162500
v -0.237369 -0.675000 -0.162500
v -0.230000 -0.765000 0.175000
v -0.230000 -0.675000 0.175000
v -0.237369 -0.765000 0.202500
v -0.237369 -0.675000 0.202500
v -0.257500 -0.765000 0.222631
v -0.257500 -0.675000 0.222631
v -0.285000 -0.765000 0.230000
v -0.285000 -0.675000 0.230000
v -0.312500 -0.765000 0.222631
v -0.312500 -0.675000 0.222631
v -0.332631 -0.765000 0.202500
v -0.332631 -0.675000 0.202500
v -0.340000 -0.765000 0.175000
v -0.340000 -0.675000 0.175000
v -0.332631 -0.765000 0.147500
v -0.332631 -0.675000 0.147500
v -0.312500 -0.765000 0.127369
v -0.312500 -0.675000 0.127369
v -0.285000 -0.765000 0.120000
v -0.285000 -0.675000 0.120000
v -0.257500 -0.765000 0.127369
v -0.257500 -0.675000 0.127369
v -0.237369 -0.765000 0.147500
v -0.237369 -0.675000 0.147500
v 0.340000 -0.765000 -0.135000
v 0.340000 -0.675000 -0.135000
v 0.332631 -0.765000 -0.107500
v 0.332631 -0.675000 -0.107500
v 0.312500 -0.765000 -0.087369
v 0.312500 -0.675000 -0.087369
v 0.285000 -0.765000 -0.080000
v 0.285000 -0.675000 -0.080000
v 0.257500 -0.765000 -0.087369
v 0.257500 -0.675000 -0.087369
v 0.237369 -0.765000 -0.107500
v 0.237369 -0.675000 -0.107500
v 0.230000 -0.765000 -0.135000
v 0.230000 -0.675000 -0.135000
v 0.237369 -0.765000 -0.162500
v 0.237369 -0.675000 -0.162500
v 0.257500 -0.765000 -0.182631
v 0.257500 -0.675000 -0.182631
v 0.285000 -0.765000 -0.190000
v 0.285000 -0.675000 -0.190000
v 0.312500 -0.765000 -0.182631
v 0.312500 -0.675000 -0.182631
v 0.332631 -0.765000 -0.162500
v 0.332631 -0.675000 -0.162500
v 0.340000 -0.765000 0.175000
v 0.340000 -0.675000 0.175000
v 0.332631 -0.765000 0.202500
v 0.332631 -0.675000 0.202500
v 0.312500 -0.765000 0.222631
v 0.312500 -0.675000 0.222631
v 0.285000 -0.765000 0.230000
v 0.285000 -0.675000 0.230000
v 0.257500 -0.765000 0.222631
v 0.257500 -0.675000 0.222631
v 0.237369 -0.765000 0.202500
v 0.237369 -0.675000 0.202500
v 0.230000 -0.765000 0.175000
v 0.230000 -0.675000 0.175000
v 0.237369 -0.765000 0.147500
v 0.237369 -0.675000 0.147500
v 0.257500 -0.765000 0.127369
v 0.257500 -0.675000 0.127369
v 0.285000 -0.765000 0.120000
v 0.285000 -0.675000 0.120000
v 0.312500 -0.765000 0.127369
v 0.312500 -0.675000 0.127369
v 0.332631 -0.765000 0.147500
v 0.332631 -0.675000 0.147500
v -0.360000 -0.080000 -0.270000
v 0.360000 -0.080000 -0.270000
v -0.360000 -0.095000 -0.274019
v 0.360000 -0.095000 -0.274019
v -0.360000 -0.105981 -0.285000
v 0.360000 -0.105981 -0.285000
v -0.360000 -0.110000 -0.300000
v 0.360000 -0.110000 -0.300000
v -0.360000 -0.105981 -0.315000
v 0.360000 -0.105981 -0.315000
v -0.360000 -0.095000 -0.325981
v 0.360000 -0.095000 -0.325981
v -0.360000 -0.080000 -0.330000
v 0.360000 -0.080000 -0.330000
v -0.360000 -0.065000 -0.325981
v 0.360000 -0.065000 -0.325981
v -0.360000 -0.054019 -0.315000
v 0.360000 -0.054019 -0.315000
v -0.360000 -0.050000 -0.300000
v 0.360000 -0.050000 -0.300000
v -0.360000 -0.054019 -0.285000
v 0.360000 -0.054019 -0.285000
v -0.360000 -0.065000 -0.274019
v 0.360000 -0.065000 -0.274019
v 0.282500 -0.052500 -0.185000
v 0.317500 -0.052500 -0.185000
v 0.317500 0.012500 -0.185000
v 0.282500 0.012500 -0.185000
v 0.282500 -0.052500 -0.165000
v 0.317500 -0.052500 -0.165000
v 0.317500 0.012500 -0.165000
v 0.282500 0.012500 -0.165000
v 0.267500 -0.037500 -0.185000
v 0.332500 -0.037500 -0.185000
v 0.332500 -0.002500 -0.185000
v 0.267500 -0.002500 -0.185000
v 0.267500 -0.037500 -0.165000
v 0.332500 -0.037500 -0.165000
v 0.332500 -0.002500 -0.165000
v 0.267500 -0.002500 -0.165000
v 0.267500 -0.037500 -0.185000
v 0.267500 -0.037500 -0.165000
v 0.271893 -0.048107 -0.185000
v 0.271893 -0.048107 -0.165000
v 0.282500 -0.052500 -0.185000
v 0.282500 -0.052500 -0.165000
v 0.293107 -0.048107 -0.185000
v 0.293107 -0.048107 -0.165000
v 0.297500 -0.037500 -0.185000
v 0.297500 -0.037500 -0.165000
v 0.293107 -0.026893 -0.185000
v 0.293107 -0.026893 -0.165000
v 0.282500 -0.022500 -0.185000
v 0.282500 -0.022500 -0.165000
v 0.271893 -0.026893 -0.185000
v 0.271893 -0.026893 -0.165000
v 0.267500 -0.002500 -0.185000
v 0.267500 -0.002500 -0.165000
v 0.271893 -0.013107 -0.185000
v 0.271893 -0.013107 -0.165000
v 0.282500 -0.017500 -0.185000
v 0.282500 -0.017500 -0.165000
v 0.293107 -0.013107 -0.185000
v 0.293107 -0.013107 -0.165000
v 0.297500 -0.002500 -0.185000
v 0.297500 -0.002500 -0.165000
v 0.293107 0.008107 -0.185000
v 0.293107 0.008107 -0.165000
v 0.282500 0.012500 -0.185000
v 0.282500 0.012500 -0.165000
v 0.271893 0.008107 -0.185000
v 0.271893 0.008107 -0.165000
v 0.302500 -0.037500 -0.185000
v 0.302500 -0.037500 -0.165000
v 0.306893 -0.048107 -0.185000
v 0.306893 -0.048107 -0.165000
v 0.317500 -0.052500 -0.185000
v 0.317500 -0.052500 -0.165000
v 0.328107 -0.048107 -0.185000
v 0.328107 -0.048107 -0.165000
v 0.332500 -0.037500 -0.185000
v 0.332500 -0.037500 -0.165000
v 0.328107 -0.026893 -0.185000
v 0.328107 -0.026893 -0.165000
v 0.317500 -0.022500 -0.185000
v 0.317500 -0.022500 -0.165000
v 0.306893 -0.026893 -0.185000
v 0.306893 -0.026893 -0.165000
v 0.302500 -0.002500 -0.185000
v 0.302500 -0.002500 -0.165000
v 0.306893 -0.013107 -0.185000
v 0.306893 -0.013107 -0.165000
v 0.317500 -0.017500 -0.185000
v 0.317500 -0.017500 -0.165000
v 0.328107 -0.013107 -0.185000
v 0.328107 -0.013107 -0.165000
v 0.332500 -0.002500 -0.185000
v 0.332500 -0.002500 -0.165000
v 0.328107 0.008107 -0.185000
v 0.328107 0.008107 -0.165000
v 0.317500 0.012500 -0.185000
v 0.317500 0.012500 -0.165000
v 0.306893 0.008107 -0.185000
v 0.306893 0.008107 -0.165000
v 0.412500 -0.052500 -0.185000
v 0.447500 -0.052500 -0.185000
v 0.447500 0.012500 -0.185000
v 0.412500 0.012500 -0.185000
v 0.412500 -0.052500 -0.165000
v 0.447500 -0.052500 -0.165000
v 0.447500 0.012500 -0.165000
v 0.412500 0.012500 -0.165000
v 0.397500 -0.037500 -0.185000
v 0.462500 -0.037500 -0.185000
v 0.462500 -0.002500 -0.185000
v 0.397500 -0.002500 -0.185000
v 0.397500 -0.037500 -0.165000
v 0.462500 -0.037500 -0.165000
v 0.462500 -0.002500 -0.165000
v 0.397500 -0.002500 -0.165000
v 0.397500 -0.037500 -0.185000
v 0.397500 -0.037500 -0.165000
v 0.401893 -0.048107 -0.185000
v 0.401893 -0.048107 -0.165000
v 0.412500 -0.052500 -0.185000
v 0.412500 -0.052500 -0.165000
v 0.423107 -0.048107 -0.185000
v 0.423107 -0.048107 -0.165000
v 0.427500 -0.037500 -0.185000
v 0.427500 -0.037500 -0.165000
v 0.423107 -0.026893 -0.185000
v 0.423107 -0.026893 -0.165000
v 0.412500 -0.022500 -0.185000
v 0.412500 -0.022500 -0.165000
v 0.401893 -0.026893 -0.185000
v 0.401893 -0.026893 -0.165000
v 0.397500 -0.002500 -0.185000
v 0.397500 -0.002500 -0.165000
v 0.401893 -0.013107 -0.185000
v 0.401893 -0.013107 -0.165000
v 0.412500 -0.017500 -0.185000
v 0.412500 -0.017500 -0.165000
v 0.423107 -0.013107 -0.185000
v 0.423107 -0.013107 -0.165000
v 0.427500 -0.002500 -0.185000
v 0.427500 -0.002500 -0.165000
v 0.423107 0.008107 -0.185000
v 0.423107 0.008107 -0.165000
v 0.412500 0.012500 -0.185000
v 0.412500 0.012500 -0.165000
v 0.401893 0.008107 -0.185000
v 0.401893 0.008107 -0.165000
v 0.432500 -0.037500 -0.185000
v 0.432500 -0.037500 -0.165000
v 0.436893 -0.048107 -0.185000
v 0.436893 -0.048107 -0.165000
v 0.447500 -0.052500 -0.185000
v 0.447500 -0.052500 -0.165000
v 0.458107 -0.048107 -0.185000
v 0.458107 -0.048107 -0.165000
v 0.462500 -0.037500 -0.185000
v 0.462500 -0.037500 -0.165000
v 0.458107 -0.026893 -0.185000
v 0.458107 -0.026893 -0.165000
v 0.447500 -0.022500 -0.185000
v 0.447500 -0.022500 -0.165000
v 0.436893 -0.026893 -0.185000
v 0.436893 -0.026893 -0.165000
v 0.432500 -0.002500 -0.185000
v 0.432500 -0.002500 -0.165000
v 0.436893 -0.013107 -0.185000
v 0.436893 -0.013107 -0.165000
v 0.447500 -0.017500 -0.185000
v 0.447500 -0.017500 -0.165000
v 0.458107 -0.013107 -0.185000
v 0.458107 -0.013107 -0.165000
v 0.462500 -0.002500 -0.185000
v 0.462500 -0.002500 -0.165000
v 0.458107 0.008107 -0.185000
v 0.458107 0.008107 -0.165000
v 0.447500 0.012500 -0.185000
v 0.447500 0.012500 -0.165000
v 0.436893 0.008107 -0.185000
v 0.436893 0.008107 -0.165000
v 0.542500 -0.052500 -0.185000
v 0.577500 -0.052500 -0.185000
v 0.577500 0.012500 -0.185000
v 0.542500 0.012500 -0.185000
v 0.542500 -0.052500 -0.165000
v 0.577500 -0.052500 -0.165000
v 0.577500 0.012500 -0.165000
v 0.542500 0.012500 -0.165000
v 0.527500 -0.037500 -0.185000
v 0.592500 -0.037500 -0.185000
v 0.592500 -0.002500 -0.185000
v 0.527500 -0.002500 -0.185000
v 0.527500 -0.037500 -0.165000
v 0.592500 -0.037500 -0.165000
v 0.592500 -0.002500 -0.165000
v 0.527500 -0.002500 -0.165000
v 0.527500 -0.037500 -0.185000
v 0.527500 -0.037500 -0.165000
v 0.531893 -0.048107 -0.185000
v 0.531893 -0.048107 -0.165000
v 0.542500 -0.052500 -0.185000
v 0.542500 -0.052500 -0.165000
v 0.553107 -0.048107 -0.185000
v 0.553107 -0.048107 -0.165000
v 0.557500 -0.037500 -0.185000
v 0.557500 -0.037500 -0.165000
v 0.553107 -0.026893 -0.185000
v 0.553107 -0.026893 -0.165000
v 0.542500 -0.022500 -0.185000
v 0.542500 -0.022500 -0.165000
v 0.531893 -0.026893 -0.185000
v 0.531893 -0.026893 -0.165000
v 0.527500 -0.002500 -0.185000
v 0.527500 -0.002500 -0.165000
v 0.531893 -0.013107 -0.185000
v 0.531893 -0.013107 -0.165000
v 0.542500 -0.017500 -0.185000
v 0.542500 -0.017500 -0.165000
v 0.553107 -0.013107 -0.185000
v 0.553107 -0.013107 -0.165000
v 0.557500 -0.002500 -0.185000
v 0.557500 -0.002500 -0.165000
v 0.553107 0.008107 -0.185000
v 0.553107 0.008107 -0.165000
v 0.542500 0.012500 -0.185000
v 0.542500 0.012500 -0.165000
v 0.531893 0.008107 -0.185000
v 0.531893 0.008107 -0.165000
v 0.562500 -0.037500 -0.185000
v 0.562500 -0.037500 -0.165000
v 0.566893 -0.048107 -0.185000
v 0.566893 -0.048107 -0.165000
v 0.577500 -0.052500 -0.185000
v 0.577500 -0.052500 -0.165000
v 0.588107 -0.048107 -0.185000
v 0.588107 -0.048107 -0.165000
v 0.592500 -0.037500 -0.185000
v 0.592500 -0.037500 -0.165000
v 0.588107 -0.026893 -0.185000
v 0.588107 -0.026893 -0.165000
v 0.577500 -0.022500 -0.185000
v 0.577500 -0.022500 -0.165000
v 0.566893 -0.026893 -0.185000
v 0.566893 -0.026893 -0.165000
v 0.562500 -0.002500 -0.185000
v 0.562500 -0.002500 -0.165000
v 0.566893 -0.013107 -0.185000
v 0.566893 -0.013107 -0.165000
v 0.577500 -0.017500 -0.185000
v 0.577500 -0.017500 -0.165000
v 0.588107 -0.013107 -0.185000
v 0.588107 -0.013107 -0.165000
v 0.592500 -0.002500 -0.185000
v 0.592500 -0.002500 -0.165000
v 0.588107 0.008107 -0.185000
v 0.588107 0.008107 -0.165000
v 0.577500 0.012500 -0.185000
v 0.577500 0.012500 -0.165000
v 0.566893 0.008107 -0.185000
v 0.566893 0.008107 -0.165000
v -0.463000 -0.050000 -0.185000
v -0.417000 -0.050000 -0.185000
v -0.417000 -0.010000 -0.185000
v -0.463000 -0.010000 -0.185000
v -0.463000 -0.050000 -0.167000
v -0.417000 -0.050000 -0.167000
v -0.417000 -0.010000 -0.167000
v -0.463000 -0.010000 -0.167000
v -0.475000 -0.038000 -0.185000
v -0.405000 -0.038000 -0.185000
v -0.405000 -0.022000 -0.185000
v -0.475000 -0.022000 -0.185000
v -0.475000 -0.038000 -0.167000
v -0.405000 -0.038000 -0.167000
v -0.405000 -0.022000 -0.167000
v -0.475000 -0.022000 -0.167000
v -0.475000 -0.038000 -0.185000
v -0.475000 -0.038000 -0.167000
v -0.471485 -0.046485 -0.185000
v -0.471485 -0.046485 -0.167000
v -0.463000 -0.050000 -0.185000
v -0.463000 -0.050000 -0.167000
v -0.454515 -0.046485 -0.185000
v -0.454515 -0.046485 -0.167000
v -0.451000 -0.038000 -0.185000
v -0.451000 -0.038000 -0.167000
v -0.454515 -0.029515 -0.185000
v -0.454515 -0.029515 -0.167000
v -0.463000 -0.026000 -0.185000
v -0.463000 -0.026000 -0.167000
v -0.471485 -0.029515 -0.185000
v -0.471485 -0.029515 -0.167000
v -0.475000 -0.022000 -0.185000
v -0.475000 -0.022000 -0.167000
v -0.471485 -0.030485 -0.185000
v -0.471485 -0.030485 -0.167000
v -0.463000 -0.034000 -0.185000
v -0.463000 -0.034000 -0.167000
v -0.454515 -0.030485 -0.185000
v -0.454515 -0.030485 -0.167000
v -0.451000 -0.022000 -0.185000
v -0.451000 -0.022000 -0.167000
v -0.454515 -0.013515 -0.185000
v -0.454515 -0.013515 -0.167000
v -0.463000 -0.010000 -0.185000
v -0.463000 -0.010000 -0.167000
v -0.471485 -0.013515 -0.185000
v -0.471485 -0.013515 -0.167000
v -0.429000 -0.038000 -0.185000
v -0.429000 -0.038000 -0.167000
v -0.425485 -0.046485 -0.185000
v -0.425485 -0.046485 -0.167000
v -0.417000 -0.050000 -0.185000
v -0.417000 -0.050000 -0.167000
v -0.408515 -0.046485 -0.185000
v -0.408515 -0.046485 -0.167000
v -0.405000 -0.038000 -0.185000
v -0.405000 -0.038000 -0.167000
v -0.408515 -0.029515 -0.185000
v -0.408515 -0.029515 -0.167000
v -0.417000 -0.026000 -0.185000
v -0.417000 -0.026000 -0.167000
v -0.425485 -0.029515 -0.185000
v -0.425485 -0.029515 -0.167000
v -0.429000 -0.022000 -0.185000
v -0.429000 -0.022000 -0.167000
v -0.425485 -0.030485 -0.185000
v -0.425485 -0.030485 -0.167000
v -0.417000 -0.034000 -0.185000
v -0.417000 -0.034000 -0.167000
v -0.408515 -0.030485 -0.185000
v -0.408515 -0.030485 -0.167000
v -0.405000 -0.022000 -0.185000
v -0.405000 -0.022000 -0.167000
v -0.408515 -0.013515 -0.185000
v -0.408515 -0.013515 -0.167000
v -0.417000 -0.010000 -0.185000
v -0.417000 -0.010000 -0.167000
v -0.425485 -0.013515 -0.185000
v -0.425485 -0.013515 -0.167000
v -0.343000 -0.050000 -0.185000
v -0.297000 -0.050000 -0.185000
v -0.297000 -0.010000 -0.185000
v -0.343000 -0.010000 -0.185000
v -0.343000 -0.050000 -0.167000
v -0.297000 -0.050000 -0.167000
v -0.297000 -0.010000 -0.167000
v -0.343000 -0.010000 -0.167000
v -0.355000 -0.038000 -0.185000
v -0.285000 -0.038000 -0.185000
v -0.285000 -0.022000 -0.185000
v -0.355000 -0.022000 -0.185000
v -0.355000 -0.038000 -0.167000
v -0.285000 -0.038000 -0.167000
v -0.285000 -0.022000 -0.167000
v -0.355000 -0.022000 -0.167000
v -0.355000 -0.038000 -0.185000
v -0.355000 -0.038000 -0.167000
v -0.351485 -0.046485 -0.185000
v -0.351485 -0.046485 -0.167000
v -0.343000 -0.050000 -0.185000
v -0.343000 -0.050000 -0.167000
v -0.334515 -0.046485 -0.185000
v -0.334515 -0.046485 -0.167000
v -0.331000 -0.038000 -0.185000
v -0.331000 -0.038000 -0.167000
v -0.334515 -0.029515 -0.185000
v -0.334515 -0.029515 -0.167000
v -0.343000 -0.026000 -0.185000
v -0.343000 -0.026000 -0.167000
v -0.351485 -0.029515 -0.185000
v -0.351485 -0.029515 -0.167000
v -0.355000 -0.022000 -0.185000
v -0.355000 -0.022000 -0.167000
v -0.351485 -0.030485 -0.185000
v -0.351485 -0.030485 -0.167000
v -0.343000 -0.034000 -0.185000
v -0.343000 -0.034000 -0.167000
v -0.334515 -0.030485 -0.185000
v -0.334515 -0.030485 -0.167000
v -0.331000 -0.022000 -0.185000
v -0.331000 -0.022000 -0.167000
v -0.334515 -0.013515 -0.185000
v -0.334515 -0.013515 -0.167000
v -0.343000 -0.010000 -0.185000
v -0.343000 -0.010000 -0.167000
v -0.351485 -0.013515 -0.185000
v -0.351485 -0.013515 -0.167000
v -0.309000 -0.038000 -0.185000
v -0.309000 -0.038000 -0.167000
v -0.305485 -0.046485 -0.185000
v -0.305485 -0.046485 -0.167000
v -0.297000 -0.050000 -0.185000
v -0.297000 -0.050000 -0.167000
v -0.288515 -0.046485 -0.185000
v -0.288515 -0.046485 -0.167000
v -0.285000 -0.038000 -0.185000
v -0.285000 -0.038000 -0.167000
v -0.288515 -0.029515 -0.185000
v -0.288515 -0.029515 -0.167000
v -0.297000 -0.026000 -0.185000
v -0.297000 -0.026000 -0.167000
v -0.305485 -0.029515 -0.185000
v -0.305485 -0.029515 -0.167000
v -0.309000 -0.022000 -0.185000
v -0.309000 -0.022000 -0.167000
v -0.305485 -0.030485 -0.185000
v -0.305485 -0.030485 -0.167000
v -0.297000 -0.034000 -0.185000
v -0.297000 -0.034000 -0.167000
v -0.288515 -0.030485 -0.185000
v -0.288515 -0.030485 -0.167000
v -0.285000 -0.022000 -0.185000
v -0.285000 -0.022000 -0.167000
v -0.288515 -0.013515 -0.185000
v -0.288515 -0.013515 -0.167000
v -0.297000 -0.010000 -0.185000
v -0.297000 -0.010000 -0.167000
v -0.305485 -0.013515 -0.185000
v -0.305485 -0.013515 -0.167000
v -0.223000 -0.050000 -0.185000
v -0.177000 -0.050000 -0.185000
v -0.177000 -0.010000 -0.185000
v -0.223000 -0.010000 -0.185000
v -0.223000 -0.050000 -0.167000
v -0.177000 -0.050000 -0.167000
v -0.177000 -0.010000 -0.167000
v -0.223000 -0.010000 -0.167000
v -0.235000 -0.038000 -0.185000
v -0.165000 -0.038000 -0.185000
v -0.165000 -0.022000 -0.185000
v -0.235000 -0.022000 -0.185000
v -0.235000 -0.038000 -0.167000
v -0.165000 -0.038000 -0.167000
v -0.165000 -0.022000 -0.167000
v -0.235000 -0.022000 -0.167000
v -0.235000 -0.038000 -0.185000
v -0.235000 -0.038000 -0.167000
v -0.231485 -0.046485 -0.185000
v -0.231485 -0.046485 -0.167000
v -0.223000 -0.050000 -0.185000
v -0.223000 -0.050000 -0.167000
v -0.214515 -0.046485 -0.185000
v -0.214515 -0.046485 -0.167000
v -0.211000 -0.038000 -0.185000
v -0.211000 -0.038000 -0.167000
v -0.214515 -0.029515 -0.185000
v -0.214515 -0.029515 -0.167000
v -0.223000 -0.026000 -0.185000
v -0.223000 -0.026000 -0.167000
v -0.231485 -0.029515 -0.185000
v -0.231485 -0.029515 -0.167000
v -0.235000 -0.022000 -0.185000
v -0.235000 -0.022000 -0.167000
v -0.231485 -0.030485 -0.185000
v -0.231485 -0.030485 -0.167000
v -0.223000 -0.034000 -0.185000
v -0.223000 -0.034000 -0.167000
v -0.214515 -0.030485 -0.185000
v -0.214515 -0.030485 -0.167000
v -0.211000 -0.022000 -0.185000
v -0.211000 -0.022000 -0.167000
v -0.214515 -0.013515 -0.185000
v -0.214515 -0.013515 -0.167000
v -0.223000 -0.010000 -0.185000
v -0.223000 -0.010000 -0.167000
v -0.231485 -0.013515 -0.185000
v -0.231485 -0.013515 -0.167000
v -0.189000 -0.038000 -0.185000
v -0.189000 -0.038000 -0.167000
v -0.185485 -0.046485 -0.185000
v -0.185485 -0.046485 -0.167000
v -0.177000 -0.050000 -0.185000
v -0.177000 -0.050000 -0.167000
v -0.168515 -0.046485 -0.185000
v -0.168515 -0.046485 -0.167000
v -0.165000 -0.038000 -0.185000
v -0.165000 -0.038000 -0.167000
v -0.168515 -0.029515 -0.185000
v -0.168515 -0.029515 -0.167000
v -0.177000 -0.026000 -0.185000
v -0.177000 -0.026000 -0.167000
v -0.185485 -0.029515 -0.185000
v -0.185485 -0.029515 -0.167000
v -0.189000 -0.022000 -0.185000
v -0.189000 -0.022000 -0.167000
v -0.185485 -0.030485 -0.185000
v -0.185485 -0.030485 -0.167000
v -0.177000 -0.034000 -0.185000
v -0.177000 -0.034000 -0.167000
v -0.168515 -0.030485 -0.185000
v -0.168515 -0.030485 -0.167000
v -0.165000 -0.022000 -0.185000
v -0.165000 -0.022000 -0.167000
v -0.168515 -0.013515 -0.185000
v -0.168515 -0.013515 -0.167000
v -0.177000 -0.010000 -0.185000
v -0.177000 -0.010000 -0.167000
v -0.185485 -0.013515 -0.185000
v -0.185485 -0.013515 -0.167000
v -0.424000 0.351000 -0.184000
v 0.264000 0.351000 -0.184000
v 0.264000 0.369000 -0.184000
v -0.424000 0.369000 -0.184000
v -0.424000 0.351000 -0.172000
v 0.264000 0.351000 -0.172000
v 0.264000 0.369000 -0.172000
v -0.424000 0.369000 -0.172000
v -0.430000 0.357000 -0.184000
v 0.270000 0.357000 -0.184000
v 0.270000 0.363000 -0.184000
v -0.430000 0.363000 -0.184000
v -0.430000 0.357000 -0.172000
v 0.270000 0.357000 -0.172000
v 0.270000 0.363000 -0.172000
v -0.430000 0.363000 -0.172000
v -0.430000 0.357000 -0.184000
v -0.430000 0.357000 -0.172000
v -0.427000 0.351804 -0.184000
v -0.427000 0.351804 -0.172000
v -0.421000 0.351804 -0.184000
v -0.421000 0.351804 -0.172000
v -0.418000 0.357000 -0.184000
v -0.418000 0.357000 -0.172000
v -0.421000 0.362196 -0.184000
v -0.421000 0.362196 -0.172000
v -0.427000 0.362196 -0.184000
v -0.427000 0.362196 -0.172000
v -0.430000 0.363000 -0.184000
v -0.430000 0.363000 -0.172000
v -0.427000 0.357804 -0.184000
v -0.427000 0.357804 -0.172000
v -0.421000 0.357804 -0.184000
v -0.421000 0.357804 -0.172000
v -0.418000 0.363000 -0.184000
v -0.418000 0.363000 -0.172000
v -0.421000 0.368196 -0.184000
v -0.421000 0.368196 -0.172000
v -0.427000 0.368196 -0.184000
v -0.427000 0.368196 -0.172000
v 0.258000 0.357000 -0.184000
v 0.258000 0.357000 -0.172000
v 0.261000 0.351804 -0.184000
v 0.261000 0.351804 -0.172000
v 0.267000 0.351804 -0.184000
v 0.267000 0.351804 -0.172000
v 0.270000 0.357000 -0.184000
v 0.270000 0.357000 -0.172000
v 0.267000 0.362196 -0.184000
v 0.267000 0.362196 -0.172000
v 0.261000 0.362196 -0.184000
v 0.261000 0.362196 -0.172000
v 0.258000 0.363000 -0.184000
v 0.258000 0.363000 -0.172000
v 0.261000 0.357804 -0.184000
v 0.261000 0.357804 -0.172000
v 0.267000 0.357804 -0.184000
v 0.267000 0.357804 -0.172000
v 0.270000 0.363000 -0.184000
v 0.270000 0.363000 -0.172000
v 0.267000 0.368196 -0.184000
v 0.267000 0.368196 -0.172000
v 0.261000 0.368196 -0.184000
v 0.261000 0.368196 -0.172000
v -0.364000 0.281000 -0.184000
v 0.204000 0.281000 -0.184000
v 0.204000 0.299000 -0.184000
v -0.364000 0.299000 -0.184000
v -0.364000 0.281000 -0.172000
v 0.204000 0.281000 -0.172000
v 0.204000 0.299000 -0.172000
v -0.364000 0.299000 -0.172000
v -0.370000 0.287000 -0.184000
v 0.210000 0.287000 -0.184000
v 0.210000 0.293000 -0.184000
v -0.370000 0.293000 -0.184000
v -0.370000 0.287000 -0.172000
v 0.210000 0.287000 -0.172000
v 0.210000 0.293000 -0.172000
v -0.370000 0.293000 -0.172000
v -0.370000 0.287000 -0.184000
v -0.370000 0.287000 -0.172000
v -0.367000 0.281804 -0.184000
v -0.367000 0.281804 -0.172000
v -0.361000 0.281804 -0.184000
v -0.361000 0.281804 -0.172000
v -0.358000 0.287000 -0.184000
v -0.358000 0.287000 -0.172000
v -0.361000 0.292196 -0.184000
v -0.361000 0.292196 -0.172000
v -0.367000 0.292196 -0.184000
v -0.367000 0.292196 -0.172000
v -0.370000 0.293000 -0.184000
v -0.370000 0.293000 -0.172000
v -0.367000 0.287804 -0.184000
v -0.367000 0.287804 -0.172000
v -0.361000 0.287804 -0.184000
v -0.361000 0.287804 -0.172000
v -0.358000 0.293000 -0.184000
v -0.358000 0.293000 -0.172000
v -0.361000 0.298196 -0.184000
v -0.361000 0.298196 -0.172000
v -0.367000 0.298196 -0.184000
v -0.367000 0.298196 -0.172000
v 0.198000 0.287000 -0.184000
v 0.198000 0.287000 -0.172000
v 0.201000 0.281804 -0.184000
v 0.201000 0.281804 -0.172000
v 0.207000 0.281804 -0.184000
v 0.207000 0.281804 -0.172000
v 0.210000 0.287000 -0.184000
v 0.210000 0.287000 -0.172000
v 0.207000 0.292196 -0.184000
v 0.207000 0.292196 -0.172000
v 0.201000 0.292196 -0.184000
v 0.201000 0.292196 -0.172000
v 0.198000 0.293000 -0.184000
v 0.198000 0.293000 -0.172000
v 0.201000 0.287804 -0.184000
v 0.201000 0.287804 -0.172000
v 0.207000 0.287804 -0.184000
v 0.207000 0.287804 -0.172000
v 0.210000 0.293000 -0.184000
v 0.210000 0.293000 -0.172000
v 0.207000 0.298196 -0.184000
v 0.207000 0.298196 -0.172000
v 0.201000 0.298196 -0.184000
v 0.201000 0.298196 -0.172000
v -0.464000 0.171000 -0.184000
v 0.304000 0.171000 -0.184000
v 0.304000 0.189000 -0.184000
v -0.464000 0.189000 -0.184000
v -0.464000 0.171000 -0.172000
v 0.304000 0.171000 -0.172000
v 0.304000 0.189000 -0.172000
v -0.464000 0.189000 -0.172000
v -0.470000 0.177000 -0.184000
v 0.310000 0.177000 -0.184000
v 0.310000 0.183000 -0.184000
v -0.470000 0.183000 -0.184000
v -0.470000 0.177000 -0.172000
v 0.310000 0.177000 -0.172000
v 0.310000 0.183000 -0.172000
v -0.470000 0.183000 -0.172000
v -0.470000 0.177000 -0.184000
v -0.470000 0.177000 -0.172000
v -0.467000 0.171804 -0.184000
v -0.467000 0.171804 -0.172000
v -0.461000 0.171804 -0.184000
v -0.461000 0.171804 -0.172000
v -0.458000 0.177000 -0.184000
v -0.458000 0.177000 -0.172000
v -0.461000 0.182196 -0.184000
v -0.461000 0.182196 -0.172000
v -0.467000 0.182196 -0.184000
v -0.467000 0.182196 -0.172000
v -0.470000 0.183000 -0.184000
v -0.470000 0.183000 -0.172000
v -0.467000 0.177804 -0.184000
v -0.467000 0.177804 -0.172000
v -0.461000 0.177804 -0.184000
v -0.461000 0.177804 -0.172000
v -0.458000 0.183000 -0.184000
v -0.458000 0.183000 -0.172000
v -0.461000 0.188196 -0.184000
v -0.461000 0.188196 -0.172000
v -0.467000 0.188196 -0.184000
v -0.467000 0.188196 -0.172000
v 0.298000 0.177000 -0.184000
v 0.298000 0.177000 -0.172000
v 0.301000 0.171804 -0.184000
v 0.301000 0.171804 -0.172000
v 0.307000 0.171804 -0.184000
v 0.307000 0.171804 -0.172000
v 0.310000 0.177000 -0.184000
v 0.310000 0.177000 -0.172000
v 0.307000 0.182196 -0.184000
v 0.307000 0.182196 -0.172000
v 0.301000 0.182196 -0.184000
v 0.301000 0.182196 -0.172000
v 0.298000 0.183000 -0.184000
v 0.298000 0.183000 -0.172000
v 0.301000 0.177804 -0.184000
v 0.301000 0.177804 -0.172000
v 0.307000 0.177804 -0.184000
v 0.307000 0.177804 -0.172000
v 0.310000 0.183000 -0.184000
v 0.310000 0.183000 -0.172000
v 0.307000 0.188196 -0.184000
v 0.307000 0.188196 -0.172000
v 0.301000 0.188196 -0.184000
v 0.301000 0.188196 -0.172000
v -0.502000 -0.005000 -0.183000
v -0.338000 -0.005000 -0.183000
v -0.338000 0.025000 -0.183000
v -0.502000 0.025000 -0.183000
v -0.502000 -0.005000 -0.169000
v -0.338000 -0.005000 -0.169000
v -0.338000 0.025000 -0.169000
v -0.502000 0.025000 -0.169000
v -0.510000 0.003000 -0.183000
v -0.330000 0.003000 -0.183000
v -0.330000 0.017000 -0.183000
v -0.510000 0.017000 -0.183000
v -0.510000 0.003000 -0.169000
v -0.330000 0.003000 -0.169000
v -0.330000 0.017000 -0.169000
v -0.510000 0.017000 -0.169000
v -0.510000 0.003000 -0.183000
v -0.510000 0.003000 -0.169000
v -0.506000 -0.003928 -0.183000
v -0.506000 -0.003928 -0.169000
v -0.498000 -0.003928 -0.183000
v -0.498000 -0.003928 -0.169000
v -0.494000 0.003000 -0.183000
v -0.494000 0.003000 -0.169000
v -0.498000 0.009928 -0.183000
v -0.498000 0.009928 -0.169000
v -0.506000 0.009928 -0.183000
v -0.506000 0.009928 -0.169000
v -0.510000 0.017000 -0.183000
v -0.510000 0.017000 -0.169000
v -0.506000 0.010072 -0.183000
v -0.506000 0.010072 -0.169000
v -0.498000 0.010072 -0.183000
v -0.498000 0.010072 -0.169000
v -0.494000 0.017000 -0.183000
v -0.494000 0.017000 -0.169000
v -0.498000 0.023928 -0.183000
v -0.498000 0.023928 -0.169000
v -0.506000 0.023928 -0.183000
v -0.506000 0.023928 -0.169000
v -0.346000 0.003000 -0.183000
v -0.346000 0.003000 -0.169000
v -0.342000 -0.003928 -0.183000
v -0.342000 -0.003928 -0.169000
v -0.334000 -0.003928 -0.183000
v -0.334000 -0.003928 -0.169000
v -0.330000 0.003000 -0.183000
v -0.330000 0.003000 -0.169000
v -0.334000 0.009928 -0.183000
v -0.334000 0.009928 -0.169000
v -0.342000 0.009928 -0.183000
v -0.342000 0.009928 -0.169000
v -0.346000 0.017000 -0.183000
v -0.346000 0.017000 -0.169000
v -0.342000 0.010072 -0.183000
v -0.342000 0.010072 -0.169000
v -0.334000 0.010072 -0.183000
v -0.334000 0.010072 -0.169000
v -0.330000 0.017000 -0.183000
v -0.330000 0.017000 -0.169000
v -0.334000 0.023928 -0.183000
v -0.334000 0.023928 -0.169000
v -0.342000 0.023928 -0.183000
v -0.342000 0.023928 -0.169000
v 0.300000 0.470000 -0.183000
v 0.500000 0.470000 -0.183000
v 0.500000 0.510000 -0.183000
v 0.300000 0.510000 -0.183000
v 0.300000 0.470000 -0.169000
v 0.500000 0.470000 -0.169000
v 0.500000 0.510000 -0.169000
v 0.300000 0.510000 -0.169000
v 0.290000 0.480000 -0.183000
v 0.510000 0.480000 -0.183000
v 0.510000 0.500000 -0.183000
v 0.290000 0.500000 -0.183000
v 0.290000 0.480000 -0.169000
v 0.510000 0.480000 -0.169000
v 0.510000 0.500000 -0.169000
v 0.290000 0.500000 -0.169000
v 0.290000 0.480000 -0.183000
v 0.290000 0.480000 -0.169000
v 0.295000 0.471340 -0.183000
v 0.295000 0.471340 -0.169000
v 0.305000 0.471340 -0.183000
v 0.305000 0.471340 -0.169000
v 0.310000 0.480000 -0.183000
v 0.310000 0.480000 -0.169000
v 0.305000 0.488660 -0.183000
v 0.305000 0.488660 -0.169000
v 0.295000 0.488660 -0.183000
v 0.295000 0.488660 -0.169000
v 0.290000 0.500000 -0.183000
v 0.290000 0.500000 -0.169000
v 0.295000 0.491340 -0.183000
v 0.295000 0.491340 -0.169000
v 0.305000 0.491340 -0.183000
v 0.305000 0.491340 -0.169000
v 0.310000 0.500000 -0.183000
v 0.310000 0.500000 -0.169000
v 0.305000 0.508660 -0.183000
v 0.305000 0.508660 -0.169000
v 0.295000 0.508660 -0.183000
v 0.295000 0.508660 -0.169000
v 0.490000 0.480000 -0.183000
v 0.490000 0.480000 -0.169000
v 0.495000 0.471340 -0.183000
v 0.495000 0.471340 -0.169000
v 0.505000 0.471340 -0.183000
v 0.505000 0.471340 -0.169000
v 0.510000 0.480000 -0.183000
v 0.510000 0.480000 -0.169000
v 0.505000 0.488660 -0.183000
v 0.505000 0.488660 -0.169000
v 0.495000 0.488660 -0.183000
v 0.495000 0.488660 -0.169000
v 0.490000 0.500000 -0.183000
v 0.490000 0.500000 -0.169000
v 0.495000 0.491340 -0.183000
v 0.495000 0.491340 -0.169000
v 0.505000 0.491340 -0.183000
v 0.505000 0.491340 -0.169000
v 0.510000 0.500000 -0.183000
v 0.510000 0.500000 -0.169000
v 0.505000 0.508660 -0.183000
v 0.505000 0.508660 -0.169000
v 0.495000 0.508660 -0.183000
v 0.495000 0.508660 -0.169000
v 0.493292 0.020000 0.103416
v 0.673292 -0.100000 0.193416
v 0.490445 0.009927 0.095679
v 0.670445 -0.110073 0.185679
v 0.494794 0.007440 0.083665
v 0.674794 -0.112560 0.173665
v 0.503063 0.014410 0.076422
v 0.683063 -0.105590 0.166422
v 0.509025 0.025590 0.079403
v 0.689025 -0.094410 0.169403
v 0.508192 0.032560 0.090364
v 0.688192 -0.087440 0.180364
v 0.501190 0.030073 0.101051
v 0.681190 -0.089927 0.191051
v 0.695000 -0.100000 0.180000
v 0.795000 -0.340000 0.160000
v 0.689352 -0.100899 0.190793
v 0.789352 -0.340899 0.170793
v 0.676662 -0.101122 0.193459
v 0.776662 -0.341122 0.173459
v 0.666485 -0.100499 0.185990
v 0.766485 -0.340499 0.165990
v 0.666485 -0.099501 0.174010
v 0.766485 -0.339501 0.154010
v 0.676662 -0.098878 0.166541
v 0.776662 -0.338878 0.146541
v 0.689352 -0.099101 0.169207
v 0.789352 -0.339101 0.149207
v 0.787717 -0.340000 0.147138
v 0.587717 -0.530000 0.027138
v 0.791163 -0.349092 0.155791
v 0.591163 -0.539092 0.035791
v 0.786203 -0.351338 0.167614
v 0.586203 -0.541338 0.047614
v 0.776572 -0.345046 0.173703
v 0.576572 -0.535046 0.053703
v 0.769522 -0.334954 0.169474
v 0.569522 -0.524954 0.049474
v 0.770363 -0.328662 0.158110
v 0.570363 -0.518662 0.038110
v 0.778460 -0.330908 0.148170
v 0.578460 -0.520908 0.028170
v -0.484810 0.020000 0.069006
v -0.644810 -0.080000 0.139006
v -0.478728 0.011858 0.071277
v -0.638728 -0.088142 0.141277
v -0.473604 0.009847 0.080116
v -0.633604 -0.090153 0.150116
v -0.473296 0.015482 0.088868
v -0.633296 -0.084518 0.158868
v -0.478037 0.024518 0.090942
v -0.638037 -0.075482 0.160942
v -0.484256 0.030153 0.084776
v -0.644256 -0.069847 0.154776
v -0.487270 0.028142 0.075014
v -0.647270 -0.071858 0.145014
v -0.629710 -0.080000 0.143826
v -0.689710 -0.240000 0.043826
v -0.629684 -0.085526 0.152652
v -0.689684 -0.245526 0.052652
v -0.637426 -0.086891 0.159481
v -0.697426 -0.246891 0.059481
v -0.647106 -0.083067 0.159170
v -0.707106 -0.243067 0.059170
v -0.651436 -0.076933 0.151955
v -0.711436 -0.236933 0.051955
v -0.647154 -0.073109 0.143267
v -0.707154 -0.233109 0.043267
v -0.637485 -0.074474 0.139649
v -0.697485 -0.234474 0.039649
v -0.694907 -0.240000 0.060866
v -0.374907 -0.360000 -0.089134
v -0.699556 -0.248884 0.058055
v -0.379556 -0.368884 -0.091945
v -0.704539 -0.251078 0.049179
v -0.384539 -0.371078 -0.100821
v -0.706105 -0.244930 0.040921
v -0.386105 -0.364930 -0.109079
v -0.703073 -0.235070 0.039500
v -0.383073 -0.355070 -0.110500
v -0.697727 -0.228922 0.045986
v -0.377727 -0.348922 -0.104014
v -0.694093 -0.231116 0.055494
v -0.374093 -0.351116 -0.094506
vt 0.000000 0.000000
vt 1.000000 0.000000
vt 1.000000 1.000000
vt 0.000000 1.000000
vt 0.000000 0.000000
vt 1.000000 0.000000
vt 1.000000 1.000000
vt 0.000000 1.000000
vt 0.000000 0.000000
vt 1.000000 0.000000
vt 1.000000 1.000000
vt 0.000000 1.000000
vt 0.000000 0.000000
vt 1.000000 0.000000
vt 1.000000 1.000000
vt 0.000000 1.000000
vt 0.000000 0.000000
vt 1.000000 0.000000
vt 1.000000 1.000000
vt 0.000000 1.000000
vt 0.000000 0.000000
vt 1.000000 0.000000
vt 1.000000 1.000000
vt 0.000000 1.000000
vt 0.000000 0.000000
vt 1.000000 0.000000
vt 1.000000 1.000000
vt 0.000000 1.000000
vt 0.000000 0.000000
vt 1.000000 0.000000
vt 1.000000 1.000000
vt 0.000000 1.000000
vt 0.000000 0.000000
vt 1.000000 0.000000
vt 1.000000 1.000000
vt 0.000000 1.000000
vt 0.000000 0.000000
vt 1.000000 0.000000
vt 1.000000 1.000000
vt 0.000000 1.000000
vt 0.000000 0.000000
vt 1.000000 0.000000
vt 1.000000 1.000000
vt 0.000000 1.000000
vt 0.000000 0.000000
vt 1.000000 0.000000
vt 1.000000 1.000000
vt 0.000000 1.000000
vt 0.000000 0.000000
vt 1.000000 0.000000
vt 1.000000 1.000000
vt 0.000000 1.000000
vt 0.000000 0.000000
vt 1.000000 0.000000
vt 1.000000 1.000000
vt 0.000000 1.000000
vt 0.000000 0.000000
vt 1.000000 0.000000
vt 1.000000 1.000000
vt 0.000000 1.000000
vt 0.000000 0.000000
vt 1.000000 0.000000
vt 1.000000 1.000000
vt 0.000000 1.000000
vt 0.000000 0.000000
vt 1.000000 0.000000
vt 1.000000 1.000000
vt 0.000000 1.000000
vt 0.000000 0.000000
vt 1.000000 0.000000
vt 1.000000 1.000000
vt 0.000000 1.000000
vt 0.000000 0.000000
vt 1.000000 0.000000
vt 1.000000 1.000000
vt 0.000000 1.000000
vt 0.000000 0.000000
vt 1.000000 0.000000
vt 1.000000 1.000000
vt 0.000000 1.000000
vt 0.000000 0.000000
vt 1.000000 0.000000
vt 1.000000 1.000000
vt 0.000000 1.000000
vt 0.000000 0.000000
vt 1.000000 0.000000
vt 1.000000 1.000000
vt 0.000000 1.000000
vt 0.000000 0.000000
vt 1.000000 0.000000
vt 1.000000 1.000000
vt 0.000000 1.000000
vt 0.000000 0.000000
vt 1.000000 0.000000
vt 1.000000 1.000000
vt 0.000000 1.000000
vt 0.000000 0.000000
vt 1.000000 0.000000
vt 1.000000 1.000000
vt 0.000000 1.000000
vt 0.000000 0.000000
vt 1.000000 0.000000
vt 1.000000 1.000000
vt 0.000000 1.000000
vt 1.000000 0.500000
vt 0.950484 0.716942
vt 0.811745 0.890916
vt 0.611260 0.987464
vt 0.388740 0.987464
vt 0.188255 0.890916
vt 0.049516 0.716942
vt 0.000000 0.500000
vt 0.049516 0.283058
vt 0.188255 0.109084
vt 0.388740 0.012536
vt 0.611260 0.012536
vt 0.811745 0.109084
vt 0.950484 0.283058
vt 1.000000 0.500000
vt 0.950484 0.716942
vt 0.811745 0.890916
vt 0.611260 0.987464
vt 0.388740 0.987464
vt 0.188255 0.890916
vt 0.049516 0.716942
vt 0.000000 0.500000
vt 0.049516 0.283058
vt 0.188255 0.109084
vt 0.388740 0.012536
vt 0.611260 0.012536
vt 0.811745 0.109084
vt 0.950484 0.283058
vt 0.000000 0.000000
vt 1.000000 0.000000
vt 1.000000 1.000000
vt 0.000000 1.000000
vt 0.000000 0.000000
vt 1.000000 0.000000
vt 1.000000 1.000000
vt 0.000000 1.000000
vt 0.000000 0.000000
vt 1.000000 0.000000
vt 1.000000 1.000000
vt 0.000000 1.000000
vt 0.000000 0.000000
vt 1.000000 0.000000
vt 1.000000 1.000000
vt 0.000000 1.000000
vt 0.000000 0.000000
vt 1.000000 0.000000
vt 1.000000 1.000000
vt 0.000000 1.000000
vt 0.000000 0.000000
vt 1.000000 0.000000
vt 1.000000 1.000000
vt 0.000000 1.000000
vt 0.000000 0.000000
vt 1.000000 0.000000
vt 1.000000 1.000000
vt 0.000000 1.000000
vt 0.000000 0.000000
vt 1.000000 0.000000
vt 1.000000 1.000000
vt 0.000000 1.000000
vt 0.000000 0.000000
vt 1.000000 0.000000
vt 1.000000 1.000000
vt 0.000000 1.000000
vt 0.000000 0.000000
vt 1.000000 0.000000
vt 1.000000 1.000000
vt 0.000000 1.000000
vt 0.000000 0.000000
vt 1.000000 0.000000
vt 1.000000 1.000000
vt 0.000000 1.000000
vt 0.000000 0.000000
vt 1.000000 0.000000
vt 1.000000 1.000000
vt 0.000000 1.000000
vt 0.000000 0.000000
vt 1.000000 0.000000
vt 1.000000 1.000000
vt 0.000000 1.000000
vt 0.000000 0.000000
vt 1.000000 0.000000
vt 1.000000 1.000000
vt 0.000000 1.000000
vt 1.000000 0.500000
vt 0.950484 0.716942
vt 0.811745 0.890916
vt 0.611260 0.987464
vt 0.388740 0.987464
vt 0.188255 0.890916
vt 0.049516 0.716942
vt 0.000000 0.500000
vt 0.049516 0.283058
vt 0.188255 0.109084
vt 0.388740 0.012536
vt 0.611260 0.012536
vt 0.811745 0.109084
vt 0.950484 0.283058
vt 1.000000 0.500000
vt 0.950484 0.716942
vt 0.811745 0.890916
vt 0.611260 0.987464
vt 0.388740 0.987464
vt 0.188255 0.890916
vt 0.049516 0.716942
vt 0.000000 0.500000
vt 0.049516 0.283058
vt 0.188255 0.109084
vt 0.388740 0.012536
vt 0.611260 0.012536
vt 0.811745 0.109084
vt 0.950484 0.283058
vt 0.000000 0.000000
vt 1.000000 0.000000
vt 1.000000 1.000000
vt 0.000000 1.000000
vt 0.000000 0.000000
vt 1.000000 0.000000
vt 1.000000 1.000000
vt 0.000000 1.000000
vt 0.000000 0.000000
vt 1.000000 0.000000
vt 1.000000 1.000000
vt 0.000000 1.000000
vt 0.000000 0.000000
vt 1.000000 0.000000
vt 1.000000 1.000000
vt 0.000000 1.000000
vt 0.000000 0.000000
vt 1.000000 0.000000
vt 1.000000 1.000000
vt 0.000000 1.000000
vt 0.000000 0.000000
vt 1.000000 0.000000
vt 1.000000 1.000000
vt 0.000000 1.000000
vt 0.000000 0.000000
vt 1.000000 0.000000
vt 1.000000 1.000000
vt 0.000000 1.000000
vt 0.000000 0.000000
vt 1.000000 0.000000
vt 1.000000 1.000000
vt 0.000000 1.000000
vt 0.000000 0.000000
vt 1.000000 0.000000
vt 1.000000 1.000000
vt 0.000000 1.000000
vt 0.000000 0.000000
vt 1.000000 0.000000
vt 1.000000 1.000000
vt 0.000000 1.000000
vt 0.000000 0.000000
vt 1.000000 0.000000
vt 1.000000 1.000000
vt 0.000000 1.000000
vt 0.000000 0.000000
vt 1.000000 0.000000
vt 1.000000 1.000000
vt 0.000000 1.000000
vt 0.000000 0.000000
vt 1.000000 0.000000
vt 1.000000 1.000000
vt 0.000000 1.000000
vt 0.000000 0.000000
vt 1.000000 0.000000
vt 1.000000 1.000000
vt 0.000000 1.000000
vt 1.000000 0.500000
vt 0.950484 0.716942
vt 0.811745 0.890916
vt 0.611260 0.987464
vt 0.388740 0.987464
vt 0.188255 0.890916
vt 0.049516 0.716942
vt 0.000000 0.500000
vt 0.049516 0.283058
vt 0.188255 0.109084
vt 0.388740 0.012536
vt 0.611260 0.012536
vt 0.811745 0.109084
vt 0.950484 0.283058
vt 1.000000 0.500000
vt 0.950484 0.716942
vt 0.811745 0.890916
vt 0.611260 0.987464
vt 0.388740 0.987464
vt 0.188255 0.890916
vt 0.049516 0.716942
vt 0.000000 0.500000
vt 0.049516 0.283058
vt 0.188255 0.109084
vt 0.388740 0.012536
vt 0.611260 0.012536
vt 0.811745 0.109084
vt 0.950484 0.283058
vt 0.000000 0.000000
vt 1.000000 0.000000
vt 1.000000 1.000000
vt 0.000000 1.000000
vt 0.000000 0.000000
vt 1.000000 0.000000
vt 1.000000 1.000000
vt 0.000000 1.000000
vt 0.000000 0.000000
vt 1.000000 0.000000
vt 1.000000 1.000000
vt 0.000000 1.000000
vt 0.000000 0.000000
vt 1.000000 0.000000
vt 1.000000 1.000000
vt 0.000000 1.000000
vt 0.000000 0.000000
vt 1.000000 0.000000
vt 1.000000 1.000000
vt 0.000000 1.000000
vt 0.000000 0.000000
vt 1.000000 0.000000
vt 1.000000 1.000000
vt 0.000000 1.000000
vt 0.000000 0.000000
vt 1.000000 0.000000
vt 1.000000 1.000000
vt 0.000000 1.000000
vt 0.000000 0.000000
vt 1.000000 0.000000
vt 1.000000 1.000000
vt 0.000000 1.000000
vt 0.000000 0.000000
vt 1.000000 0.000000
vt 1.000000 1.000000
vt 0.000000 1.000000
vt 0.000000 0.000000
vt 1.000000 0.000000
vt 1.000000 1.000000
vt 0.000000 1.000000
vt 0.000000 0.000000
vt 1.000000 0.000000
vt 1.000000 1.000000
vt 0.000000 1.000000
vt 0.000000 0.000000
vt 1.000000 0.000000
vt 1.000000 1.000000
vt 0.000000 1.000000
vt 0.000000 0.000000
vt 1.000000 0.000000
vt 1.000000 1.000000
vt 0.000000 1.000000
vt 0.000000 0.000000
vt 1.000000 0.000000
vt 1.000000 1.000000
vt 0.000000 1.000000
vt 1.000000 0.500000
vt 0.950484 0.716942
vt 0.811745 0.890916
vt 0.611260 0.987464
vt 0.388740 0.987464
vt 0.188255 0.890916
vt 0.049516 0.716942
vt 0.000000 0.500000
vt 0.049516 0.283058
vt 0.188255 0.109084
vt 0.388740 0.012536
vt 0.611260 0.012536
vt 0.811745 0.109084
vt 0.950484 0.283058
vt 1.000000 0.500000
vt 0.950484 0.716942
vt 0.811745 0.890916
vt 0.611260 0.987464
vt 0.388740 0.987464
vt 0.188255 0.890916
vt 0.049516 0.716942
vt 0.000000 0.500000
vt 0.049516 0.283058
vt 0.188255 0.109084
vt 0.388740 0.012536
vt 0.611260 0.012536
vt 0.811745 0.109084
vt 0.950484 0.283058
vt 0.000000 0.000000
vt 1.000000 0.000000
vt 1.000000 1.000000
vt 0.000000 1.000000
vt 0.000000 0.000000
vt 1.000000 0.000000
vt 1.000000 1.000000
vt 0.000000 1.000000
vt 0.000000 0.000000
vt 1.000000 0.000000
vt 1.000000 1.000000
vt 0.000000 1.000000
vt 0.000000 0.000000
vt 1.000000 0.000000
vt 1.000000 1.000000
vt 0.000000 1.000000
vt 0.000000 0.000000
vt 1.000000 0.000000
vt 1.000000 1.000000
vt 0.000000 1.000000
vt 0.000000 0.000000
vt 1.000000 0.000000
vt 1.000000 1.000000
vt 0.000000 1.000000
vt 0.000000 0.000000
vt 1.000000 0.000000
vt 1.000000 1.000000
vt 0.000000 1.000000
vt 0.000000 0.000000
vt 1.000000 0.000000
vt 1.000000 1.000000
vt 0.000000 1.000000
vt 0.000000 0.000000
vt 1.000000 0.000000
vt 1.000000 1.000000
vt 0.000000 1.000000
vt 0.000000 0.000000
vt 1.000000 0.000000
vt 1.000000 1.000000
vt 0.000000 1.000000
vt 0.000000 0.000000
vt 1.000000 0.000000
vt 1.000000 1.000000
vt 0.000000 1.000000
vt 0.000000 0.000000
vt 1.000000 0.000000
vt 1.000000 1.000000
vt 0.000000 1.000000
vt 0.000000 0.000000
vt 1.000000 0.000000
vt 1.000000 1.000000
vt 0.000000 1.000000
vt 0.000000 0.000000
vt 1.000000 0.000000
vt 1.000000 1.000000
vt 0.000000 1.000000
vt 0.000000 0.000000
vt 1.000000 0.000000
vt 1.000000 1.000000
vt 0.000000 1.000000
vt 0.000000 0.000000
vt 1.000000 0.000000
vt 1.000000 1.000000
vt 0.000000 1.000000
vt 0.000000 0.000000
vt 1.000000 0.000000
vt 1.000000 1.000000
vt 0.000000 1.000000
vt 0.000000 0.000000
vt 1.000000 0.000000
vt 1.000000 1.000000
vt 0.000000 1.000000
vt 0.000000 0.000000
vt 1.000000 0.000000
vt 1.000000 1.000000
vt 0.000000 1.000000
vt 0.000000 0.000000
vt 1.000000 0.000000
vt 1.000000 1.000000
vt 0.000000 1.000000
vt 0.000000 0.000000
vt 1.000000 0.000000
vt 1.000000 1.000000
vt 0.000000 1.000000
vt 0.000000 0.000000
vt 1.000000 0.000000
vt 1.000000 1.000000
vt 0.000000 1.000000
vt 0.000000 0.000000
vt 1.000000 0.000000
vt 1.000000 1.000000
vt 0.000000 1.000000
vt 0.000000 0.000000
vt 1.000000 0.000000
vt 1.000000 1.000000
vt 0.000000 1.000000
vt 0.000000 0.000000
vt 1.000000 0.000000
vt 1.000000 1.000000
vt 0.000000 1.000000
vt 0.000000 0.000000
vt 1.000000 0.000000
vt 1.000000 1.000000
vt 0.000000 1.000000
vt 1.000000 0.500000
vt 0.950484 0.716942
vt 0.811745 0.890916
vt 0.611260 0.987464
vt 0.388740 0.987464
vt 0.188255 0.890916
vt 0.049516 0.716942
vt 0.000000 0.500000
vt 0.049516 0.283058
vt 0.188255 0.109084
vt 0.388740 0.012536
vt 0.611260 0.012536
vt 0.811745 0.109084
vt 0.950484 0.283058
vt 1.000000 0.500000
vt 0.950484 0.716942
vt 0.811745 0.890916
vt 0.611260 0.987464
vt 0.388740 0.987464
vt 0.188255 0.890916
vt 0.049516 0.716942
vt 0.000000 0.500000
vt 0.049516 0.283058
vt 0.188255 0.109084
vt 0.388740 0.012536
vt 0.611260 0.012536
vt 0.811745 0.109084
vt 0.950484 0.283058
vt 0.000000 0.000000
vt 1.000000 0.000000
vt 1.000000 1.000000
vt 0.000000 1.000000
vt 0.000000 0.000000
vt 1.000000 0.000000
vt 1.000000 1.000000
vt 0.000000 1.000000
vt 0.000000 0.000000
vt 1.000000 0.000000
vt 1.000000 1.000000
vt 0.000000 1.000000
vt 0.000000 0.000000
vt 1.000000 0.000000
vt 1.000000 1.000000
vt 0.000000 1.000000
vt 0.000000 0.000000
vt 1.000000 0.000000
vt 1.000000 1.000000
vt 0.000000 1.000000
vt 0.000000 0.000000
vt 1.000000 0.000000
vt 1.000000 1.000000
vt 0.000000 1.000000
vt 0.000000 0.000000
vt 1.000000 0.000000
vt 1.000000 1.000000
vt 0.000000 1.000000
vt 0.000000 0.000000
vt 1.000000 0.000000
vt 1.000000 1.000000
vt 0.000000 1.000000
vt 0.000000 0.000000
vt 1.000000 0.000000
vt 1.000000 1.000000
vt 0.000000 1.000000
vt 0.000000 0.000000
vt 1.000000 0.000000
vt 1.000000 1.000000
vt 0.000000 1.000000
vt 0.000000 0.000000
vt 1.000000 0.000000
vt 1.000000 1.000000
vt 0.000000 1.000000
vt 0.000000 0.000000
vt 1.000000 0.000000
vt 1.000000 1.000000
vt 0.000000 1.000000
vt 0.000000 0.000000
vt 1.000000 0.000000
vt 1.000000 1.000000
vt 0.000000 1.000000
vt 0.000000 0.000000
vt 1.000000 0.000000
vt 1.000000 1.000000
vt 0.000000 1.000000
vt 1.000000 0.500000
vt 0.950484 0.716942
vt 0.811745 0.890916
vt 0.611260 0.987464
vt 0.388740 0.987464
vt 0.188255 0.890916
vt 0.049516 0.716942
vt 0.000000 0.500000
vt 0.049516 0.283058
vt 0.188255 0.109084
vt 0.388740 0.012536
vt 0.611260 0.012536
vt 0.811745 0.109084
vt 0.950484 0.283058
vt 1.000000 0.500000
vt 0.950484 0.716942
vt 0.811745 0.890916
vt 0.611260 0.987464
vt 0.388740 0.987464
vt 0.188255 0.890916
vt 0.049516 0.716942
vt 0.000000 0.500000
vt 0.049516 0.283058
vt 0.188255 0.109084
vt 0.388740 0.012536
vt 0.611260 0.012536
vt 0.811745 0.109084
vt 0.950484 0.283058
vt 0.000000 0.000000
vt 1.000000 0.000000
vt 1.000000 1.000000
vt 0.000000 1.000000
vt 0.000000 0.000000
vt 1.000000 0.000000
vt 1.000000 1.000000
vt 0.000000 1.000000
vt 0.000000 0.000000
vt 1.000000 0.000000
vt 1.000000 1.000000
vt 0.000000 1.000000
vt 0.000000 0.000000
vt 1.000000 0.000000
vt 1.000000 1.000000
vt 0.000000 1.000000
vt 0.000000 0.000000
vt 1.000000 0.000000
vt 1.000000 1.000000
vt 0.000000 1.000000
vt 0.000000 0.000000
vt 1.000000 0.000000
vt 1.000000 1.000000
vt 0.000000 1.000000
vt 0.000000 0.000000
vt 1.000000 0.000000
vt 1.000000 1.000000
vt 0.000000 1.000000
vt 0.000000 0.000000
vt 1.000000 0.000000
vt 1.000000 1.000000
vt 0.000000 1.000000
vt 0.000000 0.000000
vt 1.000000 0.000000
vt 1.000000 1.000000
vt 0.000000 1.000000
vt 0.000000 0.000000
vt 1.000000 0.000000
vt 1.000000 1.000000
vt 0.000000 1.000000
vt 0.000000 0.000000
vt 1.000000 0.000000
vt 1.000000 1.000000
vt 0.000000 1.000000
vt 0.000000 0.000000
vt 1.000000 0.000000
vt 1.000000 1.000000
vt 0.000000 1.000000
vt 0.000000 0.000000
vt 1.000000 0.000000
vt 1.000000 1.000000
vt 0.000000 1.000000
vt 0.000000 0.000000
vt 1.000000 0.000000
vt 1.000000 1.000000
vt 0.000000 1.000000
vt 1.000000 0.500000
vt 0.950484 0.716942
vt 0.811745 0.890916
vt 0.611260 0.987464
vt 0.388740 0.987464
vt 0.188255 0.890916
vt 0.049516 0.716942
vt 0.000000 0.500000
vt 0.049516 0.283058
vt 0.188255 0.109084
vt 0.388740 0.012536
vt 0.611260 0.012536
vt 0.811745 0.109084
vt 0.950484 0.283058
vt 1.000000 0.500000
vt 0.950484 0.716942
vt 0.811745 0.890916
vt 0.611260 0.987464
vt 0.388740 0.987464
vt 0.188255 0.890916
vt 0.049516 0.716942
vt 0.000000 0.500000
vt 0.049516 0.283058
vt 0.188255 0.109084
vt 0.388740 0.012536
vt 0.611260 0.012536
vt 0.811745 0.109084
vt 0.950484 0.283058
vt 0.000000 0.000000
vt 1.000000 0.000000
vt 1.000000 1.000000
vt 0.000000 1.000000
vt 0.000000 0.000000
vt 1.000000 0.000000
vt 1.000000 1.000000
vt 0.000000 1.000000
vt 0.000000 0.000000
vt 1.000000 0.000000
vt 1.000000 1.000000
vt 0.000000 1.000000
vt 0.000000 0.000000
vt 1.000000 0.000000
vt 1.000000 1.000000
vt 0.000000 1.000000
vt 0.000000 0.000000
vt 1.000000 0.000000
vt 1.000000 1.000000
vt 0.000000 1.000000
vt 0.000000 0.000000
vt 1.000000 0.000000
vt 1.000000 1.000000
vt 0.000000 1.000000
vt 0.000000 0.000000
vt 1.000000 0.000000
vt 1.000000 1.000000
vt 0.000000 1.000000
vt 0.000000 0.000000
vt 1.000000 0.000000
vt 1.000000 1.000000
vt 0.000000 1.000000
vt 0.000000 0.000000
vt 1.000000 0.000000
vt 1.000000 1.000000
vt 0.000000 1.000000
vt 0.000000 0.000000
vt 1.000000 0.000000
vt 1.000000 1.000000
vt 0.000000 1.000000
vt 0.000000 0.000000
vt 1.000000 0.000000
vt 1.000000 1.000000
vt 0.000000 1.000000
vt 0.000000 0.000000
vt 1.000000 0.000000
vt 1.000000 1.000000
vt 0.000000 1.000000
vt 0.000000 0.000000
vt 1.000000 0.000000
vt 1.000000 1.000000
vt 0.000000 1.000000
vt 0.000000 0.000000
vt 1.000000 0.000000
vt 1.000000 1.000000
vt 0.000000 1.000000
vt 1.000000 0.500000
vt 0.950484 0.716942
vt 0.811745 0.890916
vt 0.611260 0.987464
vt 0.388740 0.987464
vt 0.188255 0.890916
vt 0.049516 0.716942
vt 0.000000 0.500000
vt 0.049516 0.283058
vt 0.188255 0.109084
vt 0.388740 0.012536
vt 0.611260 0.012536
vt 0.811745 0.109084
vt 0.950484 0.283058
vt 1.000000 0.500000
vt 0.950484 0.716942
vt 0.811745 0.890916
vt 0.611260 0.987464
vt 0.388740 0.987464
vt 0.188255 0.890916
vt 0.049516 0.716942
vt 0.000000 0.500000
vt 0.049516 0.283058
vt 0.188255 0.109084
vt 0.388740 0.012536
vt 0.611260 0.012536
vt 0.811745 0.109084
vt 0.950484 0.283058
vt 0.000000 0.000000
vt 1.000000 0.000000
vt 1.000000 1.000000
vt 0.000000 1.000000
vt 0.000000 0.000000
vt 1.000000 0.000000
vt 1.000000 1.000000
vt 0.000000 1.000000
vt 0.000000 0.000000
vt 1.000000 0.000000
vt 1.000000 1.000000
vt 0.000000 1.000000
vt 0.000000 0.000000
vt 1.000000 0.000000
vt 1.000000 1.000000
vt 0.000000 1.000000
vt 0.000000 0.000000
vt 1.000000 0.000000
vt 1.000000 1.000000
vt 0.000000 1.000000
vt 0.000000 0.000000
vt 1.000000 0.000000
vt 1.000000 1.000000
vt 0.000000 1.000000
vt 0.000000 0.000000
vt 1.000000 0.000000
vt 1.000000 1.000000
vt 0.000000 1.000000
vt 0.000000 0.000000
vt 1.000000 0.000000
vt 1.000000 1.000000
vt 0.000000 1.000000
vt 0.000000 0.000000
vt 1.000000 0.000000
vt 1.000000 1.000000
vt 0.000000 1.000000
vt 0.000000 0.000000
vt 1.000000 0.000000
vt 1.000000 1.000000
vt 0.000000 1.000000
vt 0.000000 0.000000
vt 1.000000 0.000000
vt 1.000000 1.000000
vt 0.000000 1.000000
vt 0.000000 0.000000
vt 1.000000 0.000000
vt 1.000000 1.000000
vt 0.000000 1.000000
vt 0.000000 0.000000
vt 1.000000 0.000000
vt 1.000000 1.000000
vt 0.000000 1.000000
vt 0.000000 0.000000
vt 1.000000 0.000000
vt 1.000000 1.000000
vt 0.000000 1.000000
vt 0.000000 0.000000
vt 1.000000 0.000000
vt 1.000000 1.000000
vt 0.000000 1.000000
vt 0.000000 0.000000
vt 1.000000 0.000000
vt 1.000000 1.000000
vt 0.000000 1.000000
vt 0.000000 0.000000
vt 1.000000 0.000000
vt 1.000000 1.000000
vt 0.000000 1.000000
vt 0.000000 0.000000
vt 1.000000 0.000000
vt 1.000000 1.000000
vt 0.000000 1.000000
vt 0.000000 0.000000
vt 1.000000 0.000000
vt 1.000000 1.000000
vt 0.000000 1.000000
vt 0.000000 0.000000
vt 1.000000 0.000000
vt 1.000000 1.000000
vt 0.000000 1.000000
vt 0.000000 0.000000
vt 1.000000 0.000000
vt 1.000000 1.000000
vt 0.000000 1.000000
vt 0.000000 0.000000
vt 1.000000 0.000000
vt 1.000000 1.000000
vt 0.000000 1.000000
vt 1.000000 0.500000
vt 0.904508 0.793893
vt 0.654508 0.975528
vt 0.345492 0.975528
vt 0.095492 0.793893
vt 0.000000 0.500000
vt 0.095492 0.206107
vt 0.345492 0.024472
vt 0.654508 0.024472
vt 0.904508 0.206107
vt 1.000000 0.500000
vt 0.904508 0.793893
vt 0.654508 0.975528
vt 0.345492 0.975528
vt 0.095492 0.793893
vt 0.000000 0.500000
vt 0.095492 0.206107
vt 0.345492 0.024472
vt 0.654508 0.024472
vt 0.904508 0.206107
vt 0.000000 0.000000
vt 1.000000 0.000000
vt 1.000000 1.000000
vt 0.000000 1.000000
vt 0.000000 0.000000
vt 1.000000 0.000000
vt 1.000000 1.000000
vt 0.000000 1.000000
vt 0.000000 0.000000
vt 1.000000 0.000000
vt 1.000000 1.000000
vt 0.000000 1.000000
vt 0.000000 0.000000
vt 1.000000 0.000000
vt 1.000000 1.000000
vt 0.000000 1.000000
vt 0.000000 0.000000
vt 1.000000 0.000000
vt 1.000000 1.000000
vt 0.000000 1.000000
vt 0.000000 0.000000
vt 1.000000 0.000000
vt 1.000000 1.000000
vt 0.000000 1.000000
vt 0.000000 0.000000
vt 1.000000 0.000000
vt 1.000000 1.000000
vt 0.000000 1.000000
vt 0.000000 0.000000
vt 1.000000 0.000000
vt 1.000000 1.000000
vt 0.000000 1.000000
vt 0.000000 0.000000
vt 1.000000 0.000000
vt 1.000000 1.000000
vt 0.000000 1.000000
vt 0.000000 0.000000
vt 1.000000 0.000000
vt 1.000000 1.000000
vt 0.000000 1.000000
vt 1.000000 0.500000
vt 0.904508 0.793893
vt 0.654508 0.975528
vt 0.345492 0.975528
vt 0.095492 0.793893
vt 0.000000 0.500000
vt 0.095492 0.206107
vt 0.345492 0.024472
vt 0.654508 0.024472
vt 0.904508 0.206107
vt 1.000000 0.500000
vt 0.904508 0.793893
vt 0.654508 0.975528
vt 0.345492 0.975528
vt 0.095492 0.793893
vt 0.000000 0.500000
vt 0.095492 0.206107
vt 0.345492 0.024472
vt 0.654508 0.024472
vt 0.904508 0.206107
vt 0.000000 0.000000
vt 1.000000 0.000000
vt 1.000000 1.000000
vt 0.000000 1.000000
vt 0.000000 0.000000
vt 1.000000 0.000000
vt 1.000000 1.000000
vt 0.000000 1.000000
vt 0.000000 0.000000
vt 1.000000 0.000000
vt 1.000000 1.000000
vt 0.000000 1.000000
vt 0.000000 0.000000
vt 1.000000 0.000000
vt 1.000000 1.000000
vt 0.000000 1.000000
vt 0.000000 0.000000
vt 1.000000 0.000000
vt 1.000000 1.000000
vt 0.000000 1.000000
vt 0.000000 0.000000
vt 1.000000 0.000000
vt 1.000000 1.000000
vt 0.000000 1.000000
vt 0.000000 0.000000
vt 1.000000 0.000000
vt 1.000000 1.000000
vt 0.000000 1.000000
vt 0.000000 0.000000
vt 1.000000 0.000000
vt 1.000000 1.000000
vt 0.000000 1.000000
vt 0.000000 0.000000
vt 1.000000 0.000000
vt 1.000000 1.000000
vt 0.000000 1.000000
vt 0.000000 0.000000
vt 1.000000 0.000000
vt 1.000000 1.000000
vt 0.000000 1.000000
vt 1.000000 0.500000
vt 0.904508 0.793893
vt 0.654508 0.975528
vt 0.345492 0.975528
vt 0.095492 0.793893
vt 0.000000 0.500000
vt 0.095492 0.206107
vt 0.345492 0.024472
vt 0.654508 0.024472
vt 0.904508 0.206107
vt 1.000000 0.500000
vt 0.904508 0.793893
vt 0.654508 0.975528
vt 0.345492 0.975528
vt 0.095492 0.793893
vt 0.000000 0.500000
vt 0.095492 0.206107
vt 0.345492 0.024472
vt 0.654508 0.024472
vt 0.904508 0.206107
vt 0.000000 0.000000
vt 1.000000 0.000000
vt 1.000000 1.000000
vt 0.000000 1.000000
vt 0.000000 0.000000
vt 1.000000 0.000000
vt 1.000000 1.000000
vt 0.000000 1.000000
vt 0.000000 0.000000
vt 1.000000 0.000000
vt 1.000000 1.000000
vt 0.000000 1.000000
vt 0.000000 0.000000
vt 1.000000 0.000000
vt 1.000000 1.000000
vt 0.000000 1.000000
vt 0.000000 0.000000
vt 1.000000 0.000000
vt 1.000000 1.000000
vt 0.000000 1.000000
vt 0.000000 0.000000
vt 1.000000 0.000000
vt 1.000000 1.000000
vt 0.000000 1.000000
vt 0.000000 0.000000
vt 1.000000 0.000000
vt 1.000000 1.000000
vt 0.000000 1.000000
vt 0.000000 0.000000
vt 1.000000 0.000000
vt 1.000000 1.000000
vt 0.000000 1.000000
vt 0.000000 0.000000
vt 1.000000 0.000000
vt 1.000000 1.000000
vt 0.000000 1.000000
vt 0.000000 0.000000
vt 1.000000 0.000000
vt 1.000000 1.000000
vt 0.000000 1.000000
vt 1.000000 0.500000
vt 0.904508 0.793893
vt 0.654508 0.975528
vt 0.345492 0.975528
vt 0.095492 0.793893
vt 0.000000 0.500000
vt 0.095492 0.206107
vt 0.345492 0.024472
vt 0.654508 0.024472
vt 0.904508 0.206107
vt 1.000000 0.500000
vt 0.904508 0.793893
vt 0.654508 0.975528
vt 0.345492 0.975528
vt 0.095492 0.793893
vt 0.000000 0.500000
vt 0.095492 0.206107
vt 0.345492 0.024472
vt 0.654508 0.024472
vt 0.904508 0.206107
vt 0.000000 0.000000
vt 1.000000 0.000000
vt 1.000000 1.000000
vt 0.000000 1.000000
vt 0.000000 0.000000
vt 1.000000 0.000000
vt 1.000000 1.000000
vt 0.000000 1.000000
vt 0.000000 0.000000
vt 1.000000 0.000000
vt 1.000000 1.000000
vt 0.000000 1.000000
vt 0.000000 0.000000
vt 1.000000 0.000000
vt 1.000000 1.000000
vt 0.000000 1.000000
vt 0.000000 0.000000
vt 1.000000 0.000000
vt 1.000000 1.000000
vt 0.000000 1.000000
vt 0.000000 0.000000
vt 1.000000 0.000000
vt 1.000000 1.000000
vt 0.000000 1.000000
vt 0.000000 0.000000
vt 1.000000 0.000000
vt 1.000000 1.000000
vt 0.000000 1.000000
vt 0.000000 0.000000
vt 1.000000 0.000000
vt 1.000000 1.000000
vt 0.000000 1.000000
vt 0.000000 0.000000
vt 1.000000 0.000000
vt 1.000000 1.000000
vt 0.000000 1.000000
vt 0.000000 0.000000
vt 1.000000 0.000000
vt 1.000000 1.000000
vt 0.000000 1.000000
vt 0.000000 0.000000
vt 1.000000 0.000000
vt 1.000000 1.000000
vt 0.000000 1.000000
vt 0.000000 0.000000
vt 1.000000 0.000000
vt 1.000000 1.000000
vt 0.000000 1.000000
vt 0.000000 0.000000
vt 1.000000 0.000000
vt 1.000000 1.000000
vt 0.000000 1.000000
vt 0.000000 0.000000
vt 1.000000 0.000000
vt 1.000000 1.000000
vt 0.000000 1.000000
vt 0.000000 0.000000
vt 1.000000 0.000000
vt 1.000000 1.000000
vt 0.000000 1.000000
vt 0.000000 0.000000
vt 1.000000 0.000000
vt 1.000000 1.000000
vt 0.000000 1.000000
vt 0.000000 0.000000
vt 1.000000 0.000000
vt 1.000000 1.000000
vt 0.000000 1.000000
vt 0.000000 0.000000
vt 1.000000 0.000000
vt 1.000000 1.000000
vt 0.000000 1.000000
vt 0.000000 0.000000
vt 1.000000 0.000000
vt 1.000000 1.000000
vt 0.000000 1.000000
vt 0.000000 0.000000
vt 1.000000 0.000000
vt 1.000000 1.000000
vt 0.000000 1.000000
vt 0.000000 0.000000
vt 1.000000 0.000000
vt 1.000000 1.000000
vt 0.000000 1.000000
vt 0.000000 0.000000
vt 1.000000 0.000000
vt 1.000000 1.000000
vt 0.000000 1.000000
vt 0.000000 0.000000
vt 1.000000 0.000000
vt 1.000000 1.000000
vt 0.000000 1.000000
vt 0.000000 0.000000
vt 1.000000 0.000000
vt 1.000000 1.000000
vt 0.000000 1.000000
vt 1.000000 0.500000
vt 0.933013 0.750000
vt 0.750000 0.933013
vt 0.500000 1.000000
vt 0.250000 0.933013
vt 0.066987 0.750000
vt 0.000000 0.500000
vt 0.066987 0.250000
vt 0.250000 0.066987
vt 0.500000 0.000000
vt 0.750000 0.066987
vt 0.933013 0.250000
vt 1.000000 0.500000
vt 0.933013 0.750000
vt 0.750000 0.933013
vt 0.500000 1.000000
vt 0.250000 0.933013
vt 0.066987 0.750000
vt 0.000000 0.500000
vt 0.066987 0.250000
vt 0.250000 0.066987
vt 0.500000 0.000000
vt 0.750000 0.066987
vt 0.933013 0.250000
vt 0.000000 0.000000
vt 1.000000 0.000000
vt 1.000000 1.000000
vt 0.000000 1.000000
vt 0.000000 0.000000
vt 1.000000 0.000000
vt 1.000000 1.000000
vt 0.000000 1.000000
vt 0.000000 0.000000
vt 1.000000 0.000000
vt 1.000000 1.000000
vt 0.000000 1.000000
vt 0.000000 0.000000
vt 1.000000 0.000000
vt 1.000000 1.000000
vt 0.000000 1.000000
vt 0.000000 0.000000
vt 1.000000 0.000000
vt 1.000000 1.000000
vt 0.000000 1.000000
vt 0.000000 0.000000
vt 1.000000 0.000000
vt 1.000000 1.000000
vt 0.000000 1.000000
vt 0.000000 0.000000
vt 1.000000 0.000000
vt 1.000000 1.000000
vt 0.000000 1.000000
vt 0.000000 0.000000
vt 1.000000 0.000000
vt 1.000000 1.000000
vt 0.000000 1.000000
vt 0.000000 0.000000
vt 1.000000 0.000000
vt 1.000000 1.000000
vt 0.000000 1.000000
vt 0.000000 0.000000
vt 1.000000 0.000000
vt 1.000000 1.000000
vt 0.000000 1.000000
vt 0.000000 0.000000
vt 1.000000 0.000000
vt 1.000000 1.000000
vt 0.000000 1.000000
vt 0.000000 0.000000
vt 1.000000 0.000000
vt 1.000000 1.000000
vt 0.000000 1.000000
vt 1.000000 0.500000
vt 0.933013 0.750000
vt 0.750000 0.933013
vt 0.500000 1.000000
vt 0.250000 0.933013
vt 0.066987 0.750000
vt 0.000000 0.500000
vt 0.066987 0.250000
vt 0.250000 0.066987
vt 0.500000 0.000000
vt 0.750000 0.066987
vt 0.933013 0.250000
vt 1.000000 0.500000
vt 0.933013 0.750000
vt 0.750000 0.933013
vt 0.500000 1.000000
vt 0.250000 0.933013
vt 0.066987 0.750000
vt 0.000000 0.500000
vt 0.066987 0.250000
vt 0.250000 0.066987
vt 0.500000 0.000000
vt 0.750000 0.066987
vt 0.933013 0.250000
vt 0.000000 0.000000
vt 1.000000 0.000000
vt 1.000000 1.000000
vt 0.000000 1.000000
vt 0.000000 0.000000
vt 1.000000 0.000000
vt 1.000000 1.000000
vt 0.000000 1.000000
vt 0.000000 0.000000
vt 1.000000 0.000000
vt 1.000000 1.000000
vt 0.000000 1.000000
vt 0.000000 0.000000
vt 1.000000 0.000000
vt 1.000000 1.000000
vt 0.000000 1.000000
vt 0.000000 0.000000
vt 1.000000 0.000000
vt 1.000000 1.000000
vt 0.000000 1.000000
vt 0.000000 0.000000
vt 1.000000 0.000000
vt 1.000000 1.000000
vt 0.000000 1.000000
vt 0.000000 0.000000
vt 1.000000 0.000000
vt 1.000000 1.000000
vt 0.000000 1.000000
vt 0.000000 0.000000
vt 1.000000 0.000000
vt 1.000000 1.000000
vt 0.000000 1.000000
vt 0.000000 0.000000
vt 1.000000 0.000000
vt 1.000000 1.000000
vt 0.000000 1.000000
vt 0.000000 0.000000
vt 1.000000 0.000000
vt 1.000000 1.000000
vt 0.000000 1.000000
vt 0.000000 0.000000
vt 1.000000 0.000000
vt 1.000000 1.000000
vt 0.000000 1.000000
vt 0.000000 0.000000
vt 1.000000 0.000000
vt 1.000000 1.000000
vt 0.000000 1.000000
vt 1.000000 0.500000
vt 0.933013 0.750000
vt 0.750000 0.933013
vt 0.500000 1.000000
vt 0.250000 0.933013
vt 0.066987 0.750000
vt 0.000000 0.500000
vt 0.066987 0.250000
vt 0.250000 0.066987
vt 0.500000 0.000000
vt 0.750000 0.066987
vt 0.933013 0.250000
vt 1.000000 0.500000
vt 0.933013 0.750000
vt 0.750000 0.933013
vt 0.500000 1.000000
vt 0.250000 0.933013
vt 0.066987 0.750000
vt 0.000000 0.500000
vt 0.066987 0.250000
vt 0.250000 0.066987
vt 0.500000 0.000000
vt 0.750000 0.066987
vt 0.933013 0.250000
vt 0.000000 0.000000
vt 1.000000 0.000000
vt 1.000000 1.000000
vt 0.000000 1.000000
vt 0.000000 0.000000
vt 1.000000 0.000000
vt 1.000000 1.000000
vt 0.000000 1.000000
vt 0.000000 0.000000
vt 1.000000 0.000000
vt 1.000000 1.000000
vt 0.000000 1.000000
vt 0.000000 0.000000
vt 1.000000 0.000000
vt 1.000000 1.000000
vt 0.000000 1.000000
vt 0.000000 0.000000
vt 1.000000 0.000000
vt 1.000000 1.000000
vt 0.000000 1.000000
vt 0.000000 0.000000
vt 1.000000 0.000000
vt 1.000000 1.000000
vt 0.000000 1.000000
vt 0.000000 0.000000
vt 1.000000 0.000000
vt 1.000000 1.000000
vt 0.000000 1.000000
vt 0.000000 0.000000
vt 1.000000 0.000000
vt 1.000000 1.000000
vt 0.000000 1.000000
vt 0.000000 0.000000
vt 1.000000 0.000000
vt 1.000000 1.000000
vt 0.000000 1.000000
vt 0.000000 0.000000
vt 1.000000 0.000000
vt 1.000000 1.000000
vt 0.000000 1.000000
vt 0.000000 0.000000
vt 1.000000 0.000000
vt 1.000000 1.000000
vt 0.000000 1.000000
vt 0.000000 0.000000
vt 1.000000 0.000000
vt 1.000000 1.000000
vt 0.000000 1.000000
vt 1.000000 0.500000
vt 0.933013 0.750000
vt 0.750000 0.933013
vt 0.500000 1.000000
vt 0.250000 0.933013
vt 0.066987 0.750000
vt 0.000000 0.500000
vt 0.066987 0.250000
vt 0.250000 0.066987
vt 0.500000 0.000000
vt 0.750000 0.066987
vt 0.933013 0.250000
vt 1.000000 0.500000
vt 0.933013 0.750000
vt 0.750000 0.933013
vt 0.500000 1.000000
vt 0.250000 0.933013
vt 0.066987 0.750000
vt 0.000000 0.500000
vt 0.066987 0.250000
vt 0.250000 0.066987
vt 0.500000 0.000000
vt 0.750000 0.066987
vt 0.933013 0.250000
vt 0.000000 0.000000
vt 1.000000 0.000000
vt 1.000000 1.000000
vt 0.000000 1.000000
vt 0.000000 0.000000
vt 1.000000 0.000000
vt 1.000000 1.000000
vt 0.000000 1.000000
vt 0.000000 0.000000
vt 1.000000 0.000000
vt 1.000000 1.000000
vt 0.000000 1.000000
vt 0.000000 0.000000
vt 1.000000 0.000000
vt 1.000000 1.000000
vt 0.000000 1.000000
vt 0.000000 0.000000
vt 1.000000 0.000000
vt 1.000000 1.000000
vt 0.000000 1.000000
vt 0.000000 0.000000
vt 1.000000 0.000000
vt 1.000000 1.000000
vt 0.000000 1.000000
vt 0.000000 0.000000
vt 1.000000 0.000000
vt 1.000000 1.000000
vt 0.000000 1.000000
vt 0.000000 0.000000
vt 1.000000 0.000000
vt 1.000000 1.000000
vt 0.000000 1.000000
vt 0.000000 0.000000
vt 1.000000 0.000000
vt 1.000000 1.000000
vt 0.000000 1.000000
vt 0.000000 0.000000
vt 1.000000 0.000000
vt 1.000000 1.000000
vt 0.000000 1.000000
vt 0.000000 0.000000
vt 1.000000 0.000000
vt 1.000000 1.000000
vt 0.000000 1.000000
vt 0.000000 0.000000
vt 1.000000 0.000000
vt 1.000000 1.000000
vt 0.000000 1.000000
vt 1.000000 0.500000
vt 0.933013 0.750000
vt 0.750000 0.933013
vt 0.500000 1.000000
vt 0.250000 0.933013
vt 0.066987 0.750000
vt 0.000000 0.500000
vt 0.066987 0.250000
vt 0.250000 0.066987
vt 0.500000 0.000000
vt 0.750000 0.066987
vt 0.933013 0.250000
vt 1.000000 0.500000
vt 0.933013 0.750000
vt 0.750000 0.933013
vt 0.500000 1.000000
vt 0.250000 0.933013
vt 0.066987 0.750000
vt 0.000000 0.500000
vt 0.066987 0.250000
vt 0.250000 0.066987
vt 0.500000 0.000000
vt 0.750000 0.066987
vt 0.933013 0.250000
vt 0.000000 0.000000
vt 1.000000 0.000000
vt 1.000000 1.000000
vt 0.000000 1.000000
vt 0.000000 0.000000
vt 1.000000 0.000000
vt 1.000000 1.000000
vt 0.000000 1.000000
vt 0.000000 0.000000
vt 1.000000 0.000000
vt 1.000000 1.000000
vt 0.000000 1.000000
vt 0.000000 0.000000
vt 1.000000 0.000000
vt 1.000000 1.000000
vt 0.000000 1.000000
vt 0.000000 0.000000
vt 1.000000 0.000000
vt 1.000000 1.000000
vt 0.000000 1.000000
vt 0.000000 0.000000
vt 1.000000 0.000000
vt 1.000000 1.000000
vt 0.000000 1.000000
vt 0.000000 0.000000
vt 1.000000 0.000000
vt 1.000000 1.000000
vt 0.000000 1.000000
vt 0.000000 0.000000
vt 1.000000 0.000000
vt 1.000000 1.000000
vt 0.000000 1.000000
vt 0.000000 0.000000
vt 1.000000 0.000000
vt 1.000000 1.000000
vt 0.000000 1.000000
vt 0.000000 0.000000
vt 1.000000 0.000000
vt 1.000000 1.000000
vt 0.000000 1.000000
vt 0.000000 0.000000
vt 1.000000 0.000000
vt 1.000000 1.000000
vt 0.000000 1.000000
vt 0.000000 0.000000
vt 1.000000 0.000000
vt 1.000000 1.000000
vt 0.000000 1.000000
vt 0.000000 0.000000
vt 1.000000 0.000000
vt 1.000000 1.000000
vt 0.000000 1.000000
vt 0.000000 0.000000
vt 1.000000 0.000000
vt 1.000000 1.000000
vt 0.000000 1.000000
vt 0.000000 0.000000
vt 1.000000 0.000000
vt 1.000000 1.000000
vt 0.000000 1.000000
vt 0.000000 0.000000
vt 1.000000 0.000000
vt 1.000000 1.000000
vt 0.000000 1.000000
vt 0.000000 0.000000
vt 1.000000 0.000000
vt 1.000000 1.000000
vt 0.000000 1.000000
vt 0.000000 0.000000
vt 1.000000 0.000000
vt 1.000000 1.000000
vt 0.000000 1.000000
vt 0.000000 0.000000
vt 1.000000 0.000000
vt 1.000000 1.000000
vt 0.000000 1.000000
vt 0.000000 0.000000
vt 1.000000 0.000000
vt 1.000000 1.000000
vt 0.000000 1.000000
vt 1.000000 0.500000
vt 0.853553 0.853553
vt 0.500000 1.000000
vt 0.146447 0.853553
vt 0.000000 0.500000
vt 0.146447 0.146447
vt 0.500000 0.000000
vt 0.853553 0.146447
vt 1.000000 0.500000
vt 0.853553 0.853553
vt 0.500000 1.000000
vt 0.146447 0.853553
vt 0.000000 0.500000
vt 0.146447 0.146447
vt 0.500000 0.000000
vt 0.853553 0.146447
vt 0.000000 0.000000
vt 1.000000 0.000000
vt 1.000000 1.000000
vt 0.000000 1.000000
vt 0.000000 0.000000
vt 1.000000 0.000000
vt 1.000000 1.000000
vt 0.000000 1.000000
vt 0.000000 0.000000
vt 1.000000 0.000000
vt 1.000000 1.000000
vt 0.000000 1.000000
vt 0.000000 0.000000
vt 1.000000 0.000000
vt 1.000000 1.000000
vt 0.000000 1.000000
vt 0.000000 0.000000
vt 1.000000 0.000000
vt 1.000000 1.000000
vt 0.000000 1.000000
vt 0.000000 0.000000
vt 1.000000 0.000000
vt 1.000000 1.000000
vt 0.000000 1.000000
vt 0.000000 0.000000
vt 1.000000 0.000000
vt 1.000000 1.000000
vt 0.000000 1.000000
vt 0.000000 0.000000
vt 1.000000 0.000000
vt 1.000000 1.000000
vt 0.000000 1.000000
vt 1.000000 0.500000
vt 0.853553 0.853553
vt 0.500000 1.000000
vt 0.146447 0.853553
vt 0.000000 0.500000
vt 0.146447 0.146447
vt 0.500000 0.000000
vt 0.853553 0.146447
vt 1.000000 0.500000
vt 0.853553 0.853553
vt 0.500000 1.000000
vt 0.146447 0.853553
vt 0.000000 0.500000
vt 0.146447 0.146447
vt 0.500000 0.000000
vt 0.853553 0.146447
vt 0.000000 0.000000
vt 1.000000 0.000000
vt 1.000000 1.000000
vt 0.000000 1.000000
vt 0.000000 0.000000
vt 1.000000 0.000000
vt 1.000000 1.000000
vt 0.000000 1.000000
vt 0.000000 0.000000
vt 1.000000 0.000000
vt 1.000000 1.000000
vt 0.000000 1.000000
vt 0.000000 0.000000
vt 1.000000 0.000000
vt 1.000000 1.000000
vt 0.000000 1.000000
vt 0.000000 0.000000
vt 1.000000 0.000000
vt 1.000000 1.000000
vt 0.000000 1.000000
vt 0.000000 0.000000
vt 1.000000 0.000000
vt 1.000000 1.000000
vt 0.000000 1.000000
vt 0.000000 0.000000
vt 1.000000 0.000000
vt 1.000000 1.000000
vt 0.000000 1.000000
vt 0.000000 0.000000
vt 1.000000 0.000000
vt 1.000000 1.000000
vt 0.000000 1.000000
vt 1.000000 0.500000
vt 0.853553 0.853553
vt 0.500000 1.000000
vt 0.146447 0.853553
vt 0.000000 0.500000
vt 0.146447 0.146447
vt 0.500000 0.000000
vt 0.853553 0.146447
vt 1.000000 0.500000
vt 0.853553 0.853553
vt 0.500000 1.000000
vt 0.146447 0.853553
vt 0.000000 0.500000
vt 0.146447 0.146447
vt 0.500000 0.000000
vt 0.853553 0.146447
vt 0.000000 0.000000
vt 1.000000 0.000000
vt 1.000000 1.000000
vt 0.000000 1.000000
vt 0.000000 0.000000
vt 1.000000 0.000000
vt 1.000000 1.000000
vt 0.000000 1.000000
vt 0.000000 0.000000
vt 1.000000 0.000000
vt 1.000000 1.000000
vt 0.000000 1.000000
vt 0.000000 0.000000
vt 1.000000 0.000000
vt 1.000000 1.000000
vt 0.000000 1.000000
vt 0.000000 0.000000
vt 1.000000 0.000000
vt 1.000000 1.000000
vt 0.000000 1.000000
vt 0.000000 0.000000
vt 1.000000 0.000000
vt 1.000000 1.000000
vt 0.000000 1.000000
vt 0.000000 0.000000
vt 1.000000 0.000000
vt 1.000000 1.000000
vt 0.000000 1.000000
vt 0.000000 0.000000
vt 1.000000 0.000000
vt 1.000000 1.000000
vt 0.000000 1.000000
vt 1.000000 0.500000
vt 0.853553 0.853553
vt 0.500000 1.000000
vt 0.146447 0.853553
vt 0.000000 0.500000
vt 0.146447 0.146447
vt 0.500000 0.000000
vt 0.853553 0.146447
vt 1.000000 0.500000
vt 0.853553 0.853553
vt 0.500000 1.000000
vt 0.146447 0.853553
vt 0.000000 0.500000
vt 0.146447 0.146447
vt 0.500000 0.000000
vt 0.853553 0.146447
vt 0.000000 0.000000
vt 1.000000 0.000000
vt 1.000000 1.000000
vt 0.000000 1.000000
vt 0.000000 0.000000
vt 1.000000 0.000000
vt 1.000000 1.000000
vt 0.000000 1.000000
vt 0.000000 0.000000
vt 1.000000 0.000000
vt 1.000000 1.000000
vt 0.000000 1.000000
vt 0.000000 0.000000
vt 1.000000 0.000000
vt 1.000000 1.000000
vt 0.000000 1.000000
vt 0.000000 0.000000
vt 1.000000 0.000000
vt 1.000000 1.000000
vt 0.000000 1.000000
vt 0.000000 0.000000
vt 1.000000 0.000000
vt 1.000000 1.000000
vt 0.000000 1.000000
vt 0.000000 0.000000
vt 1.000000 0.000000
vt 1.000000 1.000000
vt 0.000000 1.000000
vt 0.000000 0.000000
vt 1.000000 0.000000
vt 1.000000 1.000000
vt 0.000000 1.000000
vt 0.000000 0.000000
vt 1.000000 0.000000
vt 1.000000 1.000000
vt 0.000000 1.000000
vt 0.000000 0.000000
vt 1.000000 0.000000
vt 1.000000 1.000000
vt 0.000000 1.000000
vt 0.000000 0.000000
vt 1.000000 0.000000
vt 1.000000 1.000000
vt 0.000000 1.000000
vt 0.000000 0.000000
vt 1.000000 0.000000
vt 1.000000 1.000000
vt 0.000000 1.000000
vt 0.000000 0.000000
vt 1.000000 0.000000
vt 1.000000 1.000000
vt 0.000000 1.000000
vt 0.000000 0.000000
vt 1.000000 0.000000
vt 1.000000 1.000000
vt 0.000000 1.000000
vt 0.000000 0.000000
vt 1.000000 0.000000
vt 1.000000 1.000000
vt 0.000000 1.000000
vt 0.000000 0.000000
vt 1.000000 0.000000
vt 1.000000 1.000000
vt 0.000000 1.000000
vt 0.000000 0.000000
vt 1.000000 0.000000
vt 1.000000 1.000000
vt 0.000000 1.000000
vt 0.000000 0.000000
vt 1.000000 0.000000
vt 1.000000 1.000000
vt 0.000000 1.000000
vt 0.000000 0.000000
vt 1.000000 0.000000
vt 1.000000 1.000000
vt 0.000000 1.000000
vt 0.000000 0.000000
vt 1.000000 0.000000
vt 1.000000 1.000000
vt 0.000000 1.000000
vt 1.000000 0.500000
vt 0.853553 0.853553
vt 0.500000 1.000000
vt 0.146447 0.853553
vt 0.000000 0.500000
vt 0.146447 0.146447
vt 0.500000 0.000000
vt 0.853553 0.146447
vt 1.000000 0.500000
vt 0.853553 0.853553
vt 0.500000 1.000000
vt 0.146447 0.853553
vt 0.000000 0.500000
vt 0.146447 0.146447
vt 0.500000 0.000000
vt 0.853553 0.146447
vt 0.000000 0.000000
vt 1.000000 0.000000
vt 1.000000 1.000000
vt 0.000000 1.000000
vt 0.000000 0.000000
vt 1.000000 0.000000
vt 1.000000 1.000000
vt 0.000000 1.000000
vt 0.000000 0.000000
vt 1.000000 0.000000
vt 1.000000 1.000000
vt 0.000000 1.000000
vt 0.000000 0.000000
vt 1.000000 0.000000
vt 1.000000 1.000000
vt 0.000000 1.000000
vt 0.000000 0.000000
vt 1.000000 0.000000
vt 1.000000 1.000000
vt 0.000000 1.000000
vt 0.000000 0.000000
vt 1.000000 0.000000
vt 1.000000 1.000000
vt 0.000000 1.000000
vt 0.000000 0.000000
vt 1.000000 0.000000
vt 1.000000 1.000000
vt 0.000000 1.000000
vt 0.000000 0.000000
vt 1.000000 0.000000
vt 1.000000 1.000000
vt 0.000000 1.000000
vt 1.000000 0.500000
vt 0.853553 0.853553
vt 0.500000 1.000000
vt 0.146447 0.853553
vt 0.000000 0.500000
vt 0.146447 0.146447
vt 0.500000 0.000000
vt 0.853553 0.146447
vt 1.000000 0.500000
vt 0.853553 0.853553
vt 0.500000 1.000000
vt 0.146447 0.853553
vt 0.000000 0.500000
vt 0.146447 0.146447
vt 0.500000 0.000000
vt 0.853553 0.146447
vt 0.000000 0.000000
vt 1.000000 0.000000
vt 1.000000 1.000000
vt 0.000000 1.000000
vt 0.000000 0.000000
vt 1.000000 0.000000
vt 1.000000 1.000000
vt 0.000000 1.000000
vt 0.000000 0.000000
vt 1.000000 0.000000
vt 1.000000 1.000000
vt 0.000000 1.000000
vt 0.000000 0.000000
vt 1.000000 0.000000
vt 1.000000 1.000000
vt 0.000000 1.000000
vt 0.000000 0.000000
vt 1.000000 0.000000
vt 1.000000 1.000000
vt 0.000000 1.000000
vt 0.000000 0.000000
vt 1.000000 0.000000
vt 1.000000 1.000000
vt 0.000000 1.000000
vt 0.000000 0.000000
vt 1.000000 0.000000
vt 1.000000 1.000000
vt 0.000000 1.000000
vt 0.000000 0.000000
vt 1.000000 0.000000
vt 1.000000 1.000000
vt 0.000000 1.000000
vt 1.000000 0.500000
vt 0.853553 0.853553
vt 0.500000 1.000000
vt 0.146447 0.853553
vt 0.000000 0.500000
vt 0.146447 0.146447
vt 0.500000 0.000000
vt 0.853553 0.146447
vt 1.000000 0.500000
vt 0.853553 0.853553
vt 0.500000 1.000000
vt 0.146447 0.853553
vt 0.000000 0.500000
vt 0.146447 0.146447
vt 0.500000 0.000000
vt 0.853553 0.146447
vt 0.000000 0.000000
vt 1.000000 0.000000
vt 1.000000 1.000000
vt 0.000000 1.000000
vt 0.000000 0.000000
vt 1.000000 0.000000
vt 1.000000 1.000000
vt 0.000000 1.000000
vt 0.000000 0.000000
vt 1.000000 0.000000
vt 1.000000 1.000000
vt 0.000000 1.000000
vt 0.000000 0.000000
vt 1.000000 0.000000
vt 1.000000 1.000000
vt 0.000000 1.000000
vt 0.000000 0.000000
vt 1.000000 0.000000
vt 1.000000 1.000000
vt 0.000000 1.000000
vt 0.000000 0.000000
vt 1.000000 0.000000
vt 1.000000 1.000000
vt 0.000000 1.000000
vt 0.000000 0.000000
vt 1.000000 0.000000
vt 1.000000 1.000000
vt 0.000000 1.000000
vt 0.000000 0.000000
vt 1.000000 0.000000
vt 1.000000 1.000000
vt 0.000000 1.000000
vt 1.000000 0.500000
vt 0.853553 0.853553
vt 0.500000 1.000000
vt 0.146447 0.853553
vt 0.000000 0.500000
vt 0.146447 0.146447
vt 0.500000 0.000000
vt 0.853553 0.146447
vt 1.000000 0.500000
vt 0.853553 0.853553
vt 0.500000 1.000000
vt 0.146447 0.853553
vt 0.000000 0.500000
vt 0.146447 0.146447
vt 0.500000 0.000000
vt 0.853553 0.146447
vt 0.000000 0.000000
vt 1.000000 0.000000
vt 1.000000 1.000000
vt 0.000000 1.000000
vt 0.000000 0.000000
vt 1.000000 0.000000
vt 1.000000 1.000000
vt 0.000000 1.000000
vt 0.000000 0.000000
vt 1.000000 0.000000
vt 1.000000 1.000000
vt 0.000000 1.000000
vt 0.000000 0.000000
vt 1.000000 0.000000
vt 1.000000 1.000000
vt 0.000000 1.000000
vt 0.000000 0.000000
vt 1.000000 0.000000
vt 1.000000 1.000000
vt 0.000000 1.000000
vt 0.000000 0.000000
vt 1.000000 0.000000
vt 1.000000 1.000000
vt 0.000000 1.000000
vt 0.000000 0.000000
vt 1.000000 0.000000
vt 1.000000 1.000000
vt 0.000000 1.000000
vt 0.000000 0.000000
vt 1.000000 0.000000
vt 1.000000 1.000000
vt 0.000000 1.000000
vt 0.000000 0.000000
vt 1.000000 0.000000
vt 1.000000 1.000000
vt 0.000000 1.000000
vt 0.000000 0.000000
vt 1.000000 0.000000
vt 1.000000 1.000000
vt 0.000000 1.000000
vt 0.000000 0.000000
vt 1.000000 0.000000
vt 1.000000 1.000000
vt 0.000000 1.000000
vt 0.000000 0.000000
vt 1.000000 0.000000
vt 1.000000 1.000000
vt 0.000000 1.000000
vt 0.000000 0.000000
vt 1.000000 0.000000
vt 1.000000 1.000000
vt 0.000000 1.000000
vt 0.000000 0.000000
vt 1.000000 0.000000
vt 1.000000 1.000000
vt 0.000000 1.000000
vt 0.000000 0.000000
vt 1.000000 0.000000
vt 1.000000 1.000000
vt 0.000000 1.000000
vt 0.000000 0.000000
vt 1.000000 0.000000
vt 1.000000 1.000000
vt 0.000000 1.000000
vt 0.000000 0.000000
vt 1.000000 0.000000
vt 1.000000 1.000000
vt 0.000000 1.000000
vt 0.000000 0.000000
vt 1.000000 0.000000
vt 1.000000 1.000000
vt 0.000000 1.000000
vt 0.000000 0.000000
vt 1.000000 0.000000
vt 1.000000 1.000000
vt 0.000000 1.000000
vt 0.000000 0.000000
vt 1.000000 0.000000
vt 1.000000 1.000000
vt 0.000000 1.000000
vt 1.000000 0.500000
vt 0.853553 0.853553
vt 0.500000 1.000000
vt 0.146447 0.853553
vt 0.000000 0.500000
vt 0.146447 0.146447
vt 0.500000 0.000000
vt 0.853553 0.146447
vt 1.000000 0.500000
vt 0.853553 0.853553
vt 0.500000 1.000000
vt 0.146447 0.853553
vt 0.000000 0.500000
vt 0.146447 0.146447
vt 0.500000 0.000000
vt 0.853553 0.146447
vt 0.000000 0.000000
vt 1.000000 0.000000
vt 1.000000 1.000000
vt 0.000000 1.000000
vt 0.000000 0.000000
vt 1.000000 0.000000
vt 1.000000 1.000000
vt 0.000000 1.000000
vt 0.000000 0.000000
vt 1.000000 0.000000
vt 1.000000 1.000000
vt 0.000000 1.000000
vt 0.000000 0.000000
vt 1.000000 0.000000
vt 1.000000 1.000000
vt 0.000000 1.000000
vt 0.000000 0.000000
vt 1.000000 0.000000
vt 1.000000 1.000000
vt 0.000000 1.000000
vt 0.000000 0.000000
vt 1.000000 0.000000
vt 1.000000 1.000000
vt 0.000000 1.000000
vt 0.000000 0.000000
vt 1.000000 0.000000
vt 1.000000 1.000000
vt 0.000000 1.000000
vt 0.000000 0.000000
vt 1.000000 0.000000
vt 1.000000 1.000000
vt 0.000000 1.000000
vt 1.000000 0.500000
vt 0.853553 0.853553
vt 0.500000 1.000000
vt 0.146447 0.853553
vt 0.000000 0.500000
vt 0.146447 0.146447
vt 0.500000 0.000000
vt 0.853553 0.146447
vt 1.000000 0.500000
vt 0.853553 0.853553
vt 0.500000 1.000000
vt 0.146447 0.853553
vt 0.000000 0.500000
vt 0.146447 0.146447
vt 0.500000 0.000000
vt 0.853553 0.146447
vt 0.000000 0.000000
vt 1.000000 0.000000
vt 1.000000 1.000000
vt 0.000000 1.000000
vt 0.000000 0.000000
vt 1.000000 0.000000
vt 1.000000 1.000000
vt 0.000000 1.000000
vt 0.000000 0.000000
vt 1.000000 0.000000
vt 1.000000 1.000000
vt 0.000000 1.000000
vt 0.000000 0.000000
vt 1.000000 0.000000
vt 1.000000 1.000000
vt 0.000000 1.000000
vt 0.000000 0.000000
vt 1.000000 0.000000
vt 1.000000 1.000000
vt 0.000000 1.000000
vt 0.000000 0.000000
vt 1.000000 0.000000
vt 1.000000 1.000000
vt 0.000000 1.000000
vt 0.000000 0.000000
vt 1.000000 0.000000
vt 1.000000 1.000000
vt 0.000000 1.000000
vt 0.000000 0.000000
vt 1.000000 0.000000
vt 1.000000 1.000000
vt 0.000000 1.000000
vt 1.000000 0.500000
vt 0.853553 0.853553
vt 0.500000 1.000000
vt 0.146447 0.853553
vt 0.000000 0.500000
vt 0.146447 0.146447
vt 0.500000 0.000000
vt 0.853553 0.146447
vt 1.000000 0.500000
vt 0.853553 0.853553
vt 0.500000 1.000000
vt 0.146447 0.853553
vt 0.000000 0.500000
vt 0.146447 0.146447
vt 0.500000 0.000000
vt 0.853553 0.146447
vt 0.000000 0.000000
vt 1.000000 0.000000
vt 1.000000 1.000000
vt 0.000000 1.000000
vt 0.000000 0.000000
vt 1.000000 0.000000
vt 1.000000 1.000000
vt 0.000000 1.000000
vt 0.000000 0.000000
vt 1.000000 0.000000
vt 1.000000 1.000000
vt 0.000000 1.000000
vt 0.000000 0.000000
vt 1.000000 0.000000
vt 1.000000 1.000000
vt 0.000000 1.000000
vt 0.000000 0.000000
vt 1.000000 0.000000
vt 1.000000 1.000000
vt 0.000000 1.000000
vt 0.000000 0.000000
vt 1.000000 0.000000
vt 1.000000 1.000000
vt 0.000000 1.000000
vt 0.000000 0.000000
vt 1.000000 0.000000
vt 1.000000 1.000000
vt 0.000000 1.000000
vt 0.000000 0.000000
vt 1.000000 0.000000
vt 1.000000 1.000000
vt 0.000000 1.000000
vt 1.000000 0.500000
vt 0.853553 0.853553
vt 0.500000 1.000000
vt 0.146447 0.853553
vt 0.000000 0.500000
vt 0.146447 0.146447
vt 0.500000 0.000000
vt 0.853553 0.146447
vt 1.000000 0.500000
vt 0.853553 0.853553
vt 0.500000 1.000000
vt 0.146447 0.853553
vt 0.000000 0.500000
vt 0.146447 0.146447
vt 0.500000 0.000000
vt 0.853553 0.146447
vt 0.000000 0.000000
vt 1.000000 0.000000
vt 1.000000 1.000000
vt 0.000000 1.000000
vt 0.000000 0.000000
vt 1.000000 0.000000
vt 1.000000 1.000000
vt 0.000000 1.000000
vt 0.000000 0.000000
vt 1.000000 0.000000
vt 1.000000 1.000000
vt 0.000000 1.000000
vt 0.000000 0.000000
vt 1.000000 0.000000
vt 1.000000 1.000000
vt 0.000000 1.000000
vt 0.000000 0.000000
vt 1.000000 0.000000
vt 1.000000 1.000000
vt 0.000000 1.000000
vt 0.000000 0.000000
vt 1.000000 0.000000
vt 1.000000 1.000000
vt 0.000000 1.000000
vt 0.000000 0.000000
vt 1.000000 0.000000
vt 1.000000 1.000000
vt 0.000000 1.000000
vt 0.000000 0.000000
vt 1.000000 0.000000
vt 1.000000 1.000000
vt 0.000000 1.000000
vt 0.000000 0.000000
vt 1.000000 0.000000
vt 1.000000 1.000000
vt 0.000000 1.000000
vt 0.000000 0.000000
vt 1.000000 0.000000
vt 1.000000 1.000000
vt 0.000000 1.000000
vt 0.000000 0.000000
vt 1.000000 0.000000
vt 1.000000 1.000000
vt 0.000000 1.000000
vt 0.000000 0.000000
vt 1.000000 0.000000
vt 1.000000 1.000000
vt 0.000000 1.000000
vt 0.000000 0.000000
vt 1.000000 0.000000
vt 1.000000 1.000000
vt 0.000000 1.000000
vt 0.000000 0.000000
vt 1.000000 0.000000
vt 1.000000 1.000000
vt 0.000000 1.000000
vt 0.000000 0.000000
vt 1.000000 0.000000
vt 1.000000 1.000000
vt 0.000000 1.000000
vt 0.000000 0.000000
vt 1.000000 0.000000
vt 1.000000 1.000000
vt 0.000000 1.000000
vt 0.000000 0.000000
vt 1.000000 0.000000
vt 1.000000 1.000000
vt 0.000000 1.000000
vt 0.000000 0.000000
vt 1.000000 0.000000
vt 1.000000 1.000000
vt 0.000000 1.000000
vt 0.000000 0.000000
vt 1.000000 0.000000
vt 1.000000 1.000000
vt 0.000000 1.000000
vt 0.000000 0.000000
vt 1.000000 0.000000
vt 1.000000 1.000000
vt 0.000000 1.000000
vt 1.000000 0.500000
vt 0.853553 0.853553
vt 0.500000 1.000000
vt 0.146447 0.853553
vt 0.000000 0.500000
vt 0.146447 0.146447
vt 0.500000 0.000000
vt 0.853553 0.146447
vt 1.000000 0.500000
vt 0.853553 0.853553
vt 0.500000 1.000000
vt 0.146447 0.853553
vt 0.000000 0.500000
vt 0.146447 0.146447
vt 0.500000 0.000000
vt 0.853553 0.146447
vt 0.000000 0.000000
vt 1.000000 0.000000
vt 1.000000 1.000000
vt 0.000000 1.000000
vt 0.000000 0.000000
vt 1.000000 0.000000
vt 1.000000 1.000000
vt 0.000000 1.000000
vt 0.000000 0.000000
vt 1.000000 0.000000
vt 1.000000 1.000000
vt 0.000000 1.000000
vt 0.000000 0.000000
vt 1.000000 0.000000
vt 1.000000 1.000000
vt 0.000000 1.000000
vt 0.000000 0.000000
vt 1.000000 0.000000
vt 1.000000 1.000000
vt 0.000000 1.000000
vt 0.000000 0.000000
vt 1.000000 0.000000
vt 1.000000 1.000000
vt 0.000000 1.000000
vt 0.000000 0.000000
vt 1.000000 0.000000
vt 1.000000 1.000000
vt 0.000000 1.000000
vt 0.000000 0.000000
vt 1.000000 0.000000
vt 1.000000 1.000000
vt 0.000000 1.000000
vt 1.000000 0.500000
vt 0.853553 0.853553
vt 0.500000 1.000000
vt 0.146447 0.853553
vt 0.000000 0.500000
vt 0.146447 0.146447
vt 0.500000 0.000000
vt 0.853553 0.146447
vt 1.000000 0.500000
vt 0.853553 0.853553
vt 0.500000 1.000000
vt 0.146447 0.853553
vt 0.000000 0.500000
vt 0.146447 0.146447
vt 0.500000 0.000000
vt 0.853553 0.146447
vt 0.000000 0.000000
vt 1.000000 0.000000
vt 1.000000 1.000000
vt 0.000000 1.000000
vt 0.000000 0.000000
vt 1.000000 0.000000
vt 1.000000 1.000000
vt 0.000000 1.000000
vt 0.000000 0.000000
vt 1.000000 0.000000
vt 1.000000 1.000000
vt 0.000000 1.000000
vt 0.000000 0.000000
vt 1.000000 0.000000
vt 1.000000 1.000000
vt 0.000000 1.000000
vt 0.000000 0.000000
vt 1.000000 0.000000
vt 1.000000 1.000000
vt 0.000000 1.000000
vt 0.000000 0.000000
vt 1.000000 0.000000
vt 1.000000 1.000000
vt 0.000000 1.000000
vt 0.000000 0.000000
vt 1.000000 0.000000
vt 1.000000 1.000000
vt 0.000000 1.000000
vt 0.000000 0.000000
vt 1.000000 0.000000
vt 1.000000 1.000000
vt 0.000000 1.000000
vt 1.000000 0.500000
vt 0.853553 0.853553
vt 0.500000 1.000000
vt 0.146447 0.853553
vt 0.000000 0.500000
vt 0.146447 0.146447
vt 0.500000 0.000000
vt 0.853553 0.146447
vt 1.000000 0.500000
vt 0.853553 0.853553
vt 0.500000 1.000000
vt 0.146447 0.853553
vt 0.000000 0.500000
vt 0.146447 0.146447
vt 0.500000 0.000000
vt 0.853553 0.146447
vt 0.000000 0.000000
vt 1.000000 0.000000
vt 1.000000 1.000000
vt 0.000000 1.000000
vt 0.000000 0.000000
vt 1.000000 0.000000
vt 1.000000 1.000000
vt 0.000000 1.000000
vt 0.000000 0.000000
vt 1.000000 0.000000
vt 1.000000 1.000000
vt 0.000000 1.000000
vt 0.000000 0.000000
vt 1.000000 0.000000
vt 1.000000 1.000000
vt 0.000000 1.000000
vt 0.000000 0.000000
vt 1.000000 0.000000
vt 1.000000 1.000000
vt 0.000000 1.000000
vt 0.000000 0.000000
vt 1.000000 0.000000
vt 1.000000 1.000000
vt 0.000000 1.000000
vt 0.000000 0.000000
vt 1.000000 0.000000
vt 1.000000 1.000000
vt 0.000000 1.000000
vt 0.000000 0.000000
vt 1.000000 0.000000
vt 1.000000 1.000000
vt 0.000000 1.000000
vt 1.000000 0.500000
vt 0.853553 0.853553
vt 0.500000 1.000000
vt 0.146447 0.853553
vt 0.000000 0.500000
vt 0.146447 0.146447
vt 0.500000 0.000000
vt 0.853553 0.146447
vt 1.000000 0.500000
vt 0.853553 0.853553
vt 0.500000 1.000000
vt 0.146447 0.853553
vt 0.000000 0.500000
vt 0.146447 0.146447
vt 0.500000 0.000000
vt 0.853553 0.146447
vt 0.000000 0.000000
vt 1.000000 0.000000
vt 1.000000 1.000000
vt 0.000000 1.000000
vt 0.000000 0.000000
vt 1.000000 0.000000
vt 1.000000 1.000000
vt 0.000000 1.000000
vt 0.000000 0.000000
vt 1.000000 0.000000
vt 1.000000 1.000000
vt 0.000000 1.000000
vt 0.000000 0.000000
vt 1.000000 0.000000
vt 1.000000 1.000000
vt 0.000000 1.000000
vt 0.000000 0.000000
vt 1.000000 0.000000
vt 1.000000 1.000000
vt 0.000000 1.000000
vt 0.000000 0.000000
vt 1.000000 0.000000
vt 1.000000 1.000000
vt 0.000000 1.000000
vt 0.000000 0.000000
vt 1.000000 0.000000
vt 1.000000 1.000000
vt 0.000000 1.000000
vt 0.000000 0.000000
vt 1.000000 0.000000
vt 1.000000 1.000000
vt 0.000000 1.000000
vt 0.000000 0.000000
vt 1.000000 0.000000
vt 1.000000 1.000000
vt 0.000000 1.000000
vt 0.000000 0.000000
vt 1.000000 0.000000
vt 1.000000 1.000000
vt 0.000000 1.000000
vt 0.000000 0.000000
vt 1.000000 0.000000
vt 1.000000 1.000000
vt 0.000000 1.000000
vt 0.000000 0.000000
vt 1.000000 0.000000
vt 1.000000 1.000000
vt 0.000000 1.000000
vt 0.000000 0.000000
vt 1.000000 0.000000
vt 1.000000 1.000000
vt 0.000000 1.000000
vt 0.000000 0.000000
vt 1.000000 0.000000
vt 1.000000 1.000000
vt 0.000000 1.000000
vt 0.000000 0.000000
vt 1.000000 0.000000
vt 1.000000 1.000000
vt 0.000000 1.000000
vt 0.000000 0.000000
vt 1.000000 0.000000
vt 1.000000 1.000000
vt 0.000000 1.000000
vt 0.000000 0.000000
vt 1.000000 0.000000
vt 1.000000 1.000000
vt 0.000000 1.000000
vt 0.000000 0.000000
vt 1.000000 0.000000
vt 1.000000 1.000000
vt 0.000000 1.000000
vt 0.000000 0.000000
vt 1.000000 0.000000
vt 1.000000 1.000000
vt 0.000000 1.000000
vt 0.000000 0.000000
vt 1.000000 0.000000
vt 1.000000 1.000000
vt 0.000000 1.000000
vt 1.000000 0.500000
vt 0.853553 0.853553
vt 0.500000 1.000000
vt 0.146447 0.853553
vt 0.000000 0.500000
vt 0.146447 0.146447
vt 0.500000 0.000000
vt 0.853553 0.146447
vt 1.000000 0.500000
vt 0.853553 0.853553
vt 0.500000 1.000000
vt 0.146447 0.853553
vt 0.000000 0.500000
vt 0.146447 0.146447
vt 0.500000 0.000000
vt 0.853553 0.146447
vt 0.000000 0.000000
vt 1.000000 0.000000
vt 1.000000 1.000000
vt 0.000000 1.000000
vt 0.000000 0.000000
vt 1.000000 0.000000
vt 1.000000 1.000000
vt 0.000000 1.000000
vt 0.000000 0.000000
vt 1.000000 0.000000
vt 1.000000 1.000000
vt 0.000000 1.000000
vt 0.000000 0.000000
vt 1.000000 0.000000
vt 1.000000 1.000000
vt 0.000000 1.000000
vt 0.000000 0.000000
vt 1.000000 0.000000
vt 1.000000 1.000000
vt 0.000000 1.000000
vt 0.000000 0.000000
vt 1.000000 0.000000
vt 1.000000 1.000000
vt 0.000000 1.000000
vt 0.000000 0.000000
vt 1.000000 0.000000
vt 1.000000 1.000000
vt 0.000000 1.000000
vt 0.000000 0.000000
vt 1.000000 0.000000
vt 1.000000 1.000000
vt 0.000000 1.000000
vt 1.000000 0.500000
vt 0.853553 0.853553
vt 0.500000 1.000000
vt 0.146447 0.853553
vt 0.000000 0.500000
vt 0.146447 0.146447
vt 0.500000 0.000000
vt 0.853553 0.146447
vt 1.000000 0.500000
vt 0.853553 0.853553
vt 0.500000 1.000000
vt 0.146447 0.853553
vt 0.000000 0.500000
vt 0.146447 0.146447
vt 0.500000 0.000000
vt 0.853553 0.146447
vt 0.000000 0.000000
vt 1.000000 0.000000
vt 1.000000 1.000000
vt 0.000000 1.000000
vt 0.000000 0.000000
vt 1.000000 0.000000
vt 1.000000 1.000000
vt 0.000000 1.000000
vt 0.000000 0.000000
vt 1.000000 0.000000
vt 1.000000 1.000000
vt 0.000000 1.000000
vt 0.000000 0.000000
vt 1.000000 0.000000
vt 1.000000 1.000000
vt 0.000000 1.000000
vt 0.000000 0.000000
vt 1.000000 0.000000
vt 1.000000 1.000000
vt 0.000000 1.000000
vt 0.000000 0.000000
vt 1.000000 0.000000
vt 1.000000 1.000000
vt 0.000000 1.000000
vt 0.000000 0.000000
vt 1.000000 0.000000
vt 1.000000 1.000000
vt 0.000000 1.000000
vt 0.000000 0.000000
vt 1.000000 0.000000
vt 1.000000 1.000000
vt 0.000000 1.000000
vt 1.000000 0.500000
vt 0.853553 0.853553
vt 0.500000 1.000000
vt 0.146447 0.853553
vt 0.000000 0.500000
vt 0.146447 0.146447
vt 0.500000 0.000000
vt 0.853553 0.146447
vt 1.000000 0.500000
vt 0.853553 0.853553
vt 0.500000 1.000000
vt 0.146447 0.853553
vt 0.000000 0.500000
vt 0.146447 0.146447
vt 0.500000 0.000000
vt 0.853553 0.146447
vt 0.000000 0.000000
vt 1.000000 0.000000
vt 1.000000 1.000000
vt 0.000000 1.000000
vt 0.000000 0.000000
vt 1.000000 0.000000
vt 1.000000 1.000000
vt 0.000000 1.000000
vt 0.000000 0.000000
vt 1.000000 0.000000
vt 1.000000 1.000000
vt 0.000000 1.000000
vt 0.000000 0.000000
vt 1.000000 0.000000
vt 1.000000 1.000000
vt 0.000000 1.000000
vt 0.000000 0.000000
vt 1.000000 0.000000
vt 1.000000 1.000000
vt 0.000000 1.000000
vt 0.000000 0.000000
vt 1.000000 0.000000
vt 1.000000 1.000000
vt 0.000000 1.000000
vt 0.000000 0.000000
vt 1.000000 0.000000
vt 1.000000 1.000000
vt 0.000000 1.000000
vt 0.000000 0.000000
vt 1.000000 0.000000
vt 1.000000 1.000000
vt 0.000000 1.000000
vt 1.000000 0.500000
vt 0.853553 0.853553
vt 0.500000 1.000000
vt 0.146447 0.853553
vt 0.000000 0.500000
vt 0.146447 0.146447
vt 0.500000 0.000000
vt 0.853553 0.146447
vt 1.000000 0.500000
vt 0.853553 0.853553
vt 0.500000 1.000000
vt 0.146447 0.853553
vt 0.000000 0.500000
vt 0.146447 0.146447
vt 0.500000 0.000000
vt 0.853553 0.146447
vt 0.000000 0.000000
vt 1.000000 0.000000
vt 1.000000 1.000000
vt 0.000000 1.000000
vt 0.000000 0.000000
vt 1.000000 0.000000
vt 1.000000 1.000000
vt 0.000000 1.000000
vt 0.000000 0.000000
vt 1.000000 0.000000
vt 1.000000 1.000000
vt 0.000000 1.000000
vt 0.000000 0.000000
vt 1.000000 0.000000
vt 1.000000 1.000000
vt 0.000000 1.000000
vt 0.000000 0.000000
vt 1.000000 0.000000
vt 1.000000 1.000000
vt 0.000000 1.000000
vt 0.000000 0.000000
vt 1.000000 0.000000
vt 1.000000 1.000000
vt 0.000000 1.000000
vt 0.000000 0.000000
vt 1.000000 0.000000
vt 1.000000 1.000000
vt 0.000000 1.000000
vt 0.000000 0.000000
vt 1.000000 0.000000
vt 1.000000 1.000000
vt 0.000000 1.000000
vt 0.000000 0.000000
vt 1.000000 0.000000
vt 1.000000 1.000000
vt 0.000000 1.000000
vt 0.000000 0.000000
vt 1.000000 0.000000
vt 1.000000 1.000000
vt 0.000000 1.000000
vt 0.000000 0.000000
vt 1.000000 0.000000
vt 1.000000 1.000000
vt 0.000000 1.000000
vt 0.000000 0.000000
vt 1.000000 0.000000
vt 1.000000 1.000000
vt 0.000000 1.000000
vt 0.000000 0.000000
vt 1.000000 0.000000
vt 1.000000 1.000000
vt 0.000000 1.000000
vt 0.000000 0.000000
vt 1.000000 0.000000
vt 1.000000 1.000000
vt 0.000000 1.000000
vt 0.000000 0.000000
vt 1.000000 0.000000
vt 1.000000 1.000000
vt 0.000000 1.000000
vt 0.000000 0.000000
vt 1.000000 0.000000
vt 1.000000 1.000000
vt 0.000000 1.000000
vt 0.000000 0.000000
vt 1.000000 0.000000
vt 1.000000 1.000000
vt 0.000000 1.000000
vt 0.000000 0.000000
vt 1.000000 0.000000
vt 1.000000 1.000000
vt 0.000000 1.000000
vt 0.000000 0.000000
vt 1.000000 0.000000
vt 1.000000 1.000000
vt 0.000000 1.000000
vt 0.000000 0.000000
vt 1.000000 0.000000
vt 1.000000 1.000000
vt 0.000000 1.000000
vt 1.000000 0.500000
vt 0.853553 0.853553
vt 0.500000 1.000000
vt 0.146447 0.853553
vt 0.000000 0.500000
vt 0.146447 0.146447
vt 0.500000 0.000000
vt 0.853553 0.146447
vt 1.000000 0.500000
vt 0.853553 0.853553
vt 0.500000 1.000000
vt 0.146447 0.853553
vt 0.000000 0.500000
vt 0.146447 0.146447
vt 0.500000 0.000000
vt 0.853553 0.146447
vt 0.000000 0.000000
vt 1.000000 0.000000
vt 1.000000 1.000000
vt 0.000000 1.000000
vt 0.000000 0.000000
vt 1.000000 0.000000
vt 1.000000 1.000000
vt 0.000000 1.000000
vt 0.000000 0.000000
vt 1.000000 0.000000
vt 1.000000 1.000000
vt 0.000000 1.000000
vt 0.000000 0.000000
vt 1.000000 0.000000
vt 1.000000 1.000000
vt 0.000000 1.000000
vt 0.000000 0.000000
vt 1.000000 0.000000
vt 1.000000 1.000000
vt 0.000000 1.000000
vt 0.000000 0.000000
vt 1.000000 0.000000
vt 1.000000 1.000000
vt 0.000000 1.000000
vt 0.000000 0.000000
vt 1.000000 0.000000
vt 1.000000 1.000000
vt 0.000000 1.000000
vt 0.000000 0.000000
vt 1.000000 0.000000
vt 1.000000 1.000000
vt 0.000000 1.000000
vt 1.000000 0.500000
vt 0.853553 0.853553
vt 0.500000 1.000000
vt 0.146447 0.853553
vt 0.000000 0.500000
vt 0.146447 0.146447
vt 0.500000 0.000000
vt 0.853553 0.146447
vt 1.000000 0.500000
vt 0.853553 0.853553
vt 0.500000 1.000000
vt 0.146447 0.853553
vt 0.000000 0.500000
vt 0.146447 0.146447
vt 0.500000 0.000000
vt 0.853553 0.146447
vt 0.000000 0.000000
vt 1.000000 0.000000
vt 1.000000 1.000000
vt 0.000000 1.000000
vt 0.000000 0.000000
vt 1.000000 0.000000
vt 1.000000 1.000000
vt 0.000000 1.000000
vt 0.000000 0.000000
vt 1.000000 0.000000
vt 1.000000 1.000000
vt 0.000000 1.000000
vt 0.000000 0.000000
vt 1.000000 0.000000
vt 1.000000 1.000000
vt 0.000000 1.000000
vt 0.000000 0.000000
vt 1.000000 0.000000
vt 1.000000 1.000000
vt 0.000000 1.000000
vt 0.000000 0.000000
vt 1.000000 0.000000
vt 1.000000 1.000000
vt 0.000000 1.000000
vt 0.000000 0.000000
vt 1.000000 0.000000
vt 1.000000 1.000000
vt 0.000000 1.000000
vt 0.000000 0.000000
vt 1.000000 0.000000
vt 1.000000 1.000000
vt 0.000000 1.000000
vt 1.000000 0.500000
vt 0.853553 0.853553
vt 0.500000 1.000000
vt 0.146447 0.853553
vt 0.000000 0.500000
vt 0.146447 0.146447
vt 0.500000 0.000000
vt 0.853553 0.146447
vt 1.000000 0.500000
vt 0.853553 0.853553
vt 0.500000 1.000000
vt 0.146447 0.853553
vt 0.000000 0.500000
vt 0.146447 0.146447
vt 0.500000 0.000000
vt 0.853553 0.146447
vt 0.000000 0.000000
vt 1.000000 0.000000
vt 1.000000 1.000000
vt 0.000000 1.000000
vt 0.000000 0.000000
vt 1.000000 0.000000
vt 1.000000 1.000000
vt 0.000000 1.000000
vt 0.000000 0.000000
vt 1.000000 0.000000
vt 1.000000 1.000000
vt 0.000000 1.000000
vt 0.000000 0.000000
vt 1.000000 0.000000
vt 1.000000 1.000000
vt 0.000000 1.000000
vt 0.000000 0.000000
vt 1.000000 0.000000
vt 1.000000 1.000000
vt 0.000000 1.000000
vt 0.000000 0.000000
vt 1.000000 0.000000
vt 1.000000 1.000000
vt 0.000000 1.000000
vt 0.000000 0.000000
vt 1.000000 0.000000
vt 1.000000 1.000000
vt 0.000000 1.000000
vt 0.000000 0.000000
vt 1.000000 0.000000
vt 1.000000 1.000000
vt 0.000000 1.000000
vt 1.000000 0.500000
vt 0.853553 0.853553
vt 0.500000 1.000000
vt 0.146447 0.853553
vt 0.000000 0.500000
vt 0.146447 0.146447
vt 0.500000 0.000000
vt 0.853553 0.146447
vt 1.000000 0.500000
vt 0.853553 0.853553
vt 0.500000 1.000000
vt 0.146447 0.853553
vt 0.000000 0.500000
vt 0.146447 0.146447
vt 0.500000 0.000000
vt 0.853553 0.146447
vt 0.000000 0.000000
vt 1.000000 0.000000
vt 1.000000 1.000000
vt 0.000000 1.000000
vt 0.000000 0.000000
vt 1.000000 0.000000
vt 1.000000 1.000000
vt 0.000000 1.000000
vt 0.000000 0.000000
vt 1.000000 0.000000
vt 1.000000 1.000000
vt 0.000000 1.000000
vt 0.000000 0.000000
vt 1.000000 0.000000
vt 1.000000 1.000000
vt 0.000000 1.000000
vt 0.000000 0.000000
vt 1.000000 0.000000
vt 1.000000 1.000000
vt 0.000000 1.000000
vt 0.000000 0.000000
vt 1.000000 0.000000
vt 1.000000 1.000000
vt 0.000000 1.000000
vt 0.000000 0.000000
vt 1.000000 0.000000
vt 1.000000 1.000000
vt 0.000000 1.000000
vt 0.000000 0.000000
vt 1.000000 0.000000
vt 1.000000 1.000000
vt 0.000000 1.000000
vt 0.000000 0.000000
vt 1.000000 0.000000
vt 1.000000 1.000000
vt 0.000000 1.000000
vt 0.000000 0.000000
vt 1.000000 0.000000
vt 1.000000 1.000000
vt 0.000000 1.000000
vt 0.000000 0.000000
vt 1.000000 0.000000
vt 1.000000 1.000000
vt 0.000000 1.000000
vt 0.000000 0.000000
vt 1.000000 0.000000
vt 1.000000 1.000000
vt 0.000000 1.000000
vt 0.000000 0.000000
vt 1.000000 0.000000
vt 1.000000 1.000000
vt 0.000000 1.000000
vt 0.000000 0.000000
vt 1.000000 0.000000
vt 1.000000 1.000000
vt 0.000000 1.000000
vt 0.000000 0.000000
vt 1.000000 0.000000
vt 1.000000 1.000000
vt 0.000000 1.000000
vt 0.000000 0.000000
vt 1.000000 0.000000
vt 1.000000 1.000000
vt 0.000000 1.000000
vt 0.000000 0.000000
vt 1.000000 0.000000
vt 1.000000 1.000000
vt 0.000000 1.000000
vt 0.000000 0.000000
vt 1.000000 0.000000
vt 1.000000 1.000000
vt 0.000000 1.000000
vt 1.000000 0.500000
vt 0.750000 0.933013
vt 0.250000 0.933013
vt 0.000000 0.500000
vt 0.250000 0.066987
vt 0.750000 0.066987
vt 1.000000 0.500000
vt 0.750000 0.933013
vt 0.250000 0.933013
vt 0.000000 0.500000
vt 0.250000 0.066987
vt 0.750000 0.066987
vt 0.000000 0.000000
vt 1.000000 0.000000
vt 1.000000 1.000000
vt 0.000000 1.000000
vt 0.000000 0.000000
vt 1.000000 0.000000
vt 1.000000 1.000000
vt 0.000000 1.000000
vt 0.000000 0.000000
vt 1.000000 0.000000
vt 1.000000 1.000000
vt 0.000000 1.000000
vt 0.000000 0.000000
vt 1.000000 0.000000
vt 1.000000 1.000000
vt 0.000000 1.000000
vt 0.000000 0.000000
vt 1.000000 0.000000
vt 1.000000 1.000000
vt 0.000000 1.000000
vt 0.000000 0.000000
vt 1.000000 0.000000
vt 1.000000 1.000000
vt 0.000000 1.000000
vt 1.000000 0.500000
vt 0.750000 0.933013
vt 0.250000 0.933013
vt 0.000000 0.500000
vt 0.250000 0.066987
vt 0.750000 0.066987
vt 1.000000 0.500000
vt 0.750000 0.933013
vt 0.250000 0.933013
vt 0.000000 0.500000
vt 0.250000 0.066987
vt 0.750000 0.066987
vt 0.000000 0.000000
vt 1.000000 0.000000
vt 1.000000 1.000000
vt 0.000000 1.000000
vt 0.000000 0.000000
vt 1.000000 0.000000
vt 1.000000 1.000000
vt 0.000000 1.000000
vt 0.000000 0.000000
vt 1.000000 0.000000
vt 1.000000 1.000000
vt 0.000000 1.000000
vt 0.000000 0.000000
vt 1.000000 0.000000
vt 1.000000 1.000000
vt 0.000000 1.000000
vt 0.000000 0.000000
vt 1.000000 0.000000
vt 1.000000 1.000000
vt 0.000000 1.000000
vt 0.000000 0.000000
vt 1.000000 0.000000
vt 1.000000 1.000000
vt 0.000000 1.000000
vt 1.000000 0.500000
vt 0.750000 0.933013
vt 0.250000 0.933013
vt 0.000000 0.500000
vt 0.250000 0.066987
vt 0.750000 0.066987
vt 1.000000 0.500000
vt 0.750000 0.933013
vt 0.250000 0.933013
vt 0.000000 0.500000
vt 0.250000 0.066987
vt 0.750000 0.066987
vt 0.000000 0.000000
vt 1.000000 0.000000
vt 1.000000 1.000000
vt 0.000000 1.000000
vt 0.000000 0.000000
vt 1.000000 0.000000
vt 1.000000 1.000000
vt 0.000000 1.000000
vt 0.000000 0.000000
vt 1.000000 0.000000
vt 1.000000 1.000000
vt 0.000000 1.000000
vt 0.000000 0.000000
vt 1.000000 0.000000
vt 1.000000 1.000000
vt 0.000000 1.000000
vt 0.000000 0.000000
vt 1.000000 0.000000
vt 1.000000 1.000000
vt 0.000000 1.000000
vt 0.000000 0.000000
vt 1.000000 0.000000
vt 1.000000 1.000000
vt 0.000000 1.000000
vt 1.000000 0.500000
vt 0.750000 0.933013
vt 0.250000 0.933013
vt 0.000000 0.500000
vt 0.250000 0.066987
vt 0.750000 0.066987
vt 1.000000 0.500000
vt 0.750000 0.933013
vt 0.250000 0.933013
vt 0.000000 0.500000
vt 0.250000 0.066987
vt 0.750000 0.066987
vt 0.000000 0.000000
vt 1.000000 0.000000
vt 1.000000 1.000000
vt 0.000000 1.000000
vt 0.000000 0.000000
vt 1.000000 0.000000
vt 1.000000 1.000000
vt 0.000000 1.000000
vt 0.000000 0.000000
vt 1.000000 0.000000
vt 1.000000 1.000000
vt 0.000000 1.000000
vt 0.000000 0.000000
vt 1.000000 0.000000
vt 1.000000 1.000000
vt 0.000000 1.000000
vt 0.000000 0.000000
vt 1.000000 0.000000
vt 1.000000 1.000000
vt 0.000000 1.000000
vt 0.000000 0.000000
vt 1.000000 0.000000
vt 1.000000 1.000000
vt 0.000000 1.000000
vt 0.000000 0.000000
vt 1.000000 0.000000
vt 1.000000 1.000000
vt 0.000000 1.000000
vt 0.000000 0.000000
vt 1.000000 0.000000
vt 1.000000 1.000000
vt 0.000000 1.000000
vt 0.000000 0.000000
vt 1.000000 0.000000
vt 1.000000 1.000000
vt 0.000000 1.000000
vt 0.000000 0.000000
vt 1.000000 0.000000
vt 1.000000 1.000000
vt 0.000000 1.000000
vt 0.000000 0.000000
vt 1.000000 0.000000
vt 1.000000 1.000000
vt 0.000000 1.000000
vt 0.000000 0.000000
vt 1.000000 0.000000
vt 1.000000 1.000000
vt 0.000000 1.000000
vt 0.000000 0.000000
vt 1.000000 0.000000
vt 1.000000 1.000000
vt 0.000000 1.000000
vt 0.000000 0.000000
vt 1.000000 0.000000
vt 1.000000 1.000000
vt 0.000000 1.000000
vt 0.000000 0.000000
vt 1.000000 0.000000
vt 1.000000 1.000000
vt 0.000000 1.000000
vt 0.000000 0.000000
vt 1.000000 0.000000
vt 1.000000 1.000000
vt 0.000000 1.000000
vt 0.000000 0.000000
vt 1.000000 0.000000
vt 1.000000 1.000000
vt 0.000000 1.000000
vt 0.000000 0.000000
vt 1.000000 0.000000
vt 1.000000 1.000000
vt 0.000000 1.000000
vt 1.000000 0.500000
vt 0.750000 0.933013
vt 0.250000 0.933013
vt 0.000000 0.500000
vt 0.250000 0.066987
vt 0.750000 0.066987
vt 1.000000 0.500000
vt 0.750000 0.933013
vt 0.250000 0.933013
vt 0.000000 0.500000
vt 0.250000 0.066987
vt 0.750000 0.066987
vt 0.000000 0.000000
vt 1.000000 0.000000
vt 1.000000 1.000000
vt 0.000000 1.000000
vt 0.000000 0.000000
vt 1.000000 0.000000
vt 1.000000 1.000000
vt 0.000000 1.000000
vt 0.000000 0.000000
vt 1.000000 0.000000
vt 1.000000 1.000000
vt 0.000000 1.000000
vt 0.000000 0.000000
vt 1.000000 0.000000
vt 1.000000 1.000000
vt 0.000000 1.000000
vt 0.000000 0.000000
vt 1.000000 0.000000
vt 1.000000 1.000000
vt 0.000000 1.000000
vt 0.000000 0.000000
vt 1.000000 0.000000
vt 1.000000 1.000000
vt 0.000000 1.000000
vt 1.000000 0.500000
vt 0.750000 0.933013
vt 0.250000 0.933013
vt 0.000000 0.500000
vt 0.250000 0.066987
vt 0.750000 0.066987
vt 1.000000 0.500000
vt 0.750000 0.933013
vt 0.250000 0.933013
vt 0.000000 0.500000
vt 0.250000 0.066987
vt 0.750000 0.066987
vt 0.000000 0.000000
vt 1.000000 0.000000
vt 1.000000 1.000000
vt 0.000000 1.000000
vt 0.000000 0.000000
vt 1.000000 0.000000
vt 1.000000 1.000000
vt 0.000000 1.000000
vt 0.000000 0.000000
vt 1.000000 0.000000
vt 1.000000 1.000000
vt 0.000000 1.000000
vt 0.000000 0.000000
vt 1.000000 0.000000
vt 1.000000 1.000000
vt 0.000000 1.000000
vt 0.000000 0.000000
vt 1.000000 0.000000
vt 1.000000 1.000000
vt 0.000000 1.000000
vt 0.000000 0.000000
vt 1.000000 0.000000
vt 1.000000 1.000000
vt 0.000000 1.000000
vt 1.000000 0.500000
vt 0.750000 0.933013
vt 0.250000 0.933013
vt 0.000000 0.500000
vt 0.250000 0.066987
vt 0.750000 0.066987
vt 1.000000 0.500000
vt 0.750000 0.933013
vt 0.250000 0.933013
vt 0.000000 0.500000
vt 0.250000 0.066987
vt 0.750000 0.066987
vt 0.000000 0.000000
vt 1.000000 0.000000
vt 1.000000 1.000000
vt 0.000000 1.000000
vt 0.000000 0.000000
vt 1.000000 0.000000
vt 1.000000 1.000000
vt 0.000000 1.000000
vt 0.000000 0.000000
vt 1.000000 0.000000
vt 1.000000 1.000000
vt 0.000000 1.000000
vt 0.000000 0.000000
vt 1.000000 0.000000
vt 1.000000 1.000000
vt 0.000000 1.000000
vt 0.000000 0.000000
vt 1.000000 0.000000
vt 1.000000 1.000000
vt 0.000000 1.000000
vt 0.000000 0.000000
vt 1.000000 0.000000
vt 1.000000 1.000000
vt 0.000000 1.000000
vt 1.000000 0.500000
vt 0.750000 0.933013
vt 0.250000 0.933013
vt 0.000000 0.500000
vt 0.250000 0.066987
vt 0.750000 0.066987
vt 1.000000 0.500000
vt 0.750000 0.933013
vt 0.250000 0.933013
vt 0.000000 0.500000
vt 0.250000 0.066987
vt 0.750000 0.066987
vt 0.000000 0.000000
vt 1.000000 0.000000
vt 1.000000 1.000000
vt 0.000000 1.000000
vt 0.000000 0.000000
vt 1.000000 0.000000
vt 1.000000 1.000000
vt 0.000000 1.000000
vt 0.000000 0.000000
vt 1.000000 0.000000
vt 1.000000 1.000000
vt 0.000000 1.000000
vt 0.000000 0.000000
vt 1.000000 0.000000
vt 1.000000 1.000000
vt 0.000000 1.000000
vt 0.000000 0.000000
vt 1.000000 0.000000
vt 1.000000 1.000000
vt 0.000000 1.000000
vt 0.000000 0.000000
vt 1.000000 0.000000
vt 1.000000 1.000000
vt 0.000000 1.000000
vt 0.000000 0.000000
vt 1.000000 0.000000
vt 1.000000 1.000000
vt 0.000000 1.000000
vt 0.000000 0.000000
vt 1.000000 0.000000
vt 1.000000 1.000000
vt 0.000000 1.000000
vt 0.000000 0.000000
vt 1.000000 0.000000
vt 1.000000 1.000000
vt 0.000000 1.000000
vt 0.000000 0.000000
vt 1.000000 0.000000
vt 1.000000 1.000000
vt 0.000000 1.000000
vt 0.000000 0.000000
vt 1.000000 0.000000
vt 1.000000 1.000000
vt 0.000000 1.000000
vt 0.000000 0.000000
vt 1.000000 0.000000
vt 1.000000 1.000000
vt 0.000000 1.000000
vt 0.000000 0.000000
vt 1.000000 0.000000
vt 1.000000 1.000000
vt 0.000000 1.000000
vt 0.000000 0.000000
vt 1.000000 0.000000
vt 1.000000 1.000000
vt 0.000000 1.000000
vt 0.000000 0.000000
vt 1.000000 0.000000
vt 1.000000 1.000000
vt 0.000000 1.000000
vt 0.000000 0.000000
vt 1.000000 0.000000
vt 1.000000 1.000000
vt 0.000000 1.000000
vt 0.000000 0.000000
vt 1.000000 0.000000
vt 1.000000 1.000000
vt 0.000000 1.000000
vt 0.000000 0.000000
vt 1.000000 0.000000
vt 1.000000 1.000000
vt 0.000000 1.000000
vt 1.000000 0.500000
vt 0.750000 0.933013
vt 0.250000 0.933013
vt 0.000000 0.500000
vt 0.250000 0.066987
vt 0.750000 0.066987
vt 1.000000 0.500000
vt 0.750000 0.933013
vt 0.250000 0.933013
vt 0.000000 0.500000
vt 0.250000 0.066987
vt 0.750000 0.066987
vt 0.000000 0.000000
vt 1.000000 0.000000
vt 1.000000 1.000000
vt 0.000000 1.000000
vt 0.000000 0.000000
vt 1.000000 0.000000
vt 1.000000 1.000000
vt 0.000000 1.000000
vt 0.000000 0.000000
vt 1.000000 0.000000
vt 1.000000 1.000000
vt 0.000000 1.000000
vt 0.000000 0.000000
vt 1.000000 0.000000
vt 1.000000 1.000000
vt 0.000000 1.000000
vt 0.000000 0.000000
vt 1.000000 0.000000
vt 1.000000 1.000000
vt 0.000000 1.000000
vt 0.000000 0.000000
vt 1.000000 0.000000
vt 1.000000 1.000000
vt 0.000000 1.000000
vt 1.000000 0.500000
vt 0.750000 0.933013
vt 0.250000 0.933013
vt 0.000000 0.500000
vt 0.250000 0.066987
vt 0.750000 0.066987
vt 1.000000 0.500000
vt 0.750000 0.933013
vt 0.250000 0.933013
vt 0.000000 0.500000
vt 0.250000 0.066987
vt 0.750000 0.066987
vt 0.000000 0.000000
vt 1.000000 0.000000
vt 1.000000 1.000000
vt 0.000000 1.000000
vt 0.000000 0.000000
vt 1.000000 0.000000
vt 1.000000 1.000000
vt 0.000000 1.000000
vt 0.000000 0.000000
vt 1.000000 0.000000
vt 1.000000 1.000000
vt 0.000000 1.000000
vt 0.000000 0.000000
vt 1.000000 0.000000
vt 1.000000 1.000000
vt 0.000000 1.000000
vt 0.000000 0.000000
vt 1.000000 0.000000
vt 1.000000 1.000000
vt 0.000000 1.000000
vt 0.000000 0.000000
vt 1.000000 0.000000
vt 1.000000 1.000000
vt 0.000000 1.000000
vt 1.000000 0.500000
vt 0.750000 0.933013
vt 0.250000 0.933013
vt 0.000000 0.500000
vt 0.250000 0.066987
vt 0.750000 0.066987
vt 1.000000 0.500000
vt 0.750000 0.933013
vt 0.250000 0.933013
vt 0.000000 0.500000
vt 0.250000 0.066987
vt 0.750000 0.066987
vt 0.000000 0.000000
vt 1.000000 0.000000
vt 1.000000 1.000000
vt 0.000000 1.000000
vt 0.000000 0.000000
vt 1.000000 0.000000
vt 1.000000 1.000000
vt 0.000000 1.000000
vt 0.000000 0.000000
vt 1.000000 0.000000
vt 1.000000 1.000000
vt 0.000000 1.000000
vt 0.000000 0.000000
vt 1.000000 0.000000
vt 1.000000 1.000000
vt 0.000000 1.000000
vt 0.000000 0.000000
vt 1.000000 0.000000
vt 1.000000 1.000000
vt 0.000000 1.000000
vt 0.000000 0.000000
vt 1.000000 0.000000
vt 1.000000 1.000000
vt 0.000000 1.000000
vt 1.000000 0.500000
vt 0.750000 0.933013
vt 0.250000 0.933013
vt 0.000000 0.500000
vt 0.250000 0.066987
vt 0.750000 0.066987
vt 1.000000 0.500000
vt 0.750000 0.933013
vt 0.250000 0.933013
vt 0.000000 0.500000
vt 0.250000 0.066987
vt 0.750000 0.066987
vt 0.000000 0.000000
vt 1.000000 0.000000
vt 1.000000 1.000000
vt 0.000000 1.000000
vt 0.000000 0.000000
vt 1.000000 0.000000
vt 1.000000 1.000000
vt 0.000000 1.000000
vt 0.000000 0.000000
vt 1.000000 0.000000
vt 1.000000 1.000000
vt 0.000000 1.000000
vt 0.000000 0.000000
vt 1.000000 0.000000
vt 1.000000 1.000000
vt 0.000000 1.000000
vt 0.000000 0.000000
vt 1.000000 0.000000
vt 1.000000 1.000000
vt 0.000000 1.000000
vt 0.000000 0.000000
vt 1.000000 0.000000
vt 1.000000 1.000000
vt 0.000000 1.000000
vt 0.000000 0.000000
vt 1.000000 0.000000
vt 1.000000 1.000000
vt 0.000000 1.000000
vt 0.000000 0.000000
vt 1.000000 0.000000
vt 1.000000 1.000000
vt 0.000000 1.000000
vt 0.000000 0.000000
vt 1.000000 0.000000
vt 1.000000 1.000000
vt 0.000000 1.000000
vt 0.000000 0.000000
vt 1.000000 0.000000
vt 1.000000 1.000000
vt 0.000000 1.000000
vt 0.000000 0.000000
vt 1.000000 0.000000
vt 1.000000 1.000000
vt 0.000000 1.000000
vt 0.000000 0.000000
vt 1.000000 0.000000
vt 1.000000 1.000000
vt 0.000000 1.000000
vt 0.000000 0.000000
vt 1.000000 0.000000
vt 1.000000 1.000000
vt 0.000000 1.000000
vt 0.000000 0.000000
vt 1.000000 0.000000
vt 1.000000 1.000000
vt 0.000000 1.000000
vt 0.000000 0.000000
vt 1.000000 0.000000
vt 1.000000 1.000000
vt 0.000000 1.000000
vt 0.000000 0.000000
vt 1.000000 0.000000
vt 1.000000 1.000000
vt 0.000000 1.000000
vt 0.000000 0.000000
vt 1.000000 0.000000
vt 1.000000 1.000000
vt 0.000000 1.000000
vt 0.000000 0.000000
vt 1.000000 0.000000
vt 1.000000 1.000000
vt 0.000000 1.000000
vt 1.000000 0.500000
vt 0.750000 0.933013
vt 0.250000 0.933013
vt 0.000000 0.500000
vt 0.250000 0.066987
vt 0.750000 0.066987
vt 1.000000 0.500000
vt 0.750000 0.933013
vt 0.250000 0.933013
vt 0.000000 0.500000
vt 0.250000 0.066987
vt 0.750000 0.066987
vt 0.000000 0.000000
vt 1.000000 0.000000
vt 1.000000 1.000000
vt 0.000000 1.000000
vt 0.000000 0.000000
vt 1.000000 0.000000
vt 1.000000 1.000000
vt 0.000000 1.000000
vt 0.000000 0.000000
vt 1.000000 0.000000
vt 1.000000 1.000000
vt 0.000000 1.000000
vt 0.000000 0.000000
vt 1.000000 0.000000
vt 1.000000 1.000000
vt 0.000000 1.000000
vt 0.000000 0.000000
vt 1.000000 0.000000
vt 1.000000 1.000000
vt 0.000000 1.000000
vt 0.000000 0.000000
vt 1.000000 0.000000
vt 1.000000 1.000000
vt 0.000000 1.000000
vt 1.000000 0.500000
vt 0.750000 0.933013
vt 0.250000 0.933013
vt 0.000000 0.500000
vt 0.250000 0.066987
vt 0.750000 0.066987
vt 1.000000 0.500000
vt 0.750000 0.933013
vt 0.250000 0.933013
vt 0.000000 0.500000
vt 0.250000 0.066987
vt 0.750000 0.066987
vt 0.000000 0.000000
vt 1.000000 0.000000
vt 1.000000 1.000000
vt 0.000000 1.000000
vt 0.000000 0.000000
vt 1.000000 0.000000
vt 1.000000 1.000000
vt 0.000000 1.000000
vt 0.000000 0.000000
vt 1.000000 0.000000
vt 1.000000 1.000000
vt 0.000000 1.000000
vt 0.000000 0.000000
vt 1.000000 0.000000
vt 1.000000 1.000000
vt 0.000000 1.000000
vt 0.000000 0.000000
vt 1.000000 0.000000
vt 1.000000 1.000000
vt 0.000000 1.000000
vt 0.000000 0.000000
vt 1.000000 0.000000
vt 1.000000 1.000000
vt 0.000000 1.000000
vt 1.000000 0.500000
vt 0.750000 0.933013
vt 0.250000 0.933013
vt 0.000000 0.500000
vt 0.250000 0.066987
vt 0.750000 0.066987
vt 1.000000 0.500000
vt 0.750000 0.933013
vt 0.250000 0.933013
vt 0.000000 0.500000
vt 0.250000 0.066987
vt 0.750000 0.066987
vt 0.000000 0.000000
vt 1.000000 0.000000
vt 1.000000 1.000000
vt 0.000000 1.000000
vt 0.000000 0.000000
vt 1.000000 0.000000
vt 1.000000 1.000000
vt 0.000000 1.000000
vt 0.000000 0.000000
vt 1.000000 0.000000
vt 1.000000 1.000000
vt 0.000000 1.000000
vt 0.000000 0.000000
vt 1.000000 0.000000
vt 1.000000 1.000000
vt 0.000000 1.000000
vt 0.000000 0.000000
vt 1.000000 0.000000
vt 1.000000 1.000000
vt 0.000000 1.000000
vt 0.000000 0.000000
vt 1.000000 0.000000
vt 1.000000 1.000000
vt 0.000000 1.000000
vt 1.000000 0.500000
vt 0.750000 0.933013
vt 0.250000 0.933013
vt 0.000000 0.500000
vt 0.250000 0.066987
vt 0.750000 0.066987
vt 1.000000 0.500000
vt 0.750000 0.933013
vt 0.250000 0.933013
vt 0.000000 0.500000
vt 0.250000 0.066987
vt 0.750000 0.066987
vt 0.000000 0.000000
vt 1.000000 0.000000
vt 1.000000 1.000000
vt 0.000000 1.000000
vt 0.000000 0.000000
vt 1.000000 0.000000
vt 1.000000 1.000000
vt 0.000000 1.000000
vt 0.000000 0.000000
vt 1.000000 0.000000
vt 1.000000 1.000000
vt 0.000000 1.000000
vt 0.000000 0.000000
vt 1.000000 0.000000
vt 1.000000 1.000000
vt 0.000000 1.000000
vt 0.000000 0.000000
vt 1.000000 0.000000
vt 1.000000 1.000000
vt 0.000000 1.000000
vt 0.000000 0.000000
vt 1.000000 0.000000
vt 1.000000 1.000000
vt 0.000000 1.000000
vt 0.000000 0.000000
vt 1.000000 0.000000
vt 1.000000 1.000000
vt 0.000000 1.000000
vt 0.000000 0.000000
vt 1.000000 0.000000
vt 1.000000 1.000000
vt 0.000000 1.000000
vt 0.000000 0.000000
vt 1.000000 0.000000
vt 1.000000 1.000000
vt 0.000000 1.000000
vt 0.000000 0.000000
vt 1.000000 0.000000
vt 1.000000 1.000000
vt 0.000000 1.000000
vt 0.000000 0.000000
vt 1.000000 0.000000
vt 1.000000 1.000000
vt 0.000000 1.000000
vt 0.000000 0.000000
vt 1.000000 0.000000
vt 1.000000 1.000000
vt 0.000000 1.000000
vt 0.000000 0.000000
vt 1.000000 0.000000
vt 1.000000 1.000000
vt 0.000000 1.000000
vt 0.000000 0.000000
vt 1.000000 0.000000
vt 1.000000 1.000000
vt 0.000000 1.000000
vt 0.000000 0.000000
vt 1.000000 0.000000
vt 1.000000 1.000000
vt 0.000000 1.000000
vt 0.000000 0.000000
vt 1.000000 0.000000
vt 1.000000 1.000000
vt 0.000000 1.000000
vt 0.000000 0.000000
vt 1.000000 0.000000
vt 1.000000 1.000000
vt 0.000000 1.000000
vt 0.000000 0.000000
vt 1.000000 0.000000
vt 1.000000 1.000000
vt 0.000000 1.000000
vt 1.000000 0.500000
vt 0.750000 0.933013
vt 0.250000 0.933013
vt 0.000000 0.500000
vt 0.250000 0.066987
vt 0.750000 0.066987
vt 1.000000 0.500000
vt 0.750000 0.933013
vt 0.250000 0.933013
vt 0.000000 0.500000
vt 0.250000 0.066987
vt 0.750000 0.066987
vt 0.000000 0.000000
vt 1.000000 0.000000
vt 1.000000 1.000000
vt 0.000000 1.000000
vt 0.000000 0.000000
vt 1.000000 0.000000
vt 1.000000 1.000000
vt 0.000000 1.000000
vt 0.000000 0.000000
vt 1.000000 0.000000
vt 1.000000 1.000000
vt 0.000000 1.000000
vt 0.000000 0.000000
vt 1.000000 0.000000
vt 1.000000 1.000000
vt 0.000000 1.000000
vt 0.000000 0.000000
vt 1.000000 0.000000
vt 1.000000 1.000000
vt 0.000000 1.000000
vt 0.000000 0.000000
vt 1.000000 0.000000
vt 1.000000 1.000000
vt 0.000000 1.000000
vt 1.000000 0.500000
vt 0.750000 0.933013
vt 0.250000 0.933013
vt 0.000000 0.500000
vt 0.250000 0.066987
vt 0.750000 0.066987
vt 1.000000 0.500000
vt 0.750000 0.933013
vt 0.250000 0.933013
vt 0.000000 0.500000
vt 0.250000 0.066987
vt 0.750000 0.066987
vt 0.000000 0.000000
vt 1.000000 0.000000
vt 1.000000 1.000000
vt 0.000000 1.000000
vt 0.000000 0.000000
vt 1.000000 0.000000
vt 1.000000 1.000000
vt 0.000000 1.000000
vt 0.000000 0.000000
vt 1.000000 0.000000
vt 1.000000 1.000000
vt 0.000000 1.000000
vt 0.000000 0.000000
vt 1.000000 0.000000
vt 1.000000 1.000000
vt 0.000000 1.000000
vt 0.000000 0.000000
vt 1.000000 0.000000
vt 1.000000 1.000000
vt 0.000000 1.000000
vt 0.000000 0.000000
vt 1.000000 0.000000
vt 1.000000 1.000000
vt 0.000000 1.000000
vt 1.000000 0.500000
vt 0.750000 0.933013
vt 0.250000 0.933013
vt 0.000000 0.500000
vt 0.250000 0.066987
vt 0.750000 0.066987
vt 1.000000 0.500000
vt 0.750000 0.933013
vt 0.250000 0.933013
vt 0.000000 0.500000
vt 0.250000 0.066987
vt 0.750000 0.066987
vt 0.000000 0.000000
vt 1.000000 0.000000
vt 1.000000 1.000000
vt 0.000000 1.000000
vt 0.000000 0.000000
vt 1.000000 0.000000
vt 1.000000 1.000000
vt 0.000000 1.000000
vt 0.000000 0.000000
vt 1.000000 0.000000
vt 1.000000 1.000000
vt 0.000000 1.000000
vt 0.000000 0.000000
vt 1.000000 0.000000
vt 1.000000 1.000000
vt 0.000000 1.000000
vt 0.000000 0.000000
vt 1.000000 0.000000
vt 1.000000 1.000000
vt 0.000000 1.000000
vt 0.000000 0.000000
vt 1.000000 0.000000
vt 1.000000 1.000000
vt 0.000000 1.000000
vt 1.000000 0.500000
vt 0.750000 0.933013
vt 0.250000 0.933013
vt 0.000000 0.500000
vt 0.250000 0.066987
vt 0.750000 0.066987
vt 1.000000 0.500000
vt 0.750000 0.933013
vt 0.250000 0.933013
vt 0.000000 0.500000
vt 0.250000 0.066987
vt 0.750000 0.066987
vt 0.000000 0.000000
vt 1.000000 0.000000
vt 1.000000 1.000000
vt 0.000000 1.000000
vt 0.000000 0.000000
vt 1.000000 0.000000
vt 1.000000 1.000000
vt 0.000000 1.000000
vt 0.000000 0.000000
vt 1.000000 0.000000
vt 1.000000 1.000000
vt 0.000000 1.000000
vt 0.000000 0.000000
vt 1.000000 0.000000
vt 1.000000 1.000000
vt 0.000000 1.000000
vt 0.000000 0.000000
vt 1.000000 0.000000
vt 1.000000 1.000000
vt 0.000000 1.000000
vt 0.000000 0.000000
vt 1.000000 0.000000
vt 1.000000 1.000000
vt 0.000000 1.000000
vt 0.000000 0.000000
vt 1.000000 0.000000
vt 1.000000 1.000000
vt 0.000000 1.000000
vt 1.000000 0.500000
vt 0.811745 0.890916
vt 0.388740 0.987464
vt 0.049516 0.716942
vt 0.049516 0.283058
vt 0.388740 0.012536
vt 0.811745 0.109084
vt 1.000000 0.500000
vt 0.811745 0.890916
vt 0.388740 0.987464
vt 0.049516 0.716942
vt 0.049516 0.283058
vt 0.388740 0.012536
vt 0.811745 0.109084
vt 0.000000 0.000000
vt 1.000000 0.000000
vt 1.000000 1.000000
vt 0.000000 1.000000
vt 0.000000 0.000000
vt 1.000000 0.000000
vt 1.000000 1.000000
vt 0.000000 1.000000
vt 0.000000 0.000000
vt 1.000000 0.000000
vt 1.000000 1.000000
vt 0.000000 1.000000
vt 0.000000 0.000000
vt 1.000000 0.000000
vt 1.000000 1.000000
vt 0.000000 1.000000
vt 0.000000 0.000000
vt 1.000000 0.000000
vt 1.000000 1.000000
vt 0.000000 1.000000
vt 0.000000 0.000000
vt 1.000000 0.000000
vt 1.000000 1.000000
vt 0.000000 1.000000
vt 0.000000 0.000000
vt 1.000000 0.000000
vt 1.000000 1.000000
vt 0.000000 1.000000
vt 1.000000 0.500000
vt 0.811745 0.890916
vt 0.388740 0.987464
vt 0.049516 0.716942
vt 0.049516 0.283058
vt 0.388740 0.012536
vt 0.811745 0.109084
vt 1.000000 0.500000
vt 0.811745 0.890916
vt 0.388740 0.987464
vt 0.049516 0.716942
vt 0.049516 0.283058
vt 0.388740 0.012536
vt 0.811745 0.109084
vt 0.000000 0.000000
vt 1.000000 0.000000
vt 1.000000 1.000000
vt 0.000000 1.000000
vt 0.000000 0.000000
vt 1.000000 0.000000
vt 1.000000 1.000000
vt 0.000000 1.000000
vt 0.000000 0.000000
vt 1.000000 0.000000
vt 1.000000 1.000000
vt 0.000000 1.000000
vt 0.000000 0.000000
vt 1.000000 0.000000
vt 1.000000 1.000000
vt 0.000000 1.000000
vt 0.000000 0.000000
vt 1.000000 0.000000
vt 1.000000 1.000000
vt 0.000000 1.000000
vt 0.000000 0.000000
vt 1.000000 0.000000
vt 1.000000 1.000000
vt 0.000000 1.000000
vt 0.000000 0.000000
vt 1.000000 0.000000
vt 1.000000 1.000000
vt 0.000000 1.000000
vt 1.000000 0.500000
vt 0.811745 0.890916
vt 0.388740 0.987464
vt 0.049516 0.716942
vt 0.049516 0.283058
vt 0.388740 0.012536
vt 0.811745 0.109084
vt 1.000000 0.500000
vt 0.811745 0.890916
vt 0.388740 0.987464
vt 0.049516 0.716942
vt 0.049516 0.283058
vt 0.388740 0.012536
vt 0.811745 0.109084
vt 0.000000 0.000000
vt 1.000000 0.000000
vt 1.000000 1.000000
vt 0.000000 1.000000
vt 0.000000 0.000000
vt 1.000000 0.000000
vt 1.000000 1.000000
vt 0.000000 1.000000
vt 0.000000 0.000000
vt 1.000000 0.000000
vt 1.000000 1.000000
vt 0.000000 1.000000
vt 0.000000 0.000000
vt 1.000000 0.000000
vt 1.000000 1.000000
vt 0.000000 1.000000
vt 0.000000 0.000000
vt 1.000000 0.000000
vt 1.000000 1.000000
vt 0.000000 1.000000
vt 0.000000 0.000000
vt 1.000000 0.000000
vt 1.000000 1.000000
vt 0.000000 1.000000
vt 0.000000 0.000000
vt 1.000000 0.000000
vt 1.000000 1.000000
vt 0.000000 1.000000
vt 1.000000 0.500000
vt 0.811745 0.890916
vt 0.388740 0.987464
vt 0.049516 0.716942
vt 0.049516 0.283058
vt 0.388740 0.012536
vt 0.811745 0.109084
vt 1.000000 0.500000
vt 0.811745 0.890916
vt 0.388740 0.987464
vt 0.049516 0.716942
vt 0.049516 0.283058
vt 0.388740 0.012536
vt 0.811745 0.109084
vt 0.000000 0.000000
vt 1.000000 0.000000
vt 1.000000 1.000000
vt 0.000000 1.000000
vt 0.000000 0.000000
vt 1.000000 0.000000
vt 1.000000 1.000000
vt 0.000000 1.000000
vt 0.000000 0.000000
vt 1.000000 0.000000
vt 1.000000 1.000000
vt 0.000000 1.000000
vt 0.000000 0.000000
vt 1.000000 0.000000
vt 1.000000 1.000000
vt 0.000000 1.000000
vt 0.000000 0.000000
vt 1.000000 0.000000
vt 1.000000 1.000000
vt 0.000000 1.000000
vt 0.000000 0.000000
vt 1.000000 0.000000
vt 1.000000 1.000000
vt 0.000000 1.000000
vt 0.000000 0.000000
vt 1.000000 0.000000
vt 1.000000 1.000000
vt 0.000000 1.000000
vt 1.000000 0.500000
vt 0.811745 0.890916
vt 0.388740 0.987464
vt 0.049516 0.716942
vt 0.049516 0.283058
vt 0.388740 0.012536
vt 0.811745 0.109084
vt 1.000000 0.500000
vt 0.811745 0.890916
vt 0.388740 0.987464
vt 0.049516 0.716942
vt 0.049516 0.283058
vt 0.388740 0.012536
vt 0.811745 0.109084
vt 0.000000 0.000000
vt 1.000000 0.000000
vt 1.000000 1.000000
vt 0.000000 1.000000
vt 0.000000 0.000000
vt 1.000000 0.000000
vt 1.000000 1.000000
vt 0.000000 1.000000
vt 0.000000 0.000000
vt 1.000000 0.000000
vt 1.000000 1.000000
vt 0.000000 1.000000
vt 0.000000 0.000000
vt 1.000000 0.000000
vt 1.000000 1.000000
vt 0.000000 1.000000
vt 0.000000 0.000000
vt 1.000000 0.000000
vt 1.000000 1.000000
vt 0.000000 1.000000
vt 0.000000 0.000000
vt 1.000000 0.000000
vt 1.000000 1.000000
vt 0.000000 1.000000
vt 0.000000 0.000000
vt 1.000000 0.000000
vt 1.000000 1.000000
vt 0.000000 1.000000
vt 1.000000 0.500000
vt 0.811745 0.890916
vt 0.388740 0.987464
vt 0.049516 0.716942
vt 0.049516 0.283058
vt 0.388740 0.012536
vt 0.811745 0.109084
vt 1.000000 0.500000
vt 0.811745 0.890916
vt 0.388740 0.987464
vt 0.049516 0.716942
vt 0.049516 0.283058
vt 0.388740 0.012536
vt 0.811745 0.109084
vn 0.000000 0.000000 1.000000
vn 0.000000 0.000000 -1.000000
vn 1.000000 0.000000 0.000000
vn -1.000000 0.000000 0.000000
vn 0.000000 -1.000000 0.000000
vn -0.000000 1.000000 0.000000
vn 0.000000 0.000000 1.000000
vn 0.000000 0.000000 -1.000000
vn 1.000000 0.000000 0.000000
vn -1.000000 0.000000 0.000000
vn 0.000000 -1.000000 0.000000
vn -0.000000 1.000000 0.000000
vn -0.974928 -0.222521 0.000000
vn -0.781831 -0.623490 0.000000
vn -0.433884 -0.900969 0.000000
vn 0.000000 -1.000000 0.000000
vn 0.433884 -0.900969 0.000000
vn 0.781831 -0.623490 0.000000
vn 0.974928 -0.222521 0.000000
vn 0.974928 0.222521 0.000000
vn 0.781831 0.623490 0.000000
vn 0.433884 0.900969 0.000000
vn 0.000000 1.000000 0.000000
vn -0.433884 0.900969 0.000000
vn -0.781831 0.623490 0.000000
vn -0.974928 0.222521 0.000000
vn 0.000000 0.000000 -1.000000
vn 0.000000 0.000000 1.000000
vn -0.974928 -0.222521 0.000000
vn -0.781831 -0.623490 0.000000
vn -0.433884 -0.900969 0.000000
vn 0.000000 -1.000000 0.000000
vn 0.433884 -0.900969 0.000000
vn 0.781831 -0.623490 0.000000
vn 0.974928 -0.222521 0.000000
vn 0.974928 0.222521 0.000000
vn 0.781831 0.623490 0.000000
vn 0.433884 0.900969 0.000000
vn 0.000000 1.000000 0.000000
vn -0.433884 0.900969 0.000000
vn -0.781831 0.623490 0.000000
vn -0.974928 0.222521 0.000000
vn 0.000000 0.000000 -1.000000
vn 0.000000 0.000000 1.000000
vn -0.974928 -0.222521 0.000000
vn -0.781831 -0.623490 0.000000
vn -0.433884 -0.900969 0.000000
vn 0.000000 -1.000000 0.000000
vn 0.433884 -0.900969 0.000000
vn 0.781831 -0.623490 0.000000
vn 0.974928 -0.222521 0.000000
vn 0.974928 0.222521 0.000000
vn 0.781831 0.623490 0.000000
vn 0.433884 0.900969 0.000000
vn 0.000000 1.000000 0.000000
vn -0.433884 0.900969 0.000000
vn -0.781831 0.623490 0.000000
vn -0.974928 0.222521 0.000000
vn 0.000000 0.000000 -1.000000
vn 0.000000 0.000000 1.000000
vn -0.974928 -0.222521 0.000000
vn -0.781831 -0.623490 0.000000
vn -0.433884 -0.900969 0.000000
vn 0.000000 -1.000000 0.000000
vn 0.433884 -0.900969 0.000000
vn 0.781831 -0.623490 0.000000
vn 0.974928 -0.222521 0.000000
vn 0.974928 0.222521 0.000000
vn 0.781831 0.623490 0.000000
vn 0.433884 0.900969 0.000000
vn 0.000000 1.000000 0.000000
vn -0.433884 0.900969 0.000000
vn -0.781831 0.623490 0.000000
vn -0.974928 0.222521 0.000000
vn 0.000000 0.000000 -1.000000
vn 0.000000 0.000000 1.000000
vn 0.000000 0.000000 1.000000
vn 0.000000 0.000000 -1.000000
vn 1.000000 0.000000 0.000000
vn -1.000000 0.000000 0.000000
vn 0.000000 -1.000000 0.000000
vn -0.000000 1.000000 0.000000
vn 0.000000 0.000000 1.000000
vn 0.000000 0.000000 -1.000000
vn 1.000000 0.000000 0.000000
vn -1.000000 0.000000 0.000000
vn 0.000000 -1.000000 0.000000
vn -0.000000 1.000000 0.000000
vn -0.974928 -0.222521 0.000000
vn -0.781831 -0.623490 0.000000
vn -0.433884 -0.900969 0.000000
vn 0.000000 -1.000000 0.000000
vn 0.433884 -0.900969 0.000000
vn 0.781831 -0.623490 0.000000
vn 0.974928 -0.222521 0.000000
vn 0.974928 0.222521 0.000000
vn 0.781831 0.623490 0.000000
vn 0.433884 0.900969 0.000000
vn 0.000000 1.000000 0.000000
vn -0.433884 0.900969 0.000000
vn -0.781831 0.623490 0.000000
vn -0.974928 0.222521 0.000000
vn 0.000000 0.000000 -1.000000
vn 0.000000 0.000000 1.000000
vn -0.974928 -0.222521 0.000000
vn -0.781831 -0.623490 0.000000
vn -0.433884 -0.900969 0.000000
vn 0.000000 -1.000000 0.000000
vn 0.433884 -0.900969 0.000000
vn 0.781831 -0.623490 0.000000
vn 0.974928 -0.222521 0.000000
vn 0.974928 0.222521 0.000000
vn 0.781831 0.623490 0.000000
vn 0.433884 0.900969 0.000000
vn 0.000000 1.000000 0.000000
vn -0.433884 0.900969 0.000000
vn -0.781831 0.623490 0.000000
vn -0.974928 0.222521 0.000000
vn 0.000000 0.000000 -1.000000
vn 0.000000 0.000000 1.000000
vn -0.974928 -0.222521 0.000000
vn -0.781831 -0.623490 0.000000
vn -0.433884 -0.900969 0.000000
vn 0.000000 -1.000000 0.000000
vn 0.433884 -0.900969 0.000000
vn 0.781831 -0.623490 0.000000
vn 0.974928 -0.222521 0.000000
vn 0.974928 0.222521 0.000000
vn 0.781831 0.623490 0.000000
vn 0.433884 0.900969 0.000000
vn 0.000000 1.000000 0.000000
vn -0.433884 0.900969 0.000000
vn -0.781831 0.623490 0.000000
vn -0.974928 0.222521 0.000000
vn 0.000000 0.000000 -1.000000
vn 0.000000 0.000000 1.000000
vn -0.974928 -0.222521 0.000000
vn -0.781831 -0.623490 0.000000
vn -0.433884 -0.900969 0.000000
vn 0.000000 -1.000000 0.000000
vn 0.433884 -0.900969 0.000000
vn 0.781831 -0.623490 0.000000
vn 0.974928 -0.222521 0.000000
vn 0.974928 0.222521 0.000000
vn 0.781831 0.623490 0.000000
vn 0.433884 0.900969 0.000000
vn 0.000000 1.000000 0.000000
vn -0.433884 0.900969 0.000000
vn -0.781831 0.623490 0.000000
vn -0.974928 0.222521 0.000000
vn 0.000000 0.000000 -1.000000
vn 0.000000 0.000000 1.000000
vn 0.000000 0.000000 1.000000
vn 0.000000 0.000000 -1.000000
vn 1.000000 0.000000 0.000000
vn -1.000000 0.000000 0.000000
vn 0.000000 -1.000000 0.000000
vn -0.000000 1.000000 0.000000
vn 0.000000 0.000000 1.000000
vn 0.000000 0.000000 -1.000000
vn 1.000000 0.000000 0.000000
vn -1.000000 0.000000 0.000000
vn 0.000000 -1.000000 0.000000
vn -0.000000 1.000000 0.000000
vn -0.951057 -0.309017 0.000000
vn -0.587785 -0.809017 0.000000
vn -0.000000 -1.000000 0.000000
vn 0.587785 -0.809017 0.000000
vn 0.951057 -0.309017 0.000000
vn 0.951057 0.309017 0.000000
vn 0.587785 0.809017 0.000000
vn 0.000000 1.000000 0.000000
vn -0.587785 0.809017 0.000000
vn -0.951057 0.309017 0.000000
vn 0.000000 0.000000 -1.000000
vn 0.000000 0.000000 1.000000
vn -0.951057 -0.309017 0.000000
vn -0.587785 -0.809017 0.000000
vn -0.000000 -1.000000 0.000000
vn 0.587785 -0.809017 0.000000
vn 0.951057 -0.309017 0.000000
vn 0.951057 0.309017 0.000000
vn 0.587785 0.809017 0.000000
vn 0.000000 1.000000 0.000000
vn -0.587785 0.809017 0.000000
vn -0.951057 0.309017 0.000000
vn 0.000000 0.000000 -1.000000
vn 0.000000 0.000000 1.000000
vn -0.951057 -0.309017 0.000000
vn -0.587785 -0.809017 0.000000
vn -0.000000 -1.000000 0.000000
vn 0.587785 -0.809017 0.000000
vn 0.951057 -0.309017 0.000000
vn 0.951057 0.309017 0.000000
vn 0.587785 0.809017 0.000000
vn 0.000000 1.000000 0.000000
vn -0.587785 0.809017 0.000000
vn -0.951057 0.309017 0.000000
vn 0.000000 0.000000 -1.000000
vn 0.000000 0.000000 1.000000
vn -0.951057 -0.309017 0.000000
vn -0.587785 -0.809017 0.000000
vn -0.000000 -1.000000 0.000000
vn 0.587785 -0.809017 0.000000
vn 0.951057 -0.309017 0.000000
vn 0.951057 0.309017 0.000000
vn 0.587785 0.809017 0.000000
vn 0.000000 1.000000 0.000000
vn -0.587785 0.809017 0.000000
vn -0.951057 0.309017 0.000000
vn 0.000000 0.000000 -1.000000
vn 0.000000 0.000000 1.000000
vn 0.000000 0.000000 1.000000
vn 0.000000 0.000000 -1.000000
vn 1.000000 0.000000 0.000000
vn -1.000000 0.000000 0.000000
vn 0.000000 -1.000000 0.000000
vn -0.000000 1.000000 0.000000
vn 0.000000 0.000000 1.000000
vn 0.000000 0.000000 -1.000000
vn 1.000000 0.000000 0.000000
vn -1.000000 0.000000 0.000000
vn 0.000000 -1.000000 0.000000
vn -0.000000 1.000000 0.000000
vn -0.965926 0.000000 -0.258819
vn -0.707107 0.000000 -0.707107
vn -0.258819 0.000000 -0.965926
vn 0.258819 0.000000 -0.965926
vn 0.707107 0.000000 -0.707107
vn 0.965926 0.000000 -0.258819
vn 0.965926 0.000000 0.258819
vn 0.707107 0.000000 0.707107
vn 0.258819 0.000000 0.965926
vn -0.258819 0.000000 0.965926
vn -0.707107 0.000000 0.707107
vn -0.965926 0.000000 0.258819
vn 0.000000 1.000000 0.000000
vn 0.000000 -1.000000 0.000000
vn -0.965926 0.000000 -0.258819
vn -0.707107 0.000000 -0.707107
vn -0.258819 0.000000 -0.965926
vn 0.258819 0.000000 -0.965926
vn 0.707107 0.000000 -0.707107
vn 0.965926 0.000000 -0.258819
vn 0.965926 0.000000 0.258819
vn 0.707107 0.000000 0.707107
vn 0.258819 0.000000 0.965926
vn -0.258819 0.000000 0.965926
vn -0.707107 0.000000 0.707107
vn -0.965926 0.000000 0.258819
vn 0.000000 1.000000 0.000000
vn 0.000000 -1.000000 0.000000
vn -0.965926 0.000000 -0.258819
vn -0.707107 0.000000 -0.707107
vn -0.258819 0.000000 -0.965926
vn 0.258819 0.000000 -0.965926
vn 0.707107 0.000000 -0.707107
vn 0.965926 0.000000 -0.258819
vn 0.965926 0.000000 0.258819
vn 0.707107 0.000000 0.707107
vn 0.258819 0.000000 0.965926
vn -0.258819 0.000000 0.965926
vn -0.707107 0.000000 0.707107
vn -0.965926 0.000000 0.258819
vn 0.000000 1.000000 0.000000
vn 0.000000 -1.000000 0.000000
vn -0.965926 0.000000 -0.258819
vn -0.707107 0.000000 -0.707107
vn -0.258819 0.000000 -0.965926
vn 0.258819 0.000000 -0.965926
vn 0.707107 0.000000 -0.707107
vn 0.965926 0.000000 -0.258819
vn 0.965926 0.000000 0.258819
vn 0.707107 0.000000 0.707107
vn 0.258819 0.000000 0.965926
vn -0.258819 0.000000 0.965926
vn -0.707107 0.000000 0.707107
vn -0.965926 0.000000 0.258819
vn 0.000000 1.000000 0.000000
vn 0.000000 -1.000000 0.000000
vn 0.000000 -0.258819 0.965926
vn 0.000000 -0.707107 0.707107
vn 0.000000 -0.965926 0.258819
vn 0.000000 -0.965926 -0.258819
vn 0.000000 -0.707107 -0.707107
vn 0.000000 -0.258819 -0.965926
vn 0.000000 0.258819 -0.965926
vn 0.000000 0.707107 -0.707107
vn 0.000000 0.965926 -0.258819
vn 0.000000 0.965926 0.258819
vn 0.000000 0.707107 0.707107
vn 0.000000 0.258819 0.965926
vn -1.000000 0.000000 0.000000
vn 1.000000 0.000000 0.000000
vn 0.000000 0.000000 1.000000
vn 0.000000 0.000000 -1.000000
vn 1.000000 0.000000 0.000000
vn -1.000000 0.000000 0.000000
vn 0.000000 -1.000000 0.000000
vn -0.000000 1.000000 0.000000
vn 0.000000 0.000000 1.000000
vn 0.000000 0.000000 -1.000000
vn 1.000000 0.000000 0.000000
vn -1.000000 0.000000 0.000000
vn 0.000000 -1.000000 0.000000
vn -0.000000 1.000000 0.000000
vn -0.923880 -0.382683 0.000000
vn -0.382683 -0.923880 0.000000
vn 0.382683 -0.923880 0.000000
vn 0.923880 -0.382683 0.000000
vn 0.923880 0.382683 0.000000
vn 0.382683 0.923880 0.000000
vn -0.382683 0.923880 0.000000
vn -0.923880 0.382683 0.000000
vn 0.000000 0.000000 -1.000000
vn 0.000000 0.000000 1.000000
vn -0.923880 -0.382683 0.000000
vn -0.382683 -0.923880 0.000000
vn 0.382683 -0.923880 0.000000
vn 0.923880 -0.382683 0.000000
vn 0.923880 0.382683 0.000000
vn 0.382683 0.923880 0.000000
vn -0.382683 0.923880 0.000000
vn -0.923880 0.382683 0.000000
vn 0.000000 0.000000 -1.000000
vn 0.000000 0.000000 1.000000
vn -0.923880 -0.382683 0.000000
vn -0.382683 -0.923880 0.000000
vn 0.382683 -0.923880 0.000000
vn 0.923880 -0.382683 0.000000
vn 0.923880 0.382683 0.000000
vn 0.382683 0.923880 0.000000
vn -0.382683 0.923880 0.000000
vn -0.923880 0.382683 0.000000
vn 0.000000 0.000000 -1.000000
vn 0.000000 0.000000 1.000000
vn -0.923880 -0.382683 0.000000
vn -0.382683 -0.923880 0.000000
vn 0.382683 -0.923880 0.000000
vn 0.923880 -0.382683 0.000000
vn 0.923880 0.382683 0.000000
vn 0.382683 0.923880 0.000000
vn -0.382683 0.923880 0.000000
vn -0.923880 0.382683 0.000000
vn 0.000000 0.000000 -1.000000
vn 0.000000 0.000000 1.000000
vn 0.000000 0.000000 1.000000
vn 0.000000 0.000000 -1.000000
vn 1.000000 0.000000 0.000000
vn -1.000000 0.000000 0.000000
vn 0.000000 -1.000000 0.000000
vn -0.000000 1.000000 0.000000
vn 0.000000 0.000000 1.000000
vn 0.000000 0.000000 -1.000000
vn 1.000000 0.000000 0.000000
vn -1.000000 0.000000 0.000000
vn 0.000000 -1.000000 0.000000
vn -0.000000 1.000000 0.000000
vn -0.923880 -0.382683 0.000000
vn -0.382683 -0.923880 0.000000
vn 0.382683 -0.923880 0.000000
vn 0.923880 -0.382683 0.000000
vn 0.923880 0.382683 0.000000
vn 0.382683 0.923880 0.000000
vn -0.382683 0.923880 0.000000
vn -0.923880 0.382683 0.000000
vn 0.000000 0.000000 -1.000000
vn 0.000000 0.000000 1.000000
vn -0.923880 -0.382683 0.000000
vn -0.382683 -0.923880 0.000000
vn 0.382683 -0.923880 0.000000
vn 0.923880 -0.382683 0.000000
vn 0.923880 0.382683 0.000000
vn 0.382683 0.923880 0.000000
vn -0.382683 0.923880 0.000000
vn -0.923880 0.382683 0.000000
vn 0.000000 0.000000 -1.000000
vn 0.000000 0.000000 1.000000
vn -0.923880 -0.382683 0.000000
vn -0.382683 -0.923880 0.000000
vn 0.382683 -0.923880 0.000000
vn 0.923880 -0.382683 0.000000
vn 0.923880 0.382683 0.000000
vn 0.382683 0.923880 0.000000
vn -0.382683 0.923880 0.000000
vn -0.923880 0.382683 0.000000
vn 0.000000 0.000000 -1.000000
vn 0.000000 0.000000 1.000000
vn -0.923880 -0.382683 0.000000
vn -0.382683 -0.923880 0.000000
vn 0.382683 -0.923880 0.000000
vn 0.923880 -0.382683 0.000000
vn 0.923880 0.382683 0.000000
vn 0.382683 0.923880 0.000000
vn -0.382683 0.923880 0.000000
vn -0.923880 0.382683 0.000000
vn 0.000000 0.000000 -1.000000
vn 0.000000 0.000000 1.000000
vn 0.000000 0.000000 1.000000
vn 0.000000 0.000000 -1.000000
vn 1.000000 0.000000 0.000000
vn -1.000000 0.000000 0.000000
vn 0.000000 -1.000000 0.000000
vn -0.000000 1.000000 0.000000
vn 0.000000 0.000000 1.000000
vn 0.000000 0.000000 -1.000000
vn 1.000000 0.000000 0.000000
vn -1.000000 0.000000 0.000000
vn 0.000000 -1.000000 0.000000
vn -0.000000 1.000000 0.000000
vn -0.923880 -0.382683 0.000000
vn -0.382683 -0.923880 0.000000
vn 0.382683 -0.923880 0.000000
vn 0.923880 -0.382683 0.000000
vn 0.923880 0.382683 0.000000
vn 0.382683 0.923880 0.000000
vn -0.382683 0.923880 0.000000
vn -0.923880 0.382683 0.000000
vn 0.000000 0.000000 -1.000000
vn 0.000000 0.000000 1.000000
vn -0.923880 -0.382683 0.000000
vn -0.382683 -0.923880 0.000000
vn 0.382683 -0.923880 0.000000
vn 0.923880 -0.382683 0.000000
vn 0.923880 0.382683 0.000000
vn 0.382683 0.923880 0.000000
vn -0.382683 0.923880 0.000000
vn -0.923880 0.382683 0.000000
vn 0.000000 0.000000 -1.000000
vn 0.000000 0.000000 1.000000
vn -0.923880 -0.382683 0.000000
vn -0.382683 -0.923880 0.000000
vn 0.382683 -0.923880 0.000000
vn 0.923880 -0.382683 0.000000
vn 0.923880 0.382683 0.000000
vn 0.382683 0.923880 0.000000
vn -0.382683 0.923880 0.000000
vn -0.923880 0.382683 0.000000
vn 0.000000 0.000000 -1.000000
vn 0.000000 0.000000 1.000000
vn -0.923880 -0.382683 0.000000
vn -0.382683 -0.923880 0.000000
vn 0.382683 -0.923880 0.000000
vn 0.923880 -0.382683 0.000000
vn 0.923880 0.382683 0.000000
vn 0.382683 0.923880 0.000000
vn -0.382683 0.923880 0.000000
vn -0.923880 0.382683 0.000000
vn 0.000000 0.000000 -1.000000
vn 0.000000 0.000000 1.000000
vn 0.000000 0.000000 1.000000
vn 0.000000 0.000000 -1.000000
vn 1.000000 0.000000 0.000000
vn -1.000000 0.000000 0.000000
vn 0.000000 -1.000000 0.000000
vn -0.000000 1.000000 0.000000
vn 0.000000 0.000000 1.000000
vn 0.000000 0.000000 -1.000000
vn 1.000000 0.000000 0.000000
vn -1.000000 0.000000 0.000000
vn 0.000000 -1.000000 0.000000
vn -0.000000 1.000000 0.000000
vn -0.923880 -0.382683 0.000000
vn -0.382683 -0.923880 0.000000
vn 0.382683 -0.923880 0.000000
vn 0.923880 -0.382683 0.000000
vn 0.923880 0.382683 0.000000
vn 0.382683 0.923880 0.000000
vn -0.382683 0.923880 0.000000
vn -0.923880 0.382683 0.000000
vn 0.000000 0.000000 -1.000000
vn 0.000000 0.000000 1.000000
vn -0.923880 -0.382683 0.000000
vn -0.382683 -0.923880 0.000000
vn 0.382683 -0.923880 0.000000
vn 0.923880 -0.382683 0.000000
vn 0.923880 0.382683 0.000000
vn 0.382683 0.923880 0.000000
vn -0.382683 0.923880 0.000000
vn -0.923880 0.382683 0.000000
vn 0.000000 0.000000 -1.000000
vn 0.000000 0.000000 1.000000
vn -0.923880 -0.382683 0.000000
vn -0.382683 -0.923880 0.000000
vn 0.382683 -0.923880 0.000000
vn 0.923880 -0.382683 0.000000
vn 0.923880 0.382683 0.000000
vn 0.382683 0.923880 0.000000
vn -0.382683 0.923880 0.000000
vn -0.923880 0.382683 0.000000
vn 0.000000 0.000000 -1.000000
vn 0.000000 0.000000 1.000000
vn -0.923880 -0.382683 0.000000
vn -0.382683 -0.923880 0.000000
vn 0.382683 -0.923880 0.000000
vn 0.923880 -0.382683 0.000000
vn 0.923880 0.382683 0.000000
vn 0.382683 0.923880 0.000000
vn -0.382683 0.923880 0.000000
vn -0.923880 0.382683 0.000000
vn 0.000000 0.000000 -1.000000
vn 0.000000 0.000000 1.000000
vn 0.000000 0.000000 1.000000
vn 0.000000 0.000000 -1.000000
vn 1.000000 0.000000 0.000000
vn -1.000000 0.000000 0.000000
vn 0.000000 -1.000000 0.000000
vn -0.000000 1.000000 0.000000
vn 0.000000 0.000000 1.000000
vn 0.000000 0.000000 -1.000000
vn 1.000000 0.000000 0.000000
vn -1.000000 0.000000 0.000000
vn 0.000000 -1.000000 0.000000
vn -0.000000 1.000000 0.000000
vn -0.923880 -0.382683 0.000000
vn -0.382683 -0.923880 0.000000
vn 0.382683 -0.923880 0.000000
vn 0.923880 -0.382683 0.000000
vn 0.923880 0.382683 0.000000
vn 0.382683 0.923880 0.000000
vn -0.382683 0.923880 0.000000
vn -0.923880 0.382683 0.000000
vn 0.000000 0.000000 -1.000000
vn 0.000000 0.000000 1.000000
vn -0.923880 -0.382683 0.000000
vn -0.382683 -0.923880 0.000000
vn 0.382683 -0.923880 0.000000
vn 0.923880 -0.382683 0.000000
vn 0.923880 0.382683 0.000000
vn 0.382683 0.923880 0.000000
vn -0.382683 0.923880 0.000000
vn -0.923880 0.382683 0.000000
vn 0.000000 0.000000 -1.000000
vn 0.000000 0.000000 1.000000
vn -0.923880 -0.382683 0.000000
vn -0.382683 -0.923880 0.000000
vn 0.382683 -0.923880 0.000000
vn 0.923880 -0.382683 0.000000
vn 0.923880 0.382683 0.000000
vn 0.382683 0.923880 0.000000
vn -0.382683 0.923880 0.000000
vn -0.923880 0.382683 0.000000
vn 0.000000 0.000000 -1.000000
vn 0.000000 0.000000 1.000000
vn -0.923880 -0.382683 0.000000
vn -0.382683 -0.923880 0.000000
vn 0.382683 -0.923880 0.000000
vn 0.923880 -0.382683 0.000000
vn 0.923880 0.382683 0.000000
vn 0.382683 0.923880 0.000000
vn -0.382683 0.923880 0.000000
vn -0.923880 0.382683 0.000000
vn 0.000000 0.000000 -1.000000
vn 0.000000 0.000000 1.000000
vn 0.000000 0.000000 1.000000
vn 0.000000 0.000000 -1.000000
vn 1.000000 0.000000 0.000000
vn -1.000000 0.000000 0.000000
vn 0.000000 -1.000000 0.000000
vn -0.000000 1.000000 0.000000
vn 0.000000 0.000000 1.000000
vn 0.000000 0.000000 -1.000000
vn 1.000000 0.000000 0.000000
vn -1.000000 0.000000 0.000000
vn 0.000000 -1.000000 0.000000
vn -0.000000 1.000000 0.000000
vn -0.923880 -0.382683 0.000000
vn -0.382683 -0.923880 0.000000
vn 0.382683 -0.923880 0.000000
vn 0.923880 -0.382683 0.000000
vn 0.923880 0.382683 0.000000
vn 0.382683 0.923880 0.000000
vn -0.382683 0.923880 0.000000
vn -0.923880 0.382683 0.000000
vn 0.000000 0.000000 -1.000000
vn 0.000000 0.000000 1.000000
vn -0.923880 -0.382683 0.000000
vn -0.382683 -0.923880 0.000000
vn 0.382683 -0.923880 0.000000
vn 0.923880 -0.382683 0.000000
vn 0.923880 0.382683 0.000000
vn 0.382683 0.923880 0.000000
vn -0.382683 0.923880 0.000000
vn -0.923880 0.382683 0.000000
vn 0.000000 0.000000 -1.000000
vn 0.000000 0.000000 1.000000
vn -0.923880 -0.382683 0.000000
vn -0.382683 -0.923880 0.000000
vn 0.382683 -0.923880 0.000000
vn 0.923880 -0.382683 0.000000
vn 0.923880 0.382683 0.000000
vn 0.382683 0.923880 0.000000
vn -0.382683 0.923880 0.000000
vn -0.923880 0.382683 0.000000
vn 0.000000 0.000000 -1.000000
vn 0.000000 0.000000 1.000000
vn -0.923880 -0.382683 0.000000
vn -0.382683 -0.923880 0.000000
vn 0.382683 -0.923880 0.000000
vn 0.923880 -0.382683 0.000000
vn 0.923880 0.382683 0.000000
vn 0.382683 0.923880 0.000000
vn -0.382683 0.923880 0.000000
vn -0.923880 0.382683 0.000000
vn 0.000000 0.000000 -1.000000
vn 0.000000 0.000000 1.000000
vn 0.000000 0.000000 1.000000
vn 0.000000 0.000000 -1.000000
vn 1.000000 0.000000 0.000000
vn -1.000000 0.000000 0.000000
vn 0.000000 -1.000000 0.000000
vn -0.000000 1.000000 0.000000
vn 0.000000 0.000000 1.000000
vn 0.000000 0.000000 -1.000000
vn 1.000000 0.000000 0.000000
vn -1.000000 0.000000 0.000000
vn 0.000000 -1.000000 0.000000
vn -0.000000 1.000000 0.000000
vn -0.866025 -0.500000 0.000000
vn 0.000000 -1.000000 0.000000
vn 0.866025 -0.500000 0.000000
vn 0.866025 0.500000 0.000000
vn 0.000000 1.000000 0.000000
vn -0.866025 0.500000 0.000000
vn 0.000000 0.000000 -1.000000
vn 0.000000 0.000000 1.000000
vn -0.866025 -0.500000 0.000000
vn 0.000000 -1.000000 0.000000
vn 0.866025 -0.500000 0.000000
vn 0.866025 0.500000 0.000000
vn 0.000000 1.000000 0.000000
vn -0.866025 0.500000 0.000000
vn 0.000000 0.000000 -1.000000
vn 0.000000 0.000000 1.000000
vn -0.866025 -0.500000 0.000000
vn 0.000000 -1.000000 0.000000
vn 0.866025 -0.500000 0.000000
vn 0.866025 0.500000 0.000000
vn 0.000000 1.000000 0.000000
vn -0.866025 0.500000 0.000000
vn 0.000000 0.000000 -1.000000
vn 0.000000 0.000000 1.000000
vn -0.866025 -0.500000 0.000000
vn 0.000000 -1.000000 0.000000
vn 0.866025 -0.500000 0.000000
vn 0.866025 0.500000 0.000000
vn 0.000000 1.000000 0.000000
vn -0.866025 0.500000 0.000000
vn 0.000000 0.000000 -1.000000
vn 0.000000 0.000000 1.000000
vn 0.000000 0.000000 1.000000
vn 0.000000 0.000000 -1.000000
vn 1.000000 0.000000 0.000000
vn -1.000000 0.000000 0.000000
vn 0.000000 -1.000000 0.000000
vn -0.000000 1.000000 0.000000
vn 0.000000 0.000000 1.000000
vn 0.000000 0.000000 -1.000000
vn 1.000000 0.000000 0.000000
vn -1.000000 0.000000 0.000000
vn 0.000000 -1.000000 0.000000
vn -0.000000 1.000000 0.000000
vn -0.866025 -0.500000 0.000000
vn 0.000000 -1.000000 0.000000
vn 0.866025 -0.500000 0.000000
vn 0.866025 0.500000 0.000000
vn 0.000000 1.000000 0.000000
vn -0.866025 0.500000 0.000000
vn 0.000000 0.000000 -1.000000
vn 0.000000 0.000000 1.000000
vn -0.866025 -0.500000 0.000000
vn 0.000000 -1.000000 0.000000
vn 0.866025 -0.500000 0.000000
vn 0.866025 0.500000 0.000000
vn 0.000000 1.000000 0.000000
vn -0.866025 0.500000 0.000000
vn 0.000000 0.000000 -1.000000
vn 0.000000 0.000000 1.000000
vn -0.866025 -0.500000 0.000000
vn 0.000000 -1.000000 0.000000
vn 0.866025 -0.500000 0.000000
vn 0.866025 0.500000 0.000000
vn 0.000000 1.000000 0.000000
vn -0.866025 0.500000 0.000000
vn 0.000000 0.000000 -1.000000
vn 0.000000 0.000000 1.000000
vn -0.866025 -0.500000 0.000000
vn 0.000000 -1.000000 0.000000
vn 0.866025 -0.500000 0.000000
vn 0.866025 0.500000 0.000000
vn 0.000000 1.000000 0.000000
vn -0.866025 0.500000 0.000000
vn 0.000000 0.000000 -1.000000
vn 0.000000 0.000000 1.000000
vn 0.000000 0.000000 1.000000
vn 0.000000 0.000000 -1.000000
vn 1.000000 0.000000 0.000000
vn -1.000000 0.000000 0.000000
vn 0.000000 -1.000000 0.000000
vn -0.000000 1.000000 0.000000
vn 0.000000 0.000000 1.000000
vn 0.000000 0.000000 -1.000000
vn 1.000000 0.000000 0.000000
vn -1.000000 0.000000 0.000000
vn 0.000000 -1.000000 0.000000
vn -0.000000 1.000000 0.000000
vn -0.866025 -0.500000 0.000000
vn 0.000000 -1.000000 0.000000
vn 0.866025 -0.500000 0.000000
vn 0.866025 0.500000 0.000000
vn 0.000000 1.000000 0.000000
vn -0.866025 0.500000 0.000000
vn 0.000000 0.000000 -1.000000
vn 0.000000 0.000000 1.000000
vn -0.866025 -0.500000 0.000000
vn 0.000000 -1.000000 0.000000
vn 0.866025 -0.500000 0.000000
vn 0.866025 0.500000 0.000000
vn 0.000000 1.000000 0.000000
vn -0.866025 0.500000 0.000000
vn 0.000000 0.000000 -1.000000
vn 0.000000 0.000000 1.000000
vn -0.866025 -0.500000 0.000000
vn 0.000000 -1.000000 0.000000
vn 0.866025 -0.500000 0.000000
vn 0.866025 0.500000 0.000000
vn 0.000000 1.000000 0.000000
vn -0.866025 0.500000 0.000000
vn 0.000000 0.000000 -1.000000
vn 0.000000 0.000000 1.000000
vn -0.866025 -0.500000 0.000000
vn 0.000000 -1.000000 0.000000
vn 0.866025 -0.500000 0.000000
vn 0.866025 0.500000 0.000000
vn 0.000000 1.000000 0.000000
vn -0.866025 0.500000 0.000000
vn 0.000000 0.000000 -1.000000
vn 0.000000 0.000000 1.000000
vn 0.000000 0.000000 1.000000
vn 0.000000 0.000000 -1.000000
vn 1.000000 0.000000 0.000000
vn -1.000000 0.000000 0.000000
vn 0.000000 -1.000000 0.000000
vn -0.000000 1.000000 0.000000
vn 0.000000 0.000000 1.000000
vn 0.000000 0.000000 -1.000000
vn 1.000000 0.000000 0.000000
vn -1.000000 0.000000 0.000000
vn 0.000000 -1.000000 0.000000
vn -0.000000 1.000000 0.000000
vn -0.866025 -0.500000 0.000000
vn -0.000000 -1.000000 0.000000
vn 0.866025 -0.500000 0.000000
vn 0.866025 0.500000 0.000000
vn 0.000000 1.000000 0.000000
vn -0.866025 0.500000 0.000000
vn 0.000000 0.000000 -1.000000
vn 0.000000 0.000000 1.000000
vn -0.866025 -0.500000 0.000000
vn -0.000000 -1.000000 0.000000
vn 0.866025 -0.500000 0.000000
vn 0.866025 0.500000 0.000000
vn 0.000000 1.000000 0.000000
vn -0.866025 0.500000 0.000000
vn 0.000000 0.000000 -1.000000
vn 0.000000 0.000000 1.000000
vn -0.866025 -0.500000 0.000000
vn -0.000000 -1.000000 0.000000
vn 0.866025 -0.500000 0.000000
vn 0.866025 0.500000 0.000000
vn 0.000000 1.000000 0.000000
vn -0.866025 0.500000 0.000000
vn 0.000000 0.000000 -1.000000
vn 0.000000 0.000000 1.000000
vn -0.866025 -0.500000 0.000000
vn -0.000000 -1.000000 0.000000
vn 0.866025 -0.500000 0.000000
vn 0.866025 0.500000 0.000000
vn 0.000000 1.000000 0.000000
vn -0.866025 0.500000 0.000000
vn 0.000000 0.000000 -1.000000
vn 0.000000 0.000000 1.000000
vn 0.000000 0.000000 1.000000
vn 0.000000 0.000000 -1.000000
vn 1.000000 0.000000 0.000000
vn -1.000000 0.000000 0.000000
vn 0.000000 -1.000000 0.000000
vn -0.000000 1.000000 0.000000
vn 0.000000 0.000000 1.000000
vn 0.000000 0.000000 -1.000000
vn 1.000000 0.000000 0.000000
vn -1.000000 0.000000 0.000000
vn 0.000000 -1.000000 0.000000
vn -0.000000 1.000000 0.000000
vn -0.866025 -0.500000 0.000000
vn 0.000000 -1.000000 0.000000
vn 0.866025 -0.500000 0.000000
vn 0.866025 0.500000 0.000000
vn 0.000000 1.000000 0.000000
vn -0.866025 0.500000 0.000000
vn 0.000000 0.000000 -1.000000
vn 0.000000 0.000000 1.000000
vn -0.866025 -0.500000 0.000000
vn 0.000000 -1.000000 0.000000
vn 0.866025 -0.500000 0.000000
vn 0.866025 0.500000 0.000000
vn 0.000000 1.000000 0.000000
vn -0.866025 0.500000 0.000000
vn 0.000000 0.000000 -1.000000
vn 0.000000 0.000000 1.000000
vn -0.866025 -0.500000 0.000000
vn 0.000000 -1.000000 0.000000
vn 0.866025 -0.500000 0.000000
vn 0.866025 0.500000 0.000000
vn 0.000000 1.000000 0.000000
vn -0.866025 0.500000 0.000000
vn 0.000000 0.000000 -1.000000
vn 0.000000 0.000000 1.000000
vn -0.866025 -0.500000 0.000000
vn 0.000000 -1.000000 0.000000
vn 0.866025 -0.500000 0.000000
vn 0.866025 0.500000 0.000000
vn 0.000000 1.000000 0.000000
vn -0.866025 0.500000 0.000000
vn 0.000000 0.000000 -1.000000
vn 0.000000 0.000000 1.000000
vn -0.601678 -0.372662 0.706475
vn -0.546108 -0.837363 -0.024268
vn -0.079307 -0.671513 -0.736736
vn 0.447214 0.000000 -0.894427
vn 0.636973 0.671513 -0.378596
vn 0.347079 0.837363 0.422326
vn -0.204173 0.372662 0.905227
vn -0.768221 0.512148 -0.384111
vn 0.768221 -0.512148 0.384111
vn 0.832088 0.308280 0.461078
vn 0.205509 0.004075 0.978647
vn -0.575823 -0.303199 0.759275
vn -0.923548 -0.382158 -0.031846
vn -0.575823 -0.173344 -0.798987
vn 0.205509 0.166001 -0.964474
vn 0.832088 0.380344 -0.403692
vn 0.000000 0.996546 0.083045
vn -0.000000 -0.996546 -0.083045
vn 0.698526 -0.336394 -0.631586
vn 0.642484 -0.755871 0.125989
vn 0.102639 -0.606161 0.788691
vn -0.514496 -0.000000 0.857493
vn -0.744204 0.606161 0.280585
vn -0.413512 0.755871 -0.507609
vn 0.228563 0.336394 -0.913563
vn 0.664822 0.631581 0.398893
vn -0.664822 -0.631581 -0.398893
vn -0.163603 -0.376527 -0.911845
vn 0.354638 -0.846048 -0.398039
vn 0.605829 -0.678478 0.415499
vn 0.400819 0.000000 0.916157
vn -0.106016 0.678478 0.726931
vn -0.533019 0.846048 -0.009689
vn -0.558647 0.376527 -0.739013
vn 0.795046 0.496904 -0.347833
vn -0.795046 -0.496904 0.347833
vn 0.952973 -0.255564 -0.162881
vn 0.596161 -0.574247 0.561099
vn -0.209572 -0.460511 0.862560
vn -0.857493 0.000000 0.514496
vn -0.859704 0.460511 -0.220994
vn -0.214541 0.574247 -0.790071
vn 0.592176 0.255564 -0.764208
vn 0.303046 0.808122 0.505076
vn -0.303046 -0.808122 -0.505076
vn 0.256089 -0.410846 0.875000
vn -0.189377 -0.923163 0.334525
vn -0.492238 -0.740319 -0.457853
vn -0.424434 -0.000000 -0.905459
vn -0.037022 0.740319 -0.671236
vn 0.378268 0.923163 0.068442
vn 0.508715 0.410846 0.756581
vn -0.857382 0.321518 0.401898
vn 0.857382 -0.321518 -0.401898
usemtl painted_metal
f 1/1/1 2/2/1 3/3/1 4/4/1
f 6/5/2 5/6/2 8/7/2 7/8/2
f 5/9/3 1/10/3 4/11/3 8/12/3
f 2/13/4 6/14/4 7/15/4 3/16/4
f 4/17/5 3/18/5 7/19/5 8/20/5
f 5/21/6 6/22/6 2/23/6 1/24/6
f 9/25/7 10/26/7 11/27/7 12/28/7
f 14/29/8 13/30/8 16/31/8 15/32/8
f 13/33/9 9/34/9 12/35/9 16/36/9
f 10/37/10 14/38/10 15/39/10 11/40/10
f 12/41/11 11/42/11 15/43/11 16/44/11
f 13/45/12 14/46/12 10/47/12 9/48/12
f 17/49/13 19/50/13 20/51/13 18/52/13
f 19/53/14 21/54/14 22/55/14 20/56/14
f 21/57/15 23/58/15 24/59/15 22/60/15
f 23/61/16 25/62/16 26/63/16 24/64/16
f 25/65/17 27/66/17 28/67/17 26/68/17
f 27/69/18 29/70/18 30/71/18 28/72/18
f 29/73/19 31/74/19 32/75/19 30/76/19
f 31/77/20 33/78/20 34/79/20 32/80/20
f 33/81/21 35/82/21 36/83/21 34/84/21
f 35/85/22 37/86/22 38/87/22 36/88/22
f 37/89/23 39/90/23 40/91/23 38/92/23
f 39/93/24 41/94/24 42/95/24 40/96/24
f 41/97/25 43/98/25 44/99/25 42/100/25
f 43/101/26 17/102/26 18/103/26 44/104/26
f 43/105/27 41/106/27 39/107/27 37/108/27 35/109/27 33/110/27 31/111/27 29/112/27 27/113/27 25/114/27 23/115/27 21/116/27 19/117/27 17/118/27
f 18/119/28 20/120/28 22/121/28 24/122/28 26/123/28 28/124/28 30/125/28 32/126/28 34/127/28 36/128/28 38/129/28 40/130/28 42/131/28 44/132/28
f 45/133/29 47/134/29 48/135/29 46/136/29
f 47/137/30 49/138/30 50/139/30 48/140/30
f 49/141/31 51/142/31 52/143/31 50/144/31
f 51/145/32 53/146/32 54/147/32 52/148/32
f 53/149/33 55/150/33 56/151/33 54/152/33
f 55/153/34 57/154/34 58/155/34 56/156/34
f 57/157/35 59/158/35 60/159/35 58/160/35
f 59/161/36 61/162/36 62/163/36 60/164/36
f 61/165/37 63/166/37 64/167/37 62/168/37
f 63/169/38 65/170/38 66/171/38 64/172/38
f 65/173/39 67/174/39 68/175/39 66/176/39
f 67/177/40 69/178/40 70/179/40 68/180/40
f 69/181/41 71/182/41 72/183/41 70/184/41
f 71/185/42 45/186/42 46/187/42 72/188/42
f 71/189/43 69/190/43 67/191/43 65/192/43 63/193/43 61/194/43 59/195/43 57/196/43 55/197/43 53/198/43 51/199/43 49/200/43 47/201/43 45/202/43
f 46/203/44 48/204/44 50/205/44 52/206/44 54/207/44 56/208/44 58/209/44 60/210/44 62/211/44 64/212/44 66/213/44 68/214/44 70/215/44 72/216/44
f 73/217/45 75/218/45 76/219/45 74/220/45
f 75/221/46 77/222/46 78/223/46 76/224/46
f 77/225/47 79/226/47 80/227/47 78/228/47
f 79/229/48 81/230/48 82/231/48 80/232/48
f 81/233/49 83/234/49 84/235/49 82/236/49
f 83/237/50 85/238/50 86/239/50 84/240/50
f 85/241/51 87/242/51 88/243/51 86/244/51
f 87/245/52 89/246/52 90/247/52 88/248/52
f 89/249/53 91/250/53 92/251/53 90/252/53
f 91/253/54 93/254/54 94/255/54 92/256/54
f 93/257/55 95/258/55 96/259/55 94/260/55
f 95/261/56 97/262/56 98/263/56 96/264/56
f 97/265/57 99/266/57 100/267/57 98/268/57
f 99/269/58 73/270/58 74/271/58 100/272/58
f 99/273/59 97/274/59 95/275/59 93/276/59 91/277/59 89/278/59 87/279/59 85/280/59 83/281/59 81/282/59 79/283/59 77/284/59 75/285/59 73/286/59
f 74/287/60 76/288/60 78/289/60 80/290/60 82/291/60 84/292/60 86/293/60 88/294/60 90/295/60 92/296/60 94/297/60 96/298/60 98/299/60 100/300/60
f 101/301/61 103/302/61 104/303/61 102/304/61
f 103/305/62 105/306/62 106/307/62 104/308/62
f 105/309/63 107/310/63 108/311/63 106/312/63
f 107/313/64 109/314/64 110/315/64 108/316/64
f 109/317/65 111/318/65 112/319/65 110/320/65
f 111/321/66 113/322/66 114/323/66 112/324/66
f 113/325/67 115/326/67 116/327/67 114/328/67
f 115/329/68 117/330/68 118/331/68 116/332/68
f 117/333/69 119/334/69 120/335/69 118/336/69
f 119/337/70 121/338/70 122/339/70 120/340/70
f 121/341/71 123/342/71 124/343/71 122/344/71
f 123/345/72 125/346/72 126/347/72 124/348/72
f 125/349/73 127/350/73 128/351/73 126/352/73
f 127/353/74 101/354/74 102/355/74 128/356/74
f 127/357/75 125/358/75 123/359/75 121/360/75 119/361/75 117/362/75 115/363/75 113/364/75 111/365/75 109/366/75 107/367/75 105/368/75 103/369/75 101/370/75
f 102/371/76 104/372/76 106/373/76 108/374/76 110/375/76 112/376/76 114/377/76 116/378/76 118/379/76 120/380/76 122/381/76 124/382/76 126/383/76 128/384/76
usemtl screen_glass
f 129/385/77 130/386/77 131/387/77 132/388/77
f 134/389/78 133/390/78 136/391/78 135/392/78
f 133/393/79 129/394/79 132/395/79 136/396/79
f 130/397/80 134/398/80 135/399/80 131/400/80
f 132/401/81 131/402/81 135/403/81 136/404/81
f 133/405/82 134/406/82 130/407/82 129/408/82
f 137/409/83 138/410/83 139/411/83 140/412/83
f 142/413/84 141/414/84 144/415/84 143/416/84
f 141/417/85 137/418/85 140/419/85 144/420/85
f 138/421/86 142/422/86 143/423/86 139/424/86
f 140/425/87 139/426/87 143/427/87 144/428/87
f 141/429/88 142/430/88 138/431/88 137/432/88
f 145/433/89 147/434/89 148/435/89 146/436/89
f 147/437/90 149/438/90 150/439/90 148/440/90
f 149/441/91 151/442/91 152/443/91 150/444/91
f 151/445/92 153/446/92 154/447/92 152/448/92
f 153/449/93 155/450/93 156/451/93 154/452/93
f 155/453/94 157/454/94 158/455/94 156/456/94
f 157/457/95 159/458/95 160/459/95 158/460/95
f 159/461/96 161/462/96 162/463/96 160/464/96
f 161/465/97 163/466/97 164/467/97 162/468/97
f 163/469/98 165/470/98 166/471/98 164/472/98
f 165/473/99 167/474/99 168/475/99 166/476/99
f 167/477/100 169/478/100 170/479/100 168/480/100
f 169/481/101 171/482/101 172/483/101 170/484/101
f 171/485/102 145/486/102 146/487/102 172/488/102
f 171/489/103 169/490/103 167/491/103 165/492/103 163/493/103 161/494/103 159/495/103 157/496/103 155/497/103 153/498/103 151/499/103 149/500/103 147/501/103 145/502/103
f 146/503/104 148/504/104 150/505/104 152/506/104 154/507/104 156/508/104 158/509/104 160/510/104 162/511/104 164/512/104 166/513/104 168/514/104 170/515/104 172/516/104
f 173/517/105 175/518/105 176/519/105 174/520/105
f 175/521/106 177/522/106 178/523/106 176/524/106
f 177/525/107 179/526/107 180/527/107 178/528/107
f 179/529/108 181/530/108 182/531/108 180/532/108
f 181/533/109 183/534/109 184/535/109 182/536/109
f 183/537/110 185/538/110 186/539/110 184/540/110
f 185/541/111 187/542/111 188/543/111 186/544/111
f 187/545/112 189/546/112 190/547/112 188/548/112
f 189/549/113 191/550/113 192/551/113 190/552/113
f 191/553/114 193/554/114 194/555/114 192/556/114
f 193/557/115 195/558/115 196/559/115 194/560/115
f 195/561/116 197/562/116 198/563/116 196/564/116
f 197/565/117 199/566/117 200/567/117 198/568/117
f 199/569/118 173/570/118 174/571/118 200/572/118
f 199/573/119 197/574/119 195/575/119 193/576/119 191/577/119 189/578/119 187/579/119 185/580/119 183/581/119 181/582/119 179/583/119 177/584/119 175/585/119 173/586/119
f 174/587/120 176/588/120 178/589/120 180/590/120 182/591/120 184/592/120 186/593/120 188/594/120 190/595/120 192/596/120 194/597/120 196/598/120 198/599/120 200/600/120
f 201/601/121 203/602/121 204/603/121 202/604/121
f 203/605/122 205/606/122 206/607/122 204/608/122
f 205/609/123 207/610/123 208/611/123 206/612/123
f 207/613/124 209/614/124 210/615/124 208/616/124
f 209/617/125 211/618/125 212/619/125 210/620/125
f 211/621/126 213/622/126 214/623/126 212/624/126
f 213/625/127 215/626/127 216/627/127 214/628/127
f 215/629/128 217/630/128 218/631/128 216/632/128
f 217/633/129 219/634/129 220/635/129 218/636/129
f 219/637/130 221/638/130 222/639/130 220/640/130
f 221/641/131 223/642/131 224/643/131 222/644/131
f 223/645/132 225/646/132 226/647/132 224/648/132
f 225/649/133 227/650/133 228/651/133 226/652/133
f 227/653/134 201/654/134 202/655/134 228/656/134
f 227/657/135 225/658/135 223/659/135 221/660/135 219/661/135 217/662/135 215/663/135 213/664/135 211/665/135 209/666/135 207/667/135 205/668/135 203/669/135 201/670/135
f 202/671/136 204/672/136 206/673/136 208/674/136 210/675/136 212/676/136 214/677/136 216/678/136 218/679/136 220/680/136 222/681/136 224/682/136 226/683/136 228/684/136
f 229/685/137 231/686/137 232/687/137 230/688/137
f 231/689/138 233/690/138 234/691/138 232/692/138
f 233/693/139 235/694/139 236/695/139 234/696/139
f 235/697/140 237/698/140 238/699/140 236/700/140
f 237/701/141 239/702/141 240/703/141 238/704/141
f 239/705/142 241/706/142 242/707/142 240/708/142
f 241/709/143 243/710/143 244/711/143 242/712/143
f 243/713/144 245/714/144 246/715/144 244/716/144
f 245/717/145 247/718/145 248/719/145 246/720/145
f 247/721/146 249/722/146 250/723/146 248/724/146
f 249/725/147 251/726/147 252/727/147 250/728/147
f 251/729/148 253/730/148 254/731/148 252/732/148
f 253/733/149 255/734/149 256/735/149 254/736/149
f 255/737/150 229/738/150 230/739/150 256/740/150
f 255/741/151 253/742/151 251/743/151 249/744/151 247/745/151 245/746/151 243/747/151 241/748/151 239/749/151 237/750/151 235/751/151 233/752/151 231/753/151 229/754/151
f 230/755/152 232/756/152 234/757/152 236/758/152 238/759/152 240/760/152 242/761/152 244/762/152 246/763/152 248/764/152 250/765/152 252/766/152 254/767/152 256/768/152
usemtl painted_metal
f 257/769/153 258/770/153 259/771/153 260/772/153
f 262/773/154 261/774/154 264/775/154 263/776/154
f 261/777/155 257/778/155 260/779/155 264/780/155
f 258/781/156 262/782/156 263/783/156 259/784/156
f 260/785/157 259/786/157 263/787/157 264/788/157
f 261/789/158 262/790/158 258/791/158 257/792/158
f 265/793/159 266/794/159 267/795/159 268/796/159
f 270/797/160 269/798/160 272/799/160 271/800/160
f 269/801/161 265/802/161 268/803/161 272/804/161
f 266/805/162 270/806/162 271/807/162 267/808/162
f 268/809/163 267/810/163 271/811/163 272/812/163
f 269/813/164 270/814/164 266/815/164 265/816/164
f 273/817/165 275/818/165 276/819/165 274/820/165
f 275/821/166 277/822/166 278/823/166 276/824/166
f 277/825/167 279/826/167 280/827/167 278/828/167
f 279/829/168 281/830/168 282/831/168 280/832/168
f 281/833/169 283/834/169 284/835/169 282/836/169
f 283/837/170 285/838/170 286/839/170 284/840/170
f 285/841/171 287/842/171 288/843/171 286/844/171
f 287/845/172 289/846/172 290/847/172 288/848/172
f 289/849/173 291/850/173 292/851/173 290/852/173
f 291/853/174 273/854/174 274/855/174 292/856/174
f 291/857/175 289/858/175 287/859/175 285/860/175 283/861/175 281/862/175 279/863/175 277/864/175 275/865/175 273/866/175
f 274/867/176 276/868/176 278/869/176 280/870/176 282/871/176 284/872/176 286/873/176 288/874/176 290/875/176 292/876/176
f 293/877/177 295/878/177 296/879/177 294/880/177
f 295/881/178 297/882/178 298/883/178 296/884/178
f 297/885/179 299/886/179 300/887/179 298/888/179
f 299/889/180 301/890/180 302/891/180 300/892/180
f 301/893/181 303/894/181 304/895/181 302/896/181
f 303/897/182 305/898/182 306/899/182 304/900/182
f 305/901/183 307/902/183 308/903/183 306/904/183
f 307/905/184 309/906/184 310/907/184 308/908/184
f 309/909/185 311/910/185 312/911/185 310/912/185
f 311/913/186 293/914/186 294/915/186 312/916/186
f 311/917/187 309/918/187 307/919/187 305/920/187 303/921/187 301/922/187 299/923/187 297/924/187 295/925/187 293/926/187
f 294/927/188 296/928/188 298/929/188 300/930/188 302/931/188 304/932/188 306/933/188 308/934/188 310/935/188 312/936/188
f 313/937/189 315/938/189 316/939/189 314/940/189
f 315/941/190 317/942/190 318/943/190 316/944/190
f 317/945/191 319/946/191 320/947/191 318/948/191
f 319/949/192 321/950/192 322/951/192 320/952/192
f 321/953/193 323/954/193 324/955/193 322/956/193
f 323/957/194 325/958/194 326/959/194 324/960/194
f 325/961/195 327/962/195 328/963/195 326/964/195
f 327/965/196 329/966/196 330/967/196 328/968/196
f 329/969/197 331/970/197 332/971/197 330/972/197
f 331/973/198 313/974/198 314/975/198 332/976/198
f 331/977/199 329/978/199 327/979/199 325/980/199 323/981/199 321/982/199 319/983/199 317/984/199 315/985/199 313/986/199
f 314/987/200 316/988/200 318/989/200 320/990/200 322/991/200 324/992/200 326/993/200 328/994/200 330/995/200 332/996/200
f 333/997/201 335/998/201 336/999/201 334/1000/201
f 335/1001/202 337/1002/202 338/1003/202 336/1004/202
f 337/1005/203 339/1006/203 340/1007/203 338/1008/203
f 339/1009/204 341/1010/204 342/1011/204 340/1012/204
f 341/1013/205 343/1014/205 344/1015/205 342/1016/205
f 343/1017/206 345/1018/206 346/1019/206 344/1020/206
f 345/1021/207 347/1022/207 348/1023/207 346/1024/207
f 347/1025/208 349/1026/208 350/1027/208 348/1028/208
f 349/1029/209 351/1030/209 352/1031/209 350/1032/209
f 351/1033/210 333/1034/210 334/1035/210 352/1036/210
f 351/1037/211 349/1038/211 347/1039/211 345/1040/211 343/1041/211 341/1042/211 339/1043/211 337/1044/211 335/1045/211 333/1046/211
f 334/1047/212 336/1048/212 338/1049/212 340/1050/212 342/1051/212 344/1052/212 346/1053/212 348/1054/212 350/1055/212 352/1056/212
usemtl dark_rubber
f 353/1057/213 354/1058/213 355/1059/213 356/1060/213
f 358/1061/214 357/1062/214 360/1063/214 359/1064/214
f 357/1065/215 353/1066/215 356/1067/215 360/1068/215
f 354/1069/216 358/1070/216 359/1071/216 355/1072/216
f 356/1073/217 355/1074/217 359/1075/217 360/1076/217
f 357/1077/218 358/1078/218 354/1079/218 353/1080/218
f 361/1081/219 362/1082/219 363/1083/219 364/1084/219
f 366/1085/220 365/1086/220 368/1087/220 367/1088/220
f 365/1089/221 361/1090/221 364/1091/221 368/1092/221
f 362/1093/222 366/1094/222 367/1095/222 363/1096/222
f 364/1097/223 363/1098/223 367/1099/223 368/1100/223
f 365/1101/224 366/1102/224 362/1103/224 361/1104/224
f 369/1105/225 371/1106/225 372/1107/225 370/1108/225
f 371/1109/226 373/1110/226 374/1111/226 372/1112/226
f 373/1113/227 375/1114/227 376/1115/227 374/1116/227
f 375/1117/228 377/1118/228 378/1119/228 376/1120/228
f 377/1121/229 379/1122/229 380/1123/229 378/1124/229
f 379/1125/230 381/1126/230 382/1127/230 380/1128/230
f 381/1129/231 383/1130/231 384/1131/231 382/1132/231
f 383/1133/232 385/1134/232 386/1135/232 384/1136/232
f 385/1137/233 387/1138/233 388/1139/233 386/1140/233
f 387/1141/234 389/1142/234 390/1143/234 388/1144/234
f 389/1145/235 391/1146/235 392/1147/235 390/1148/235
f 391/1149/236 369/1150/236 370/1151/236 392/1152/236
f 391/1153/237 389/1154/237 387/1155/237 385/1156/237 383/1157/237 381/1158/237 379/1159/237 377/1160/237 375/1161/237 373/1162/237 371/1163/237 369/1164/237
f 370/1165/238 372/1166/238 374/1167/238 376/1168/238 378/1169/238 380/1170/238 382/1171/238 384/1172/238 386/1173/238 388/1174/238 390/1175/238 392/1176/238
f 393/1177/239 395/1178/239 396/1179/239 394/1180/239
f 395/1181/240 397/1182/240 398/1183/240 396/1184/240
f 397/1185/241 399/1186/241 400/1187/241 398/1188/241
f 399/1189/242 401/1190/242 402/1191/242 400/1192/242
f 401/1193/243 403/1194/243 404/1195/243 402/1196/243
f 403/1197/244 405/1198/244 406/1199/244 404/1200/244
f 405/1201/245 407/1202/245 408/1203/245 406/1204/245
f 407/1205/246 409/1206/246 410/1207/246 408/1208/246
f 409/1209/247 411/1210/247 412/1211/247 410/1212/247
f 411/1213/248 413/1214/248 414/1215/248 412/1216/248
f 413/1217/249 415/1218/249 416/1219/249 414/1220/249
f 415/1221/250 393/1222/250 394/1223/250 416/1224/250
f 415/1225/251 413/1226/251 411/1227/251 409/1228/251 407/1229/251 405/1230/251 403/1231/251 401/1232/251 399/1233/251 397/1234/251 395/1235/251 393/1236/251
f 394/1237/252 396/1238/252 398/1239/252 400/1240/252 402/1241/252 404/1242/252 406/1243/252 408/1244/252 410/1245/252 412/1246/252 414/1247/252 416/1248/252
f 417/1249/253 419/1250/253 420/1251/253 418/1252/253
f 419/1253/254 421/1254/254 422/1255/254 420/1256/254
f 421/1257/255 423/1258/255 424/1259/255 422/1260/255
f 423/1261/256 425/1262/256 426/1263/256 424/1264/256
f 425/1265/257 427/1266/257 428/1267/257 426/1268/257
f 427/1269/258 429/1270/258 430/1271/258 428/1272/258
f 429/1273/259 431/1274/259 432/1275/259 430/1276/259
f 431/1277/260 433/1278/260 434/1279/260 432/1280/260
f 433/1281/261 435/1282/261 436/1283/261 434/1284/261
f 435/1285/262 437/1286/262 438/1287/262 436/1288/262
f 437/1289/263 439/1290/263 440/1291/263 438/1292/263
f 439/1293/264 417/1294/264 418/1295/264 440/1296/264
f 439/1297/265 437/1298/265 435/1299/265 433/1300/265 431/1301/265 429/1302/265 427/1303/265 425/1304/265 423/1305/265 421/1306/265 419/1307/265 417/1308/265
f 418/1309/266 420/1310/266 422/1311/266 424/1312/266 426/1313/266 428/1314/266 430/1315/266 432/1316/266 434/1317/266 436/1318/266 438/1319/266 440/1320/266
f 441/1321/267 443/1322/267 444/1323/267 442/1324/267
f 443/1325/268 445/1326/268 446/1327/268 444/1328/268
f 445/1329/269 447/1330/269 448/1331/269 446/1332/269
f 447/1333/270 449/1334/270 450/1335/270 448/1336/270
f 449/1337/271 451/1338/271 452/1339/271 450/1340/271
f 451/1341/272 453/1342/272 454/1343/272 452/1344/272
f 453/1345/273 455/1346/273 456/1347/273 454/1348/273
f 455/1349/274 457/1350/274 458/1351/274 456/1352/274
f 457/1353/275 459/1354/275 460/1355/275 458/1356/275
f 459/1357/276 461/1358/276 462/1359/276 460/1360/276
f 461/1361/277 463/1362/277 464/1363/277 462/1364/277
f 463/1365/278 441/1366/278 442/1367/278 464/1368/278
f 463/1369/279 461/1370/279 459/1371/279 457/1372/279 455/1373/279 453/1374/279 451/1375/279 449/1376/279 447/1377/279 445/1378/279 443/1379/279 441/1380/279
f 442/1381/280 444/1382/280 446/1383/280 448/1384/280 450/1385/280 452/1386/280 454/1387/280 456/1388/280 458/1389/280 460/1390/280 462/1391/280 464/1392/280
usemtl stainless
f 465/1393/281 467/1394/281 468/1395/281 466/1396/281
f 467/1397/282 469/1398/282 470/1399/282 468/1400/282
f 469/1401/283 471/1402/283 472/1403/283 470/1404/283
f 471/1405/284 473/1406/284 474/1407/284 472/1408/284
f 473/1409/285 475/1410/285 476/1411/285 474/1412/285
f 475/1413/286 477/1414/286 478/1415/286 476/1416/286
f 477/1417/287 479/1418/287 480/1419/287 478/1420/287
f 479/1421/288 481/1422/288 482/1423/288 480/1424/288
f 481/1425/289 483/1426/289 484/1427/289 482/1428/289
f 483/1429/290 485/1430/290 486/1431/290 484/1432/290
f 485/1433/291 487/1434/291 488/1435/291 486/1436/291
f 487/1437/292 465/1438/292 466/1439/292 488/1440/292
f 487/1441/293 485/1442/293 483/1443/293 481/1444/293 479/1445/293 477/1446/293 475/1447/293 473/1448/293 471/1449/293 469/1450/293 467/1451/293 465/1452/293
f 466/1453/294 468/1454/294 470/1455/294 472/1456/294 474/1457/294 476/1458/294 478/1459/294 480/1460/294 482/1461/294 484/1462/294 486/1463/294 488/1464/294
usemtl oxygen_green
f 489/1465/295 490/1466/295 491/1467/295 492/1468/295
f 494/1469/296 493/1470/296 496/1471/296 495/1472/296
f 493/1473/297 489/1474/297 492/1475/297 496/1476/297
f 490/1477/298 494/1478/298 495/1479/298 491/1480/298
f 492/1481/299 491/1482/299 495/1483/299 496/1484/299
f 493/1485/300 494/1486/300 490/1487/300 489/1488/300
f 497/1489/301 498/1490/301 499/1491/301 500/1492/301
f 502/1493/302 501/1494/302 504/1495/302 503/1496/302
f 501/1497/303 497/1498/303 500/1499/303 504/1500/303
f 498/1501/304 502/1502/304 503/1503/304 499/1504/304
f 500/1505/305 499/1506/305 503/1507/305 504/1508/305
f 501/1509/306 502/1510/306 498/1511/306 497/1512/306
f 505/1513/307 507/1514/307 508/1515/307 506/1516/307
f 507/1517/308 509/1518/308 510/1519/308 508/1520/308
f 509/1521/309 511/1522/309 512/1523/309 510/1524/309
f 511/1525/310 513/1526/310 514/1527/310 512/1528/310
f 513/1529/311 515/1530/311 516/1531/311 514/1532/311
f 515/1533/312 517/1534/312 518/1535/312 516/1536/312
f 517/1537/313 519/1538/313 520/1539/313 518/1540/313
f 519/1541/314 505/1542/314 506/1543/314 520/1544/314
f 519/1545/315 517/1546/315 515/1547/315 513/1548/315 511/1549/315 509/1550/315 507/1551/315 505/1552/315
f 506/1553/316 508/1554/316 510/1555/316 512/1556/316 514/1557/316 516/1558/316 518/1559/316 520/1560/316
f 521/1561/317 523/1562/317 524/1563/317 522/1564/317
f 523/1565/318 525/1566/318 526/1567/318 524/1568/318
f 525/1569/319 527/1570/319 528/1571/319 526/1572/319
f 527/1573/320 529/1574/320 530/1575/320 528/1576/320
f 529/1577/321 531/1578/321 532/1579/321 530/1580/321
f 531/1581/322 533/1582/322 534/1583/322 532/1584/322
f 533/1585/323 535/1586/323 536/1587/323 534/1588/323
f 535/1589/324 521/1590/324 522/1591/324 536/1592/324
f 535/1593/325 533/1594/325 531/1595/325 529/1596/325 527/1597/325 525/1598/325 523/1599/325 521/1600/325
f 522/1601/326 524/1602/326 526/1603/326 528/1604/326 530/1605/326 532/1606/326 534/1607/326 536/1608/326
f 537/1609/327 539/1610/327 540/1611/327 538/1612/327
f 539/1613/328 541/1614/328 542/1615/328 540/1616/328
f 541/1617/329 543/1618/329 544/1619/329 542/1620/329
f 543/1621/330 545/1622/330 546/1623/330 544/1624/330
f 545/1625/331 547/1626/331 548/1627/331 546/1628/331
f 547/1629/332 549/1630/332 550/1631/332 548/1632/332
f 549/1633/333 551/1634/333 552/1635/333 550/1636/333
f 551/1637/334 537/1638/334 538/1639/334 552/1640/334
f 551/1641/335 549/1642/335 547/1643/335 545/1644/335 543/1645/335 541/1646/335 539/1647/335 537/1648/335
f 538/1649/336 540/1650/336 542/1651/336 544/1652/336 546/1653/336 548/1654/336 550/1655/336 552/1656/336
f 553/1657/337 555/1658/337 556/1659/337 554/1660/337
f 555/1661/338 557/1662/338 558/1663/338 556/1664/338
f 557/1665/339 559/1666/339 560/1667/339 558/1668/339
f 559/1669/340 561/1670/340 562/1671/340 560/1672/340
f 561/1673/341 563/1674/341 564/1675/341 562/1676/341
f 563/1677/342 565/1678/342 566/1679/342 564/1680/342
f 565/1681/343 567/1682/343 568/1683/343 566/1684/343
f 567/1685/344 553/1686/344 554/1687/344 568/1688/344
f 567/1689/345 565/1690/345 563/1691/345 561/1692/345 559/1693/345 557/1694/345 555/1695/345 553/1696/345
f 554/1697/346 556/1698/346 558/1699/346 560/1700/346 562/1701/346 564/1702/346 566/1703/346 568/1704/346
f 569/1705/347 570/1706/347 571/1707/347 572/1708/347
f 574/1709/348 573/1710/348 576/1711/348 575/1712/348
f 573/1713/349 569/1714/349 572/1715/349 576/1716/349
f 570/1717/350 574/1718/350 575/1719/350 571/1720/350
f 572/1721/351 571/1722/351 575/1723/351 576/1724/351
f 573/1725/352 574/1726/352 570/1727/352 569/1728/352
f 577/1729/353 578/1730/353 579/1731/353 580/1732/353
f 582/1733/354 581/1734/354 584/1735/354 583/1736/354
f 581/1737/355 577/1738/355 580/1739/355 584/1740/355
f 578/1741/356 582/1742/356 583/1743/356 579/1744/356
f 580/1745/357 579/1746/357 583/1747/357 584/1748/357
f 581/1749/358 582/1750/358 578/1751/358 577/1752/358
f 585/1753/359 587/1754/359 588/1755/359 586/1756/359
f 587/1757/360 589/1758/360 590/1759/360 588/1760/360
f 589/1761/361 591/1762/361 592/1763/361 590/1764/361
f 591/1765/362 593/1766/362 594/1767/362 592/1768/362
f 593/1769/363 595/1770/363 596/1771/363 594/1772/363
f 595/1773/364 597/1774/364 598/1775/364 596/1776/364
f 597/1777/365 599/1778/365 600/1779/365 598/1780/365
f 599/1781/366 585/1782/366 586/1783/366 600/1784/366
f 599/1785/367 597/1786/367 595/1787/367 593/1788/367 591/1789/367 589/1790/367 587/1791/367 585/1792/367
f 586/1793/368 588/1794/368 590/1795/368 592/1796/368 594/1797/368 596/1798/368 598/1799/368 600/1800/368
f 601/1801/369 603/1802/369 604/1803/369 602/1804/369
f 603/1805/370 605/1806/370 606/1807/370 604/1808/370
f 605/1809/371 607/1810/371 608/1811/371 606/1812/371
f 607/1813/372 609/1814/372 610/1815/372 608/1816/372
f 609/1817/373 611/1818/373 612/1819/373 610/1820/373
f 611/1821/374 613/1822/374 614/1823/374 612/1824/374
f 613/1825/375 615/1826/375 616/1827/375 614/1828/375
f 615/1829/376 601/1830/376 602/1831/376 616/1832/376
f 615/1833/377 613/1834/377 611/1835/377 609/1836/377 607/1837/377 605/1838/377 603/1839/377 601/1840/377
f 602/1841/378 604/1842/378 606/1843/378 608/1844/378 610/1845/378 612/1846/378 614/1847/378 616/1848/378
f 617/1849/379 619/1850/379 620/1851/379 618/1852/379
f 619/1853/380 621/1854/380 622/1855/380 620/1856/380
f 621/1857/381 623/1858/381 624/1859/381 622/1860/381
f 623/1861/382 625/1862/382 626/1863/382 624/1864/382
f 625/1865/383 627/1866/383 628/1867/383 626/1868/383
f 627/1869/384 629/1870/384 630/1871/384 628/1872/384
f 629/1873/385 631/1874/385 632/1875/385 630/1876/385
f 631/1877/386 617/1878/386 618/1879/386 632/1880/386
f 631/1881/387 629/1882/387 627/1883/387 625/1884/387 623/1885/387 621/1886/387 619/1887/387 617/1888/387
f 618/1889/388 620/1890/388 622/1891/388 624/1892/388 626/1893/388 628/1894/388 630/1895/388 632/1896/388
f 633/1897/389 635/1898/389 636/1899/389 634/1900/389
f 635/1901/390 637/1902/390 638/1903/390 636/1904/390
f 637/1905/391 639/1906/391 640/1907/391 638/1908/391
f 639/1909/392 641/1910/392 642/1911/392 640/1912/392
f 641/1913/393 643/1914/393 644/1915/393 642/1916/393
f 643/1917/394 645/1918/394 646/1919/394 644/1920/394
f 645/1921/395 647/1922/395 648/1923/395 646/1924/395
f 647/1925/396 633/1926/396 634/1927/396 648/1928/396
f 647/1929/397 645/1930/397 643/1931/397 641/1932/397 639/1933/397 637/1934/397 635/1935/397 633/1936/397
f 634/1937/398 636/1938/398 638/1939/398 640/1940/398 642/1941/398 644/1942/398 646/1943/398 648/1944/398
f 649/1945/399 650/1946/399 651/1947/399 652/1948/399
f 654/1949/400 653/1950/400 656/1951/400 655/1952/400
f 653/1953/401 649/1954/401 652/1955/401 656/1956/401
f 650/1957/402 654/1958/402 655/1959/402 651/1960/402
f 652/1961/403 651/1962/403 655/1963/403 656/1964/403
f 653/1965/404 654/1966/404 650/1967/404 649/1968/404
f 657/1969/405 658/1970/405 659/1971/405 660/1972/405
f 662/1973/406 661/1974/406 664/1975/406 663/1976/406
f 661/1977/407 657/1978/407 660/1979/407 664/1980/407
f 658/1981/408 662/1982/408 663/1983/408 659/1984/408
f 660/1985/409 659/1986/409 663/1987/409 664/1988/409
f 661/1989/410 662/1990/410 658/1991/410 657/1992/410
f 665/1993/411 667/1994/411 668/1995/411 666/1996/411
f 667/1997/412 669/1998/412 670/1999/412 668/2000/412
f 669/2001/413 671/2002/413 672/2003/413 670/2004/413
f 671/2005/414 673/2006/414 674/2007/414 672/2008/414
f 673/2009/415 675/2010/415 676/2011/415 674/2012/415
f 675/2013/416 677/2014/416 678/2015/416 676/2016/416
f 677/2017/417 679/2018/417 680/2019/417 678/2020/417
f 679/2021/418 665/2022/418 666/2023/418 680/2024/418
f 679/2025/419 677/2026/419 675/2027/419 673/2028/419 671/2029/419 669/2030/419 667/2031/419 665/2032/419
f 666/2033/420 668/2034/420 670/2035/420 672/2036/420 674/2037/420 676/2038/420 678/2039/420 680/2040/420
f 681/2041/421 683/2042/421 684/2043/421 682/2044/421
f 683/2045/422 685/2046/422 686/2047/422 684/2048/422
f 685/2049/423 687/2050/423 688/2051/423 686/2052/423
f 687/2053/424 689/2054/424 690/2055/424 688/2056/424
f 689/2057/425 691/2058/425 692/2059/425 690/2060/425
f 691/2061/426 693/2062/426 694/2063/426 692/2064/426
f 693/2065/427 695/2066/427 696/2067/427 694/2068/427
f 695/2069/428 681/2070/428 682/2071/428 696/2072/428
f 695/2073/429 693/2074/429 691/2075/429 689/2076/429 687/2077/429 685/2078/429 683/2079/429 681/2080/429
f 682/2081/430 684/2082/430 686/2083/430 688/2084/430 690/2085/430 692/2086/430 694/2087/430 696/2088/430
f 697/2089/431 699/2090/431 700/2091/431 698/2092/431
f 699/2093/432 701/2094/432 702/2095/432 700/2096/432
f 701/2097/433 703/2098/433 704/2099/433 702/2100/433
f 703/2101/434 705/2102/434 706/2103/434 704/2104/434
f 705/2105/435 707/2106/435 708/2107/435 706/2108/435
f 707/2109/436 709/2110/436 710/2111/436 708/2112/436
f 709/2113/437 711/2114/437 712/2115/437 710/2116/437
f 711/2117/438 697/2118/438 698/2119/438 712/2120/438
f 711/2121/439 709/2122/439 707/2123/439 705/2124/439 703/2125/439 701/2126/439 699/2127/439 697/2128/439
f 698/2129/440 700/2130/440 702/2131/440 704/2132/440 706/2133/440 708/2134/440 710/2135/440 712/2136/440
f 713/2137/441 715/2138/441 716/2139/441 714/2140/441
f 715/2141/442 717/2142/442 718/2143/442 716/2144/442
f 717/2145/443 719/2146/443 720/2147/443 718/2148/443
f 719/2149/444 721/2150/444 722/2151/444 720/2152/444
f 721/2153/445 723/2154/445 724/2155/445 722/2156/445
f 723/2157/446 725/2158/446 726/2159/446 724/2160/446
f 725/2161/447 727/2162/447 728/2163/447 726/2164/447
f 727/2165/448 713/2166/448 714/2167/448 728/2168/448
f 727/2169/449 725/2170/449 723/2171/449 721/2172/449 719/2173/449 717/2174/449 715/2175/449 713/2176/449
f 714/2177/450 716/2178/450 718/2179/450 720/2180/450 722/2181/450 724/2182/450 726/2183/450 728/2184/450
usemtl warning_orange
f 729/2185/451 730/2186/451 731/2187/451 732/2188/451
f 734/2189/452 733/2190/452 736/2191/452 735/2192/452
f 733/2193/453 729/2194/453 732/2195/453 736/2196/453
f 730/2197/454 734/2198/454 735/2199/454 731/2200/454
f 732/2201/455 731/2202/455 735/2203/455 736/2204/455
f 733/2205/456 734/2206/456 730/2207/456 729/2208/456
f 737/2209/457 738/2210/457 739/2211/457 740/2212/457
f 742/2213/458 741/2214/458 744/2215/458 743/2216/458
f 741/2217/459 737/2218/459 740/2219/459 744/2220/459
f 738/2221/460 742/2222/460 743/2223/460 739/2224/460
f 740/2225/461 739/2226/461 743/2227/461 744/2228/461
f 741/2229/462 742/2230/462 738/2231/462 737/2232/462
f 745/2233/463 747/2234/463 748/2235/463 746/2236/463
f 747/2237/464 749/2238/464 750/2239/464 748/2240/464
f 749/2241/465 751/2242/465 752/2243/465 750/2244/465
f 751/2245/466 753/2246/466 754/2247/466 752/2248/466
f 753/2249/467 755/2250/467 756/2251/467 754/2252/467
f 755/2253/468 757/2254/468 758/2255/468 756/2256/468
f 757/2257/469 759/2258/469 760/2259/469 758/2260/469
f 759/2261/470 745/2262/470 746/2263/470 760/2264/470
f 759/2265/471 757/2266/471 755/2267/471 753/2268/471 751/2269/471 749/2270/471 747/2271/471 745/2272/471
f 746/2273/472 748/2274/472 750/2275/472 752/2276/472 754/2277/472 756/2278/472 758/2279/472 760/2280/472
f 761/2281/473 763/2282/473 764/2283/473 762/2284/473
f 763/2285/474 765/2286/474 766/2287/474 764/2288/474
f 765/2289/475 767/2290/475 768/2291/475 766/2292/475
f 767/2293/476 769/2294/476 770/2295/476 768/2296/476
f 769/2297/477 771/2298/477 772/2299/477 770/2300/477
f 771/2301/478 773/2302/478 774/2303/478 772/2304/478
f 773/2305/479 775/2306/479 776/2307/479 774/2308/479
f 775/2309/480 761/2310/480 762/2311/480 776/2312/480
f 775/2313/481 773/2314/481 771/2315/481 769/2316/481 767/2317/481 765/2318/481 763/2319/481 761/2320/481
f 762/2321/482 764/2322/482 766/2323/482 768/2324/482 770/2325/482 772/2326/482 774/2327/482 776/2328/482
f 777/2329/483 779/2330/483 780/2331/483 778/2332/483
f 779/2333/484 781/2334/484 782/2335/484 780/2336/484
f 781/2337/485 783/2338/485 784/2339/485 782/2340/485
f 783/2341/486 785/2342/486 786/2343/486 784/2344/486
f 785/2345/487 787/2346/487 788/2347/487 786/2348/487
f 787/2349/488 789/2350/488 790/2351/488 788/2352/488
f 789/2353/489 791/2354/489 792/2355/489 790/2356/489
f 791/2357/490 777/2358/490 778/2359/490 792/2360/490
f 791/2361/491 789/2362/491 787/2363/491 785/2364/491 783/2365/491 781/2366/491 779/2367/491 777/2368/491
f 778/2369/492 780/2370/492 782/2371/492 784/2372/492 786/2373/492 788/2374/492 790/2375/492 792/2376/492
f 793/2377/493 795/2378/493 796/2379/493 794/2380/493
f 795/2381/494 797/2382/494 798/2383/494 796/2384/494
f 797/2385/495 799/2386/495 800/2387/495 798/2388/495
f 799/2389/496 801/2390/496 802/2391/496 800/2392/496
f 801/2393/497 803/2394/497 804/2395/497 802/2396/497
f 803/2397/498 805/2398/498 806/2399/498 804/2400/498
f 805/2401/499 807/2402/499 808/2403/499 806/2404/499
f 807/2405/500 793/2406/500 794/2407/500 808/2408/500
f 807/2409/501 805/2410/501 803/2411/501 801/2412/501 799/2413/501 797/2414/501 795/2415/501 793/2416/501
f 794/2417/502 796/2418/502 798/2419/502 800/2420/502 802/2421/502 804/2422/502 806/2423/502 808/2424/502
usemtl label_yellow
f 809/2425/503 810/2426/503 811/2427/503 812/2428/503
f 814/2429/504 813/2430/504 816/2431/504 815/2432/504
f 813/2433/505 809/2434/505 812/2435/505 816/2436/505
f 810/2437/506 814/2438/506 815/2439/506 811/2440/506
f 812/2441/507 811/2442/507 815/2443/507 816/2444/507
f 813/2445/508 814/2446/508 810/2447/508 809/2448/508
f 817/2449/509 818/2450/509 819/2451/509 820/2452/509
f 822/2453/510 821/2454/510 824/2455/510 823/2456/510
f 821/2457/511 817/2458/511 820/2459/511 824/2460/511
f 818/2461/512 822/2462/512 823/2463/512 819/2464/512
f 820/2465/513 819/2466/513 823/2467/513 824/2468/513
f 821/2469/514 822/2470/514 818/2471/514 817/2472/514
f 825/2473/515 827/2474/515 828/2475/515 826/2476/515
f 827/2477/516 829/2478/516 830/2479/516 828/2480/516
f 829/2481/517 831/2482/517 832/2483/517 830/2484/517
f 831/2485/518 833/2486/518 834/2487/518 832/2488/518
f 833/2489/519 835/2490/519 836/2491/519 834/2492/519
f 835/2493/520 837/2494/520 838/2495/520 836/2496/520
f 837/2497/521 839/2498/521 840/2499/521 838/2500/521
f 839/2501/522 825/2502/522 826/2503/522 840/2504/522
f 839/2505/523 837/2506/523 835/2507/523 833/2508/523 831/2509/523 829/2510/523 827/2511/523 825/2512/523
f 826/2513/524 828/2514/524 830/2515/524 832/2516/524 834/2517/524 836/2518/524 838/2519/524 840/2520/524
f 841/2521/525 843/2522/525 844/2523/525 842/2524/525
f 843/2525/526 845/2526/526 846/2527/526 844/2528/526
f 845/2529/527 847/2530/527 848/2531/527 846/2532/527
f 847/2533/528 849/2534/528 850/2535/528 848/2536/528
f 849/2537/529 851/2538/529 852/2539/529 850/2540/529
f 851/2541/530 853/2542/530 854/2543/530 852/2544/530
f 853/2545/531 855/2546/531 856/2547/531 854/2548/531
f 855/2549/532 841/2550/532 842/2551/532 856/2552/532
f 855/2553/533 853/2554/533 851/2555/533 849/2556/533 847/2557/533 845/2558/533 843/2559/533 841/2560/533
f 842/2561/534 844/2562/534 846/2563/534 848/2564/534 850/2565/534 852/2566/534 854/2567/534 856/2568/534
f 857/2569/535 859/2570/535 860/2571/535 858/2572/535
f 859/2573/536 861/2574/536 862/2575/536 860/2576/536
f 861/2577/537 863/2578/537 864/2579/537 862/2580/537
f 863/2581/538 865/2582/538 866/2583/538 864/2584/538
f 865/2585/539 867/2586/539 868/2587/539 866/2588/539
f 867/2589/540 869/2590/540 870/2591/540 868/2592/540
f 869/2593/541 871/2594/541 872/2595/541 870/2596/541
f 871/2597/542 857/2598/542 858/2599/542 872/2600/542
f 871/2601/543 869/2602/543 867/2603/543 865/2604/543 863/2605/543 861/2606/543 859/2607/543 857/2608/543
f 858/2609/544 860/2610/544 862/2611/544 864/2612/544 866/2613/544 868/2614/544 870/2615/544 872/2616/544
f 873/2617/545 875/2618/545 876/2619/545 874/2620/545
f 875/2621/546 877/2622/546 878/2623/546 876/2624/546
f 877/2625/547 879/2626/547 880/2627/547 878/2628/547
f 879/2629/548 881/2630/548 882/2631/548 880/2632/548
f 881/2633/549 883/2634/549 884/2635/549 882/2636/549
f 883/2637/550 885/2638/550 886/2639/550 884/2640/550
f 885/2641/551 887/2642/551 888/2643/551 886/2644/551
f 887/2645/552 873/2646/552 874/2647/552 888/2648/552
f 887/2649/553 885/2650/553 883/2651/553 881/2652/553 879/2653/553 877/2654/553 875/2655/553 873/2656/553
f 874/2657/554 876/2658/554 878/2659/554 880/2660/554 882/2661/554 884/2662/554 886/2663/554 888/2664/554
usemtl monitor_green
f 889/2665/555 890/2666/555 891/2667/555 892/2668/555
f 894/2669/556 893/2670/556 896/2671/556 895/2672/556
f 893/2673/557 889/2674/557 892/2675/557 896/2676/557
f 890/2677/558 894/2678/558 895/2679/558 891/2680/558
f 892/2681/559 891/2682/559 895/2683/559 896/2684/559
f 893/2685/560 894/2686/560 890/2687/560 889/2688/560
f 897/2689/561 898/2690/561 899/2691/561 900/2692/561
f 902/2693/562 901/2694/562 904/2695/562 903/2696/562
f 901/2697/563 897/2698/563 900/2699/563 904/2700/563
f 898/2701/564 902/2702/564 903/2703/564 899/2704/564
f 900/2705/565 899/2706/565 903/2707/565 904/2708/565
f 901/2709/566 902/2710/566 898/2711/566 897/2712/566
f 905/2713/567 907/2714/567 908/2715/567 906/2716/567
f 907/2717/568 909/2718/568 910/2719/568 908/2720/568
f 909/2721/569 911/2722/569 912/2723/569 910/2724/569
f 911/2725/570 913/2726/570 914/2727/570 912/2728/570
f 913/2729/571 915/2730/571 916/2731/571 914/2732/571
f 915/2733/572 917/2734/572 918/2735/572 916/2736/572
f 917/2737/573 919/2738/573 920/2739/573 918/2740/573
f 919/2741/574 905/2742/574 906/2743/574 920/2744/574
f 919/2745/575 917/2746/575 915/2747/575 913/2748/575 911/2749/575 909/2750/575 907/2751/575 905/2752/575
f 906/2753/576 908/2754/576 910/2755/576 912/2756/576 914/2757/576 916/2758/576 918/2759/576 920/2760/576
f 921/2761/577 923/2762/577 924/2763/577 922/2764/577
f 923/2765/578 925/2766/578 926/2767/578 924/2768/578
f 925/2769/579 927/2770/579 928/2771/579 926/2772/579
f 927/2773/580 929/2774/580 930/2775/580 928/2776/580
f 929/2777/581 931/2778/581 932/2779/581 930/2780/581
f 931/2781/582 933/2782/582 934/2783/582 932/2784/582
f 933/2785/583 935/2786/583 936/2787/583 934/2788/583
f 935/2789/584 921/2790/584 922/2791/584 936/2792/584
f 935/2793/585 933/2794/585 931/2795/585 929/2796/585 927/2797/585 925/2798/585 923/2799/585 921/2800/585
f 922/2801/586 924/2802/586 926/2803/586 928/2804/586 930/2805/586 932/2806/586 934/2807/586 936/2808/586
f 937/2809/587 939/2810/587 940/2811/587 938/2812/587
f 939/2813/588 941/2814/588 942/2815/588 940/2816/588
f 941/2817/589 943/2818/589 944/2819/589 942/2820/589
f 943/2821/590 945/2822/590 946/2823/590 944/2824/590
f 945/2825/591 947/2826/591 948/2827/591 946/2828/591
f 947/2829/592 949/2830/592 950/2831/592 948/2832/592
f 949/2833/593 951/2834/593 952/2835/593 950/2836/593
f 951/2837/594 937/2838/594 938/2839/594 952/2840/594
f 951/2841/595 949/2842/595 947/2843/595 945/2844/595 943/2845/595 941/2846/595 939/2847/595 937/2848/595
f 938/2849/596 940/2850/596 942/2851/596 944/2852/596 946/2853/596 948/2854/596 950/2855/596 952/2856/596
f 953/2857/597 955/2858/597 956/2859/597 954/2860/597
f 955/2861/598 957/2862/598 958/2863/598 956/2864/598
f 957/2865/599 959/2866/599 960/2867/599 958/2868/599
f 959/2869/600 961/2870/600 962/2871/600 960/2872/600
f 961/2873/601 963/2874/601 964/2875/601 962/2876/601
f 963/2877/602 965/2878/602 966/2879/602 964/2880/602
f 965/2881/603 967/2882/603 968/2883/603 966/2884/603
f 967/2885/604 953/2886/604 954/2887/604 968/2888/604
f 967/2889/605 965/2890/605 963/2891/605 961/2892/605 959/2893/605 957/2894/605 955/2895/605 953/2896/605
f 954/2897/606 956/2898/606 958/2899/606 960/2900/606 962/2901/606 964/2902/606 966/2903/606 968/2904/606
f 969/2905/607 970/2906/607 971/2907/607 972/2908/607
f 974/2909/608 973/2910/608 976/2911/608 975/2912/608
f 973/2913/609 969/2914/609 972/2915/609 976/2916/609
f 970/2917/610 974/2918/610 975/2919/610 971/2920/610
f 972/2921/611 971/2922/611 975/2923/611 976/2924/611
f 973/2925/612 974/2926/612 970/2927/612 969/2928/612
f 977/2929/613 978/2930/613 979/2931/613 980/2932/613
f 982/2933/614 981/2934/614 984/2935/614 983/2936/614
f 981/2937/615 977/2938/615 980/2939/615 984/2940/615
f 978/2941/616 982/2942/616 983/2943/616 979/2944/616
f 980/2945/617 979/2946/617 983/2947/617 984/2948/617
f 981/2949/618 982/2950/618 978/2951/618 977/2952/618
f 985/2953/619 987/2954/619 988/2955/619 986/2956/619
f 987/2957/620 989/2958/620 990/2959/620 988/2960/620
f 989/2961/621 991/2962/621 992/2963/621 990/2964/621
f 991/2965/622 993/2966/622 994/2967/622 992/2968/622
f 993/2969/623 995/2970/623 996/2971/623 994/2972/623
f 995/2973/624 985/2974/624 986/2975/624 996/2976/624
f 995/2977/625 993/2978/625 991/2979/625 989/2980/625 987/2981/625 985/2982/625
f 986/2983/626 988/2984/626 990/2985/626 992/2986/626 994/2987/626 996/2988/626
f 997/2989/627 999/2990/627 1000/2991/627 998/2992/627
f 999/2993/628 1001/2994/628 1002/2995/628 1000/2996/628
f 1001/2997/629 1003/2998/629 1004/2999/629 1002/3000/629
f 1003/3001/630 1005/3002/630 1006/3003/630 1004/3004/630
f 1005/3005/631 1007/3006/631 1008/3007/631 1006/3008/631
f 1007/3009/632 997/3010/632 998/3011/632 1008/3012/632
f 1007/3013/633 1005/3014/633 1003/3015/633 1001/3016/633 999/3017/633 997/3018/633
f 998/3019/634 1000/3020/634 1002/3021/634 1004/3022/634 1006/3023/634 1008/3024/634
f 1009/3025/635 1011/3026/635 1012/3027/635 1010/3028/635
f 1011/3029/636 1013/3030/636 1014/3031/636 1012/3032/636
f 1013/3033/637 1015/3034/637 1016/3035/637 1014/3036/637
f 1015/3037/638 1017/3038/638 1018/3039/638 1016/3040/638
f 1017/3041/639 1019/3042/639 1020/3043/639 1018/3044/639
f 1019/3045/640 1009/3046/640 1010/3047/640 1020/3048/640
f 1019/3049/641 1017/3050/641 1015/3051/641 1013/3052/641 1011/3053/641 1009/3054/641
f 1010/3055/642 1012/3056/642 1014/3057/642 1016/3058/642 1018/3059/642 1020/3060/642
f 1021/3061/643 1023/3062/643 1024/3063/643 1022/3064/643
f 1023/3065/644 1025/3066/644 1026/3067/644 1024/3068/644
f 1025/3069/645 1027/3070/645 1028/3071/645 1026/3072/645
f 1027/3073/646 1029/3074/646 1030/3075/646 1028/3076/646
f 1029/3077/647 1031/3078/647 1032/3079/647 1030/3080/647
f 1031/3081/648 1021/3082/648 1022/3083/648 1032/3084/648
f 1031/3085/649 1029/3086/649 1027/3087/649 1025/3088/649 1023/3089/649 1021/3090/649
f 1022/3091/650 1024/3092/650 1026/3093/650 1028/3094/650 1030/3095/650 1032/3096/650
f 1033/3097/651 1034/3098/651 1035/3099/651 1036/3100/651
f 1038/3101/652 1037/3102/652 1040/3103/652 1039/3104/652
f 1037/3105/653 1033/3106/653 1036/3107/653 1040/3108/653
f 1034/3109/654 1038/3110/654 1039/3111/654 1035/3112/654
f 1036/3113/655 1035/3114/655 1039/3115/655 1040/3116/655
f 1037/3117/656 1038/3118/656 1034/3119/656 1033/3120/656
f 1041/3121/657 1042/3122/657 1043/3123/657 1044/3124/657
f 1046/3125/658 1045/3126/658 1048/3127/658 1047/3128/658
f 1045/3129/659 1041/3130/659 1044/3131/659 1048/3132/659
f 1042/3133/660 1046/3134/660 1047/3135/660 1043/3136/660
f 1044/3137/661 1043/3138/661 1047/3139/661 1048/3140/661
f 1045/3141/662 1046/3142/662 1042/3143/662 1041/3144/662
f 1049/3145/663 1051/3146/663 1052/3147/663 1050/3148/663
f 1051/3149/664 1053/3150/664 1054/3151/664 1052/3152/664
f 1053/3153/665 1055/3154/665 1056/3155/665 1054/3156/665
f 1055/3157/666 1057/3158/666 1058/3159/666 1056/3160/666
f 1057/3161/667 1059/3162/667 1060/3163/667 1058/3164/667
f 1059/3165/668 1049/3166/668 1050/3167/668 1060/3168/668
f 1059/3169/669 1057/3170/669 1055/3171/669 1053/3172/669 1051/3173/669 1049/3174/669
f 1050/3175/670 1052/3176/670 1054/3177/670 1056/3178/670 1058/3179/670 1060/3180/670
f 1061/3181/671 1063/3182/671 1064/3183/671 1062/3184/671
f 1063/3185/672 1065/3186/672 1066/3187/672 1064/3188/672
f 1065/3189/673 1067/3190/673 1068/3191/673 1066/3192/673
f 1067/3193/674 1069/3194/674 1070/3195/674 1068/3196/674
f 1069/3197/675 1071/3198/675 1072/3199/675 1070/3200/675
f 1071/3201/676 1061/3202/676 1062/3203/676 1072/3204/676
f 1071/3205/677 1069/3206/677 1067/3207/677 1065/3208/677 1063/3209/677 1061/3210/677
f 1062/3211/678 1064/3212/678 1066/3213/678 1068/3214/678 1070/3215/678 1072/3216/678
f 1073/3217/679 1075/3218/679 1076/3219/679 1074/3220/679
f 1075/3221/680 1077/3222/680 1078/3223/680 1076/3224/680
f 1077/3225/681 1079/3226/681 1080/3227/681 1078/3228/681
f 1079/3229/682 1081/3230/682 1082/3231/682 1080/3232/682
f 1081/3233/683 1083/3234/683 1084/3235/683 1082/3236/683
f 1083/3237/684 1073/3238/684 1074/3239/684 1084/3240/684
f 1083/3241/685 1081/3242/685 1079/3243/685 1077/3244/685 1075/3245/685 1073/3246/685
f 1074/3247/686 1076/3248/686 1078/3249/686 1080/3250/686 1082/3251/686 1084/3252/686
f 1085/3253/687 1087/3254/687 1088/3255/687 1086/3256/687
f 1087/3257/688 1089/3258/688 1090/3259/688 1088/3260/688
f 1089/3261/689 1091/3262/689 1092/3263/689 1090/3264/689
f 1091/3265/690 1093/3266/690 1094/3267/690 1092/3268/690
f 1093/3269/691 1095/3270/691 1096/3271/691 1094/3272/691
f 1095/3273/692 1085/3274/692 1086/3275/692 1096/3276/692
f 1095/3277/693 1093/3278/693 1091/3279/693 1089/3280/693 1087/3281/693 1085/3282/693
f 1086/3283/694 1088/3284/694 1090/3285/694 1092/3286/694 1094/3287/694 1096/3288/694
f 1097/3289/695 1098/3290/695 1099/3291/695 1100/3292/695
f 1102/3293/696 1101/3294/696 1104/3295/696 1103/3296/696
f 1101/3297/697 1097/3298/697 1100/3299/697 1104/3300/697
f 1098/3301/698 1102/3302/698 1103/3303/698 1099/3304/698
f 1100/3305/699 1099/3306/699 1103/3307/699 1104/3308/699
f 1101/3309/700 1102/3310/700 1098/3311/700 1097/3312/700
f 1105/3313/701 1106/3314/701 1107/3315/701 1108/3316/701
f 1110/3317/702 1109/3318/702 1112/3319/702 1111/3320/702
f 1109/3321/703 1105/3322/703 1108/3323/703 1112/3324/703
f 1106/3325/704 1110/3326/704 1111/3327/704 1107/3328/704
f 1108/3329/705 1107/3330/705 1111/3331/705 1112/3332/705
f 1109/3333/706 1110/3334/706 1106/3335/706 1105/3336/706
f 1113/3337/707 1115/3338/707 1116/3339/707 1114/3340/707
f 1115/3341/708 1117/3342/708 1118/3343/708 1116/3344/708
f 1117/3345/709 1119/3346/709 1120/3347/709 1118/3348/709
f 1119/3349/710 1121/3350/710 1122/3351/710 1120/3352/710
f 1121/3353/711 1123/3354/711 1124/3355/711 1122/3356/711
f 1123/3357/712 1113/3358/712 1114/3359/712 1124/3360/712
f 1123/3361/713 1121/3362/713 1119/3363/713 1117/3364/713 1115/3365/713 1113/3366/713
f 1114/3367/714 1116/3368/714 1118/3369/714 1120/3370/714 1122/3371/714 1124/3372/714
f 1125/3373/715 1127/3374/715 1128/3375/715 1126/3376/715
f 1127/3377/716 1129/3378/716 1130/3379/716 1128/3380/716
f 1129/3381/717 1131/3382/717 1132/3383/717 1130/3384/717
f 1131/3385/718 1133/3386/718 1134/3387/718 1132/3388/718
f 1133/3389/719 1135/3390/719 1136/3391/719 1134/3392/719
f 1135/3393/720 1125/3394/720 1126/3395/720 1136/3396/720
f 1135/3397/721 1133/3398/721 1131/3399/721 1129/3400/721 1127/3401/721 1125/3402/721
f 1126/3403/722 1128/3404/722 1130/3405/722 1132/3406/722 1134/3407/722 1136/3408/722
f 1137/3409/723 1139/3410/723 1140/3411/723 1138/3412/723
f 1139/3413/724 1141/3414/724 1142/3415/724 1140/3416/724
f 1141/3417/725 1143/3418/725 1144/3419/725 1142/3420/725
f 1143/3421/726 1145/3422/726 1146/3423/726 1144/3424/726
f 1145/3425/727 1147/3426/727 1148/3427/727 1146/3428/727
f 1147/3429/728 1137/3430/728 1138/3431/728 1148/3432/728
f 1147/3433/729 1145/3434/729 1143/3435/729 1141/3436/729 1139/3437/729 1137/3438/729
f 1138/3439/730 1140/3440/730 1142/3441/730 1144/3442/730 1146/3443/730 1148/3444/730
f 1149/3445/731 1151/3446/731 1152/3447/731 1150/3448/731
f 1151/3449/732 1153/3450/732 1154/3451/732 1152/3452/732
f 1153/3453/733 1155/3454/733 1156/3455/733 1154/3456/733
f 1155/3457/734 1157/3458/734 1158/3459/734 1156/3460/734
f 1157/3461/735 1159/3462/735 1160/3463/735 1158/3464/735
f 1159/3465/736 1149/3466/736 1150/3467/736 1160/3468/736
f 1159/3469/737 1157/3470/737 1155/3471/737 1153/3472/737 1151/3473/737 1149/3474/737
f 1150/3475/738 1152/3476/738 1154/3477/738 1156/3478/738 1158/3479/738 1160/3480/738
usemtl label_blue
f 1161/3481/739 1162/3482/739 1163/3483/739 1164/3484/739
f 1166/3485/740 1165/3486/740 1168/3487/740 1167/3488/740
f 1165/3489/741 1161/3490/741 1164/3491/741 1168/3492/741
f 1162/3493/742 1166/3494/742 1167/3495/742 1163/3496/742
f 1164/3497/743 1163/3498/743 1167/3499/743 1168/3500/743
f 1165/3501/744 1166/3502/744 1162/3503/744 1161/3504/744
f 1169/3505/745 1170/3506/745 1171/3507/745 1172/3508/745
f 1174/3509/746 1173/3510/746 1176/3511/746 1175/3512/746
f 1173/3513/747 1169/3514/747 1172/3515/747 1176/3516/747
f 1170/3517/748 1174/3518/748 1175/3519/748 1171/3520/748
f 1172/3521/749 1171/3522/749 1175/3523/749 1176/3524/749
f 1173/3525/750 1174/3526/750 1170/3527/750 1169/3528/750
f 1177/3529/751 1179/3530/751 1180/3531/751 1178/3532/751
f 1179/3533/752 1181/3534/752 1182/3535/752 1180/3536/752
f 1181/3537/753 1183/3538/753 1184/3539/753 1182/3540/753
f 1183/3541/754 1185/3542/754 1186/3543/754 1184/3544/754
f 1185/3545/755 1187/3546/755 1188/3547/755 1186/3548/755
f 1187/3549/756 1177/3550/756 1178/3551/756 1188/3552/756
f 1187/3553/757 1185/3554/757 1183/3555/757 1181/3556/757 1179/3557/757 1177/3558/757
f 1178/3559/758 1180/3560/758 1182/3561/758 1184/3562/758 1186/3563/758 1188/3564/758
f 1189/3565/759 1191/3566/759 1192/3567/759 1190/3568/759
f 1191/3569/760 1193/3570/760 1194/3571/760 1192/3572/760
f 1193/3573/761 1195/3574/761 1196/3575/761 1194/3576/761
f 1195/3577/762 1197/3578/762 1198/3579/762 1196/3580/762
f 1197/3581/763 1199/3582/763 1200/3583/763 1198/3584/763
f 1199/3585/764 1189/3586/764 1190/3587/764 1200/3588/764
f 1199/3589/765 1197/3590/765 1195/3591/765 1193/3592/765 1191/3593/765 1189/3594/765
f 1190/3595/766 1192/3596/766 1194/3597/766 1196/3598/766 1198/3599/766 1200/3600/766
f 1201/3601/767 1203/3602/767 1204/3603/767 1202/3604/767
f 1203/3605/768 1205/3606/768 1206/3607/768 1204/3608/768
f 1205/3609/769 1207/3610/769 1208/3611/769 1206/3612/769
f 1207/3613/770 1209/3614/770 1210/3615/770 1208/3616/770
f 1209/3617/771 1211/3618/771 1212/3619/771 1210/3620/771
f 1211/3621/772 1201/3622/772 1202/3623/772 1212/3624/772
f 1211/3625/773 1209/3626/773 1207/3627/773 1205/3628/773 1203/3629/773 1201/3630/773
f 1202/3631/774 1204/3632/774 1206/3633/774 1208/3634/774 1210/3635/774 1212/3636/774
f 1213/3637/775 1215/3638/775 1216/3639/775 1214/3640/775
f 1215/3641/776 1217/3642/776 1218/3643/776 1216/3644/776
f 1217/3645/777 1219/3646/777 1220/3647/777 1218/3648/777
f 1219/3649/778 1221/3650/778 1222/3651/778 1220/3652/778
f 1221/3653/779 1223/3654/779 1224/3655/779 1222/3656/779
f 1223/3657/780 1213/3658/780 1214/3659/780 1224/3660/780
f 1223/3661/781 1221/3662/781 1219/3663/781 1217/3664/781 1215/3665/781 1213/3666/781
f 1214/3667/782 1216/3668/782 1218/3669/782 1220/3670/782 1222/3671/782 1224/3672/782
usemtl paper_label
f 1225/3673/783 1226/3674/783 1227/3675/783 1228/3676/783
f 1230/3677/784 1229/3678/784 1232/3679/784 1231/3680/784
f 1229/3681/785 1225/3682/785 1228/3683/785 1232/3684/785
f 1226/3685/786 1230/3686/786 1231/3687/786 1227/3688/786
f 1228/3689/787 1227/3690/787 1231/3691/787 1232/3692/787
f 1229/3693/788 1230/3694/788 1226/3695/788 1225/3696/788
f 1233/3697/789 1234/3698/789 1235/3699/789 1236/3700/789
f 1238/3701/790 1237/3702/790 1240/3703/790 1239/3704/790
f 1237/3705/791 1233/3706/791 1236/3707/791 1240/3708/791
f 1234/3709/792 1238/3710/792 1239/3711/792 1235/3712/792
f 1236/3713/793 1235/3714/793 1239/3715/793 1240/3716/793
f 1237/3717/794 1238/3718/794 1234/3719/794 1233/3720/794
f 1241/3721/795 1243/3722/795 1244/3723/795 1242/3724/795
f 1243/3725/796 1245/3726/796 1246/3727/796 1244/3728/796
f 1245/3729/797 1247/3730/797 1248/3731/797 1246/3732/797
f 1247/3733/798 1249/3734/798 1250/3735/798 1248/3736/798
f 1249/3737/799 1251/3738/799 1252/3739/799 1250/3740/799
f 1251/3741/800 1241/3742/800 1242/3743/800 1252/3744/800
f 1251/3745/801 1249/3746/801 1247/3747/801 1245/3748/801 1243/3749/801 1241/3750/801
f 1242/3751/802 1244/3752/802 1246/3753/802 1248/3754/802 1250/3755/802 1252/3756/802
f 1253/3757/803 1255/3758/803 1256/3759/803 1254/3760/803
f 1255/3761/804 1257/3762/804 1258/3763/804 1256/3764/804
f 1257/3765/805 1259/3766/805 1260/3767/805 1258/3768/805
f 1259/3769/806 1261/3770/806 1262/3771/806 1260/3772/806
f 1261/3773/807 1263/3774/807 1264/3775/807 1262/3776/807
f 1263/3777/808 1253/3778/808 1254/3779/808 1264/3780/808
f 1263/3781/809 1261/3782/809 1259/3783/809 1257/3784/809 1255/3785/809 1253/3786/809
f 1254/3787/810 1256/3788/810 1258/3789/810 1260/3790/810 1262/3791/810 1264/3792/810
f 1265/3793/811 1267/3794/811 1268/3795/811 1266/3796/811
f 1267/3797/812 1269/3798/812 1270/3799/812 1268/3800/812
f 1269/3801/813 1271/3802/813 1272/3803/813 1270/3804/813
f 1271/3805/814 1273/3806/814 1274/3807/814 1272/3808/814
f 1273/3809/815 1275/3810/815 1276/3811/815 1274/3812/815
f 1275/3813/816 1265/3814/816 1266/3815/816 1276/3816/816
f 1275/3817/817 1273/3818/817 1271/3819/817 1269/3820/817 1267/3821/817 1265/3822/817
f 1266/3823/818 1268/3824/818 1270/3825/818 1272/3826/818 1274/3827/818 1276/3828/818
f 1277/3829/819 1279/3830/819 1280/3831/819 1278/3832/819
f 1279/3833/820 1281/3834/820 1282/3835/820 1280/3836/820
f 1281/3837/821 1283/3838/821 1284/3839/821 1282/3840/821
f 1283/3841/822 1285/3842/822 1286/3843/822 1284/3844/822
f 1285/3845/823 1287/3846/823 1288/3847/823 1286/3848/823
f 1287/3849/824 1277/3850/824 1278/3851/824 1288/3852/824
f 1287/3853/825 1285/3854/825 1283/3855/825 1281/3856/825 1279/3857/825 1277/3858/825
f 1278/3859/826 1280/3860/826 1282/3861/826 1284/3862/826 1286/3863/826 1288/3864/826
usemtl cable_black
f 1289/3865/827 1291/3866/827 1292/3867/827 1290/3868/827
f 1291/3869/828 1293/3870/828 1294/3871/828 1292/3872/828
f 1293/3873/829 1295/3874/829 1296/3875/829 1294/3876/829
f 1295/3877/830 1297/3878/830 1298/3879/830 1296/3880/830
f 1297/3881/831 1299/3882/831 1300/3883/831 1298/3884/831
f 1299/3885/832 1301/3886/832 1302/3887/832 1300/3888/832
f 1301/3889/833 1289/3890/833 1290/3891/833 1302/3892/833
f 1301/3893/834 1299/3894/834 1297/3895/834 1295/3896/834 1293/3897/834 1291/3898/834 1289/3899/834
f 1290/3900/835 1292/3901/835 1294/3902/835 1296/3903/835 1298/3904/835 1300/3905/835 1302/3906/835
f 1303/3907/836 1305/3908/836 1306/3909/836 1304/3910/836
f 1305/3911/837 1307/3912/837 1308/3913/837 1306/3914/837
f 1307/3915/838 1309/3916/838 1310/3917/838 1308/3918/838
f 1309/3919/839 1311/3920/839 1312/3921/839 1310/3922/839
f 1311/3923/840 1313/3924/840 1314/3925/840 1312/3926/840
f 1313/3927/841 1315/3928/841 1316/3929/841 1314/3930/841
f 1315/3931/842 1303/3932/842 1304/3933/842 1316/3934/842
f 1315/3935/843 1313/3936/843 1311/3937/843 1309/3938/843 1307/3939/843 1305/3940/843 1303/3941/843
f 1304/3942/844 1306/3943/844 1308/3944/844 1310/3945/844 1312/3946/844 1314/3947/844 1316/3948/844
f 1317/3949/845 1319/3950/845 1320/3951/845 1318/3952/845
f 1319/3953/846 1321/3954/846 1322/3955/846 1320/3956/846
f 1321/3957/847 1323/3958/847 1324/3959/847 1322/3960/847
f 1323/3961/848 1325/3962/848 1326/3963/848 1324/3964/848
f 1325/3965/849 1327/3966/849 1328/3967/849 1326/3968/849
f 1327/3969/850 1329/3970/850 1330/3971/850 1328/3972/850
f 1329/3973/851 1317/3974/851 1318/3975/851 1330/3976/851
f 1329/3977/852 1327/3978/852 1325/3979/852 1323/3980/852 1321/3981/852 1319/3982/852 1317/3983/852
f 1318/3984/853 1320/3985/853 1322/3986/853 1324/3987/853 1326/3988/853 1328/3989/853 1330/3990/853
f 1331/3991/854 1333/3992/854 1334/3993/854 1332/3994/854
f 1333/3995/855 1335/3996/855 1336/3997/855 1334/3998/855
f 1335/3999/856 1337/4000/856 1338/4001/856 1336/4002/856
f 1337/4003/857 1339/4004/857 1340/4005/857 1338/4006/857
f 1339/4007/858 1341/4008/858 1342/4009/858 1340/4010/858
f 1341/4011/859 1343/4012/859 1344/4013/859 1342/4014/859
f 1343/4015/860 1331/4016/860 1332/4017/860 1344/4018/860
f 1343/4019/861 1341/4020/861 1339/4021/861 1337/4022/861 1335/4023/861 1333/4024/861 1331/4025/861
f 1332/4026/862 1334/4027/862 1336/4028/862 1338/4029/862 1340/4030/862 1342/4031/862 1344/4032/862
f 1345/4033/863 1347/4034/863 1348/4035/863 1346/4036/863
f 1347/4037/864 1349/4038/864 1350/4039/864 1348/4040/864
f 1349/4041/865 1351/4042/865 1352/4043/865 1350/4044/865
f 1351/4045/866 1353/4046/866 1354/4047/866 1352/4048/866
f 1353/4049/867 1355/4050/867 1356/4051/867 1354/4052/867
f 1355/4053/868 1357/4054/868 1358/4055/868 1356/4056/868
f 1357/4057/869 1345/4058/869 1346/4059/869 1358/4060/869
f 1357/4061/870 1355/4062/870 1353/4063/870 1351/4064/870 1349/4065/870 1347/4066/870 1345/4067/870
f 1346/4068/871 1348/4069/871 1350/4070/871 1352/4071/871 1354/4072/871 1356/4073/871 1358/4074/871
f 1359/4075/872 1361/4076/872 1362/4077/872 1360/4078/872
f 1361/4079/873 1363/4080/873 1364/4081/873 1362/4082/873
f 1363/4083/874 1365/4084/874 1366/4085/874 1364/4086/874
f 1365/4087/875 1367/4088/875 1368/4089/875 1366/4090/875
f 1367/4091/876 1369/4092/876 1370/4093/876 1368/4094/876
f 1369/4095/877 1371/4096/877 1372/4097/877 1370/4098/877
f 1371/4099/878 1359/4100/878 1360/4101/878 1372/4102/878
f 1371/4103/879 1369/4104/879 1367/4105/879 1365/4106/879 1363/4107/879 1361/4108/879 1359/4109/879
f 1360/4110/880 1362/4111/880 1364/4112/880 1366/4113/880 1368/4114/880 1370/4115/880 1372/4116/880
