# Generated by tools/generate_ambulance_proxy_meshes.py
mtllib ambulance_proxy_materials.mtl
o ambulance_runtime_shell
v -1.240000 -0.070000 -3.445000
v 1.240000 -0.070000 -3.445000
v 1.240000 0.000000 -3.445000
v -1.240000 0.000000 -3.445000
v -1.240000 -0.070000 2.725000
v 1.240000 -0.070000 2.725000
v 1.240000 0.000000 2.725000
v -1.240000 0.000000 2.725000
v -1.240000 2.000000 -3.445000
v 1.240000 2.000000 -3.445000
v 1.240000 2.070000 -3.445000
v -1.240000 2.070000 -3.445000
v -1.240000 2.000000 2.725000
v 1.240000 2.000000 2.725000
v 1.240000 2.070000 2.725000
v -1.240000 2.070000 2.725000
v -1.275000 0.000000 -3.445000
v -1.205000 0.000000 -3.445000
v -1.205000 2.030000 -3.445000
v -1.275000 2.030000 -3.445000
v -1.275000 0.000000 2.725000
v -1.205000 0.000000 2.725000
v -1.205000 2.030000 2.725000
v -1.275000 2.030000 2.725000
v 1.205000 0.000000 -3.445000
v 1.275000 0.000000 -3.445000
v 1.275000 2.030000 -3.445000
v 1.205000 2.030000 -3.445000
v 1.205000 0.000000 2.725000
v 1.275000 0.000000 2.725000
v 1.275000 2.030000 2.725000
v 1.205000 2.030000 2.725000
v -1.240000 0.000000 -3.485000
v 1.240000 0.000000 -3.485000
v 1.240000 1.860000 -3.485000
v -1.240000 1.860000 -3.485000
v -1.240000 0.000000 -3.415000
v 1.240000 0.000000 -3.415000
v 1.240000 1.860000 -3.415000
v -1.240000 1.860000 -3.415000
v -1.240000 0.000000 2.685000
v 1.240000 0.000000 2.685000
v 1.240000 1.860000 2.685000
v -1.240000 1.860000 2.685000
v -1.240000 0.000000 2.755000
v 1.240000 0.000000 2.755000
v 1.240000 1.860000 2.755000
v -1.240000 1.860000 2.755000
v -1.202500 0.180000 -2.815000
v -1.167500 0.180000 -2.815000
v -1.167500 1.880000 -2.815000
v -1.202500 1.880000 -2.815000
v -1.202500 0.180000 -2.785000
v -1.167500 0.180000 -2.785000
v -1.167500 1.880000 -2.785000
v -1.202500 1.880000 -2.785000
v 1.167500 0.180000 -2.815000
v 1.202500 0.180000 -2.815000
v 1.202500 1.880000 -2.815000
v 1.167500 1.880000 -2.815000
v 1.167500 0.180000 -2.785000
v 1.202500 0.180000 -2.785000
v 1.202500 1.880000 -2.785000
v 1.167500 1.880000 -2.785000
v -1.010000 1.987000 -2.817500
v 1.010000 1.987000 -2.817500
v 1.010000 2.013000 -2.817500
v -1.010000 2.013000 -2.817500
v -1.010000 1.987000 -2.782500
v 1.010000 1.987000 -2.782500
v 1.010000 2.013000 -2.782500
v -1.010000 2.013000 -2.782500
v -1.202500 0.180000 -1.715000
v -1.167500 0.180000 -1.715000
v -1.167500 1.880000 -1.715000
v -1.202500 1.880000 -1.715000
v -1.202500 0.180000 -1.685000
v -1.167500 0.180000 -1.685000
v -1.167500 1.880000 -1.685000
v -1.202500 1.880000 -1.685000
v 1.167500 0.180000 -1.715000
v 1.202500 0.180000 -1.715000
v 1.202500 1.880000 -1.715000
v 1.167500 1.880000 -1.715000
v 1.167500 0.180000 -1.685000
v 1.202500 0.180000 -1.685000
v 1.202500 1.880000 -1.685000
v 1.167500 1.880000 -1.685000
v -1.010000 1.987000 -1.717500
v 1.010000 1.987000 -1.717500
v 1.010000 2.013000 -1.717500
v -1.010000 2.013000 -1.717500
v -1.010000 1.987000 -1.682500
v 1.010000 1.987000 -1.682500
v 1.010000 2.013000 -1.682500
v -1.010000 2.013000 -1.682500
v -1.202500 0.180000 -0.565000
v -1.167500 0.180000 -0.565000
v -1.167500 1.880000 -0.565000
v -1.202500 1.880000 -0.565000
v -1.202500 0.180000 -0.535000
v -1.167500 0.180000 -0.535000
v -1.167500 1.880000 -0.535000
v -1.202500 1.880000 -0.535000
v 1.167500 0.180000 -0.565000
v 1.202500 0.180000 -0.565000
v 1.202500 1.880000 -0.565000
v 1.167500 1.880000 -0.565000
v 1.167500 0.180000 -0.535000
v 1.202500 0.180000 -0.535000
v 1.202500 1.880000 -0.535000
v 1.167500 1.880000 -0.535000
v -1.010000 1.987000 -0.567500
v 1.010000 1.987000 -0.567500
v 1.010000 2.013000 -0.567500
v -1.010000 2.013000 -0.567500
v -1.010000 1.987000 -0.532500
v 1.010000 1.987000 -0.532500
v 1.010000 2.013000 -0.532500
v -1.010000 2.013000 -0.532500
v -1.202500 0.180000 0.605000
v -1.167500 0.180000 0.605000
v -1.167500 1.880000 0.605000
v -1.202500 1.880000 0.605000
v -1.202500 0.180000 0.635000
v -1.167500 0.180000 0.635000
v -1.167500 1.880000 0.635000
v -1.202500 1.880000 0.635000
v 1.167500 0.180000 0.605000
v 1.202500 0.180000 0.605000
v 1.202500 1.880000 0.605000
v 1.167500 1.880000 0.605000
v 1.167500 0.180000 0.635000
v 1.202500 0.180000 0.635000
v 1.202500 1.880000 0.635000
v 1.167500 1.880000 0.635000
v -1.010000 1.987000 0.602500
v 1.010000 1.987000 0.602500
v 1.010000 2.013000 0.602500
v -1.010000 2.013000 0.602500
v -1.010000 1.987000 0.637500
v 1.010000 1.987000 0.637500
v 1.010000 2.013000 0.637500
v -1.010000 2.013000 0.637500
v -1.202500 0.180000 1.765000
v -1.167500 0.180000 1.765000
v -1.167500 1.880000 1.765000
v -1.202500 1.880000 1.765000
v -1.202500 0.180000 1.795000
v -1.167500 0.180000 1.795000
v -1.167500 1.880000 1.795000
v -1.202500 1.880000 1.795000
v 1.167500 0.180000 1.765000
v 1.202500 0.180000 1.765000
v 1.202500 1.880000 1.765000
v 1.167500 1.880000 1.765000
v 1.167500 0.180000 1.795000
v 1.202500 0.180000 1.795000
v 1.202500 1.880000 1.795000
v 1.167500 1.880000 1.795000
v -1.010000 1.987000 1.762500
v 1.010000 1.987000 1.762500
v 1.010000 2.013000 1.762500
v -1.010000 2.013000 1.762500
v -1.010000 1.987000 1.797500
v 1.010000 1.987000 1.797500
v 1.010000 2.013000 1.797500
v -1.010000 2.013000 1.797500
v -0.735000 0.002000 -3.220000
v -0.705000 0.002000 -3.220000
v -0.705000 0.022000 -3.220000
v -0.735000 0.022000 -3.220000
v -0.735000 0.002000 2.500000
v -0.705000 0.002000 2.500000
v -0.705000 0.022000 2.500000
v -0.735000 0.022000 2.500000
v -0.375000 0.002000 -3.220000
v -0.345000 0.002000 -3.220000
v -0.345000 0.022000 -3.220000
v -0.375000 0.022000 -3.220000
v -0.375000 0.002000 2.500000
v -0.345000 0.002000 2.500000
v -0.345000 0.022000 2.500000
v -0.375000 0.022000 2.500000
v 0.345000 0.002000 -3.220000
v 0.375000 0.002000 -3.220000
v 0.375000 0.022000 -3.220000
v 0.345000 0.022000 -3.220000
v 0.345000 0.002000 2.500000
v 0.375000 0.002000 2.500000
v 0.375000 0.022000 2.500000
v 0.345000 0.022000 2.500000
v 0.705000 0.002000 -3.220000
v 0.735000 0.002000 -3.220000
v 0.735000 0.022000 -3.220000
v 0.705000 0.022000 -3.220000
v 0.705000 0.002000 2.500000
v 0.735000 0.002000 2.500000
v 0.735000 0.022000 2.500000
v 0.705000 0.022000 2.500000
v -0.910000 0.015000 -2.367500
v 0.870000 0.015000 -2.367500
v 0.870000 0.033000 -2.367500
v -0.910000 0.033000 -2.367500
v -0.910000 0.015000 -2.332500
v 0.870000 0.015000 -2.332500
v 0.870000 0.033000 -2.332500
v -0.910000 0.033000 -2.332500
v -0.910000 0.015000 -1.067500
v 0.870000 0.015000 -1.067500
v 0.870000 0.033000 -1.067500
v -0.910000 0.033000 -1.067500
v -0.910000 0.015000 -1.032500
v 0.870000 0.015000 -1.032500
v 0.870000 0.033000 -1.032500
v -0.910000 0.033000 -1.032500
v -0.910000 0.015000 0.262500
v 0.870000 0.015000 0.262500
v 0.870000 0.033000 0.262500
v -0.910000 0.033000 0.262500
v -0.910000 0.015000 0.297500
v 0.870000 0.015000 0.297500
v 0.870000 0.033000 0.297500
v -0.910000 0.033000 0.297500
v -0.910000 0.015000 1.362500
v 0.870000 0.015000 1.362500
v 0.870000 0.033000 1.362500
v -0.910000 0.033000 1.362500
v -0.910000 0.015000 1.397500
v 0.870000 0.015000 1.397500
v 0.870000 0.033000 1.397500
v -0.910000 0.033000 1.397500
v 0.390000 0.015000 1.980000
v 0.850000 0.015000 1.980000
v 0.850000 0.035000 1.980000
v 0.390000 0.035000 1.980000
v 0.390000 0.015000 2.180000
v 0.850000 0.015000 2.180000
v 0.850000 0.035000 2.180000
v 0.390000 0.035000 2.180000
v 0.430000 0.021000 2.055000
v 0.810000 0.021000 2.055000
v 0.810000 0.039000 2.055000
v 0.430000 0.039000 2.055000
v 0.430000 0.021000 2.105000
v 0.810000 0.021000 2.105000
v 0.810000 0.039000 2.105000
v 0.430000 0.039000 2.105000
v -1.250000 0.750000 -3.000000
v -1.130000 0.750000 -3.000000
v -1.130000 1.650000 -3.000000
v -1.250000 1.650000 -3.000000
v -1.250000 0.750000 -0.760000
v -1.130000 0.750000 -0.760000
v -1.130000 1.650000 -0.760000
v -1.250000 1.650000 -0.760000
v -1.272500 0.900000 -2.690000
v -1.237500 0.900000 -2.690000
v -1.237500 1.540000 -2.690000
v -1.272500 1.540000 -2.690000
v -1.272500 0.900000 -2.270000
v -1.237500 0.900000 -2.270000
v -1.237500 1.540000 -2.270000
v -1.272500 1.540000 -2.270000
v -1.290500 0.850000 -2.650000
v -1.265500 0.850000 -2.650000
v -1.265500 0.910000 -2.650000
v -1.290500 0.910000 -2.650000
v -1.290500 0.850000 -2.310000
v -1.265500 0.850000 -2.310000
v -1.265500 0.910000 -2.310000
v -1.290500 0.910000 -2.310000
v -1.272500 0.900000 -2.110000
v -1.237500 0.900000 -2.110000
v -1.237500 1.540000 -2.110000
v -1.272500 1.540000 -2.110000
v -1.272500 0.900000 -1.690000
v -1.237500 0.900000 -1.690000
v -1.237500 1.540000 -1.690000
v -1.272500 1.540000 -1.690000
v -1.290500 0.850000 -2.070000
v -1.265500 0.850000 -2.070000
v -1.265500 0.910000 -2.070000
v -1.290500 0.910000 -2.070000
v -1.290500 0.850000 -1.730000
v -1.265500 0.850000 -1.730000
v -1.265500 0.910000 -1.730000
v -1.290500 0.910000 -1.730000
v -1.272500 0.900000 -1.530000
v -1.237500 0.900000 -1.530000
v -1.237500 1.540000 -1.530000
v -1.272500 1.540000 -1.530000
v -1.272500 0.900000 -1.110000
v -1.237500 0.900000 -1.110000
v -1.237500 1.540000 -1.110000
v -1.272500 1.540000 -1.110000
v -1.290500 0.850000 -1.490000
v -1.265500 0.850000 -1.490000
v -1.265500 0.910000 -1.490000
v -1.290500 0.910000 -1.490000
v -1.290500 0.850000 -1.150000
v -1.265500 0.850000 -1.150000
v -1.265500 0.910000 -1.150000
v -1.290500 0.910000 -1.150000
v -1.230000 0.210000 -1.400000
v -0.890000 0.210000 -1.400000
v -0.890000 0.510000 -1.400000
v -1.230000 0.510000 -1.400000
v -1.230000 0.210000 2.200000
v -0.890000 0.210000 2.200000
v -0.890000 0.510000 2.200000
v -1.230000 0.510000 2.200000
v -1.185000 0.500000 -1.450000
v -0.895000 0.500000 -1.450000
v -0.895000 0.580000 -1.450000
v -1.185000 0.580000 -1.450000
v -1.185000 0.500000 2.250000
v -0.895000 0.500000 2.250000
v -0.895000 0.580000 2.250000
v -1.185000 0.580000 2.250000
v -1.230000 0.500000 -1.405000
v -0.850000 0.500000 -1.405000
v -0.850000 0.580000 -1.405000
v -1.230000 0.580000 -1.405000
v -1.230000 0.500000 2.205000
v -0.850000 0.500000 2.205000
v -0.850000 0.580000 2.205000
v -1.230000 0.580000 2.205000
v -1.140000 0.500000 -1.405000
v -1.140000 0.580000 -1.405000
v -1.146029 0.500000 -1.382500
v -1.146029 0.580000 -1.382500
v -1.162500 0.500000 -1.366029
v -1.162500 0.580000 -1.366029
v -1.185000 0.500000 -1.360000
v -1.185000 0.580000 -1.360000
v -1.207500 0.500000 -1.366029
v -1.207500 0.580000 -1.366029
v -1.223971 0.500000 -1.382500
v -1.223971 0.580000 -1.382500
v -1.230000 0.500000 -1.405000
v -1.230000 0.580000 -1.405000
v -1.223971 0.500000 -1.427500
v -1.223971 0.580000 -1.427500
v -1.207500 0.500000 -1.443971
v -1.207500 0.580000 -1.443971
v -1.185000 0.500000 -1.450000
v -1.185000 0.580000 -1.450000
v -1.162500 0.500000 -1.443971
v -1.162500 0.580000 -1.443971
v -1.146029 0.500000 -1.427500
v -1.146029 0.580000 -1.427500
v -1.140000 0.500000 2.205000
v -1.140000 0.580000 2.205000
v -1.146029 0.500000 2.227500
v -1.146029 0.580000 2.227500
v -1.162500 0.500000 2.243971
v -1.162500 0.580000 2.243971
v -1.185000 0.500000 2.250000
v -1.185000 0.580000 2.250000
v -1.207500 0.500000 2.243971
v -1.207500 0.580000 2.243971
v -1.223971 0.500000 2.227500
v -1.223971 0.580000 2.227500
v -1.230000 0.500000 2.205000
v -1.230000 0.580000 2.205000
v -1.223971 0.500000 2.182500
v -1.223971 0.580000 2.182500
v -1.207500 0.500000 2.166029
v -1.207500 0.580000 2.166029
v -1.185000 0.500000 2.160000
v -1.185000 0.580000 2.160000
v -1.162500 0.500000 2.166029
v -1.162500 0.580000 2.166029
v -1.146029 0.500000 2.182500
v -1.146029 0.580000 2.182500
v -0.850000 0.500000 -1.405000
v -0.850000 0.580000 -1.405000
v -0.856029 0.500000 -1.382500
v -0.856029 0.580000 -1.382500
v -0.872500 0.500000 -1.366029
v -0.872500 0.580000 -1.366029
v -0.895000 0.500000 -1.360000
v -0.895000 0.580000 -1.360000
v -0.917500 0.500000 -1.366029
v -0.917500 0.580000 -1.366029
v -0.933971 0.500000 -1.382500
v -0.933971 0.580000 -1.382500
v -0.940000 0.500000 -1.405000
v -0.940000 0.580000 -1.405000
v -0.933971 0.500000 -1.427500
v -0.933971 0.580000 -1.427500
v -0.917500 0.500000 -1.443971
v -0.917500 0.580000 -1.443971
v -0.895000 0.500000 -1.450000
v -0.895000 0.580000 -1.450000
v -0.872500 0.500000 -1.443971
v -0.872500 0.580000 -1.443971
v -0.856029 0.500000 -1.427500
v -0.856029 0.580000 -1.427500
v -0.850000 0.500000 2.205000
v -0.850000 0.580000 2.205000
v -0.856029 0.500000 2.227500
v -0.856029 0.580000 2.227500
v -0.872500 0.500000 2.243971
v -0.872500 0.580000 2.243971
v -0.895000 0.500000 2.250000
v -0.895000 0.580000 2.250000
v -0.917500 0.500000 2.243971
v -0.917500 0.580000 2.243971
v -0.933971 0.500000 2.227500
v -0.933971 0.580000 2.227500
v -0.940000 0.500000 2.205000
v -0.940000 0.580000 2.205000
v -0.933971 0.500000 2.182500
v -0.933971 0.580000 2.182500
v -0.917500 0.500000 2.166029
v -0.917500 0.580000 2.166029
v -0.895000 0.500000 2.160000
v -0.895000 0.580000 2.160000
v -0.872500 0.500000 2.166029
v -0.872500 0.580000 2.166029
v -0.856029 0.500000 2.182500
v -0.856029 0.580000 2.182500
v -1.048000 0.710000 -1.420000
v -1.048000 0.710000 2.220000
v -1.044249 0.696000 -1.420000
v -1.044249 0.696000 2.220000
v -1.034000 0.685751 -1.420000
v -1.034000 0.685751 2.220000
v -1.020000 0.682000 -1.420000
v -1.020000 0.682000 2.220000
v -1.006000 0.685751 -1.420000
v -1.006000 0.685751 2.220000
v -0.995751 0.696000 -1.420000
v -0.995751 0.696000 2.220000
v -0.992000 0.710000 -1.420000
v -0.992000 0.710000 2.220000
v -0.995751 0.724000 -1.420000
v -0.995751 0.724000 2.220000
v -1.006000 0.734249 -1.420000
v -1.006000 0.734249 2.220000
v -1.020000 0.738000 -1.420000
v -1.020000 0.738000 2.220000
v -1.034000 0.734249 -1.420000
v -1.034000 0.734249 2.220000
v -1.044249 0.724000 -1.420000
v -1.044249 0.724000 2.220000
v 1.130000 0.790000 -0.920000
v 1.250000 0.790000 -0.920000
v 1.250000 1.570000 -0.920000
v 1.130000 1.570000 -0.920000
v 1.130000 0.790000 1.400000
v 1.250000 0.790000 1.400000
v 1.250000 1.570000 1.400000
v 1.130000 1.570000 1.400000
v 1.237500 1.250000 -0.720000
v 1.272500 1.250000 -0.720000
v 1.272500 1.430000 -0.720000
v 1.237500 1.430000 -0.720000
v 1.237500 1.250000 -0.380000
v 1.272500 1.250000 -0.380000
v 1.272500 1.430000 -0.380000
v 1.237500 1.430000 -0.380000
v 1.262500 0.995000 -0.605000
v 1.287500 0.995000 -0.605000
v 1.287500 1.105000 -0.605000
v 1.262500 1.105000 -0.605000
v 1.262500 0.995000 -0.495000
v 1.287500 0.995000 -0.495000
v 1.287500 1.105000 -0.495000
v 1.262500 1.105000 -0.495000
v 1.268000 0.835000 -0.495000
v 1.288000 0.835000 -0.495000
v 1.288000 0.925000 -0.495000
v 1.268000 0.925000 -0.495000
v 1.268000 0.835000 -0.405000
v 1.288000 0.835000 -0.405000
v 1.288000 0.925000 -0.405000
v 1.268000 0.925000 -0.405000
v 1.273000 1.192500 -0.850000
v 1.291000 1.192500 -0.850000
v 1.291000 1.227500 -0.850000
v 1.273000 1.227500 -0.850000
v 1.273000 1.192500 -0.610000
v 1.291000 1.192500 -0.610000
v 1.291000 1.227500 -0.610000
v 1.273000 1.227500 -0.610000
v 1.276000 0.910000 -0.612000
v 1.292000 0.910000 -0.612000
v 1.292000 1.150000 -0.612000
v 1.276000 1.150000 -0.612000
v 1.276000 0.910000 -0.588000
v 1.292000 0.910000 -0.588000
v 1.292000 1.150000 -0.588000
v 1.276000 1.150000 -0.588000
v 1.237500 1.250000 -0.050000
v 1.272500 1.250000 -0.050000
v 1.272500 1.430000 -0.050000
v 1.237500 1.430000 -0.050000
v 1.237500 1.250000 0.290000
v 1.272500 1.250000 0.290000
v 1.272500 1.430000 0.290000
v 1.237500 1.430000 0.290000
v 1.262500 0.995000 0.065000
v 1.287500 0.995000 0.065000
v 1.287500 1.105000 0.065000
v 1.262500 1.105000 0.065000
v 1.262500 0.995000 0.175000
v 1.287500 0.995000 0.175000
v 1.287500 1.105000 0.175000
v 1.262500 1.105000 0.175000
v 1.268000 0.835000 0.175000
v 1.288000 0.835000 0.175000
v 1.288000 0.925000 0.175000
v 1.268000 0.925000 0.175000
v 1.268000 0.835000 0.265000
v 1.288000 0.835000 0.265000
v 1.288000 0.925000 0.265000
v 1.268000 0.925000 0.265000
v 1.273000 1.192500 -0.180000
v 1.291000 1.192500 -0.180000
v 1.291000 1.227500 -0.180000
v 1.273000 1.227500 -0.180000
v 1.273000 1.192500 0.060000
v 1.291000 1.192500 0.060000
v 1.291000 1.227500 0.060000
v 1.273000 1.227500 0.060000
v 1.276000 0.910000 0.058000
v 1.292000 0.910000 0.058000
v 1.292000 1.150000 0.058000
v 1.276000 1.150000 0.058000
v 1.276000 0.910000 0.082000
v 1.292000 0.910000 0.082000
v 1.292000 1.150000 0.082000
v 1.276000 1.150000 0.082000
v 1.237500 1.250000 0.610000
v 1.272500 1.250000 0.610000
v 1.272500 1.430000 0.610000
v 1.237500 1.430000 0.610000
v 1.237500 1.250000 0.950000
v 1.272500 1.250000 0.950000
v 1.272500 1.430000 0.950000
v 1.237500 1.430000 0.950000
v 1.262500 0.995000 0.725000
v 1.287500 0.995000 0.725000
v 1.287500 1.105000 0.725000
v 1.262500 1.105000 0.725000
v 1.262500 0.995000 0.835000
v 1.287500 0.995000 0.835000
v 1.287500 1.105000 0.835000
v 1.262500 1.105000 0.835000
v 1.268000 0.835000 0.835000
v 1.288000 0.835000 0.835000
v 1.288000 0.925000 0.835000
v 1.268000 0.925000 0.835000
v 1.268000 0.835000 0.925000
v 1.288000 0.835000 0.925000
v 1.288000 0.925000 0.925000
v 1.268000 0.925000 0.925000
v 1.273000 1.192500 0.480000
v 1.291000 1.192500 0.480000
v 1.291000 1.227500 0.480000
v 1.273000 1.227500 0.480000
v 1.273000 1.192500 0.720000
v 1.291000 1.192500 0.720000
v 1.291000 1.227500 0.720000
v 1.273000 1.227500 0.720000
v 1.276000 0.910000 0.718000
v 1.292000 0.910000 0.718000
v 1.292000 1.150000 0.718000
v 1.276000 1.150000 0.718000
v 1.276000 0.910000 0.742000
v 1.292000 0.910000 0.742000
v 1.292000 1.150000 0.742000
v 1.276000 1.150000 0.742000
v -0.670000 1.070000 2.660000
v -0.210000 1.070000 2.660000
v -0.210000 1.610000 2.660000
v -0.670000 1.610000 2.660000
v -0.670000 1.070000 2.690000
v -0.210000 1.070000 2.690000
v -0.210000 1.610000 2.690000
v -0.670000 1.610000 2.690000
v -0.700000 0.730000 2.657500
v -0.180000 0.730000 2.657500
v -0.180000 0.830000 2.657500
v -0.700000 0.830000 2.657500
v -0.700000 0.730000 2.692500
v -0.180000 0.730000 2.692500
v -0.180000 0.830000 2.692500
v -0.700000 0.830000 2.692500
v 0.210000 1.070000 2.660000
v 0.670000 1.070000 2.660000
v 0.670000 1.610000 2.660000
v 0.210000 1.610000 2.660000
v 0.210000 1.070000 2.690000
v 0.670000 1.070000 2.690000
v 0.670000 1.610000 2.690000
v 0.210000 1.610000 2.690000
v 0.180000 0.730000 2.657500
v 0.700000 0.730000 2.657500
v 0.700000 0.830000 2.657500
v 0.180000 0.830000 2.657500
v 0.180000 0.730000 2.692500
v 0.700000 0.730000 2.692500
v 0.700000 0.830000 2.692500
v 0.180000 0.830000 2.692500
v -0.590000 1.947500 0.680000
v 0.590000 1.947500 0.680000
v 0.590000 1.982500 0.680000
v -0.590000 1.982500 0.680000
v -0.590000 1.947500 0.960000
v 0.590000 1.947500 0.960000
v 0.590000 1.982500 0.960000
v -0.590000 1.982500 0.960000
v -0.500000 1.947000 -1.830000
v 0.500000 1.947000 -1.830000
v 0.500000 1.977000 -1.830000
v -0.500000 1.977000 -1.830000
v -0.500000 1.947000 -1.610000
v 0.500000 1.947000 -1.610000
v 0.500000 1.977000 -1.610000
v -0.500000 1.977000 -1.610000
v -0.842500 1.837500 -2.950000
v -0.797500 1.837500 -2.950000
v -0.797500 1.882500 -2.950000
v -0.842500 1.882500 -2.950000
v -0.842500 1.837500 2.250000
v -0.797500 1.837500 2.250000
v -0.797500 1.882500 2.250000
v -0.842500 1.882500 2.250000
v 0.797500 1.837500 -2.950000
v 0.842500 1.837500 -2.950000
v 0.842500 1.882500 -2.950000
v 0.797500 1.882500 -2.950000
v 0.797500 1.837500 2.250000
v 0.842500 1.837500 2.250000
v 0.842500 1.882500 2.250000
v 0.797500 1.882500 2.250000
v -0.850000 1.800000 -2.420000
v 0.850000 1.800000 -2.420000
v 0.850000 1.840000 -2.420000
v -0.850000 1.840000 -2.420000
v -0.850000 1.800000 -2.380000
v 0.850000 1.800000 -2.380000
v 0.850000 1.840000 -2.380000
v -0.850000 1.840000 -2.380000
v -0.850000 1.800000 -0.270000
v 0.850000 1.800000 -0.270000
v 0.850000 1.840000 -0.270000
v -0.850000 1.840000 -0.270000
v -0.850000 1.800000 -0.230000
v 0.850000 1.800000 -0.230000
v 0.850000 1.840000 -0.230000
v -0.850000 1.840000 -0.230000
v -0.850000 1.800000 1.540000
v 0.850000 1.800000 1.540000
v 0.850000 1.840000 1.540000
v -0.850000 1.840000 1.540000
v -0.850000 1.800000 1.580000
v 0.850000 1.800000 1.580000
v 0.850000 1.840000 1.580000
v -0.850000 1.840000 1.580000
v -1.291000 1.560000 -3.120000
v -1.265000 1.560000 -3.120000
v -1.265000 1.760000 -3.120000
v -1.291000 1.760000 -3.120000
v -1.291000 1.560000 -2.640000
v -1.265000 1.560000 -2.640000
v -1.265000 1.760000 -2.640000
v -1.291000 1.760000 -2.640000
v 1.265000 1.540000 -1.360000
v 1.291000 1.540000 -1.360000
v 1.291000 1.700000 -1.360000
v 1.265000 1.700000 -1.360000
v 1.265000 1.540000 -0.940000
v 1.291000 1.540000 -0.940000
v 1.291000 1.700000 -0.940000
v 1.265000 1.700000 -0.940000
v 1.267000 1.466000 -1.330000
v 1.291000 1.466000 -1.330000
v 1.291000 1.494000 -1.330000
v 1.267000 1.494000 -1.330000
v 1.267000 1.466000 -0.970000
v 1.291000 1.466000 -0.970000
v 1.291000 1.494000 -0.970000
v 1.267000 1.494000 -0.970000
v -1.291000 1.483000 -2.350000
v -1.267000 1.483000 -2.350000
v -1.267000 1.517000 -2.350000
v -1.291000 1.517000 -2.350000
v -1.291000 1.483000 -2.050000
v -1.267000 1.483000 -2.050000
v -1.267000 1.517000 -2.050000
v -1.291000 1.517000 -2.050000
v -1.291000 1.427000 -2.300000
v -1.267000 1.427000 -2.300000
v -1.267000 1.453000 -2.300000
v -1.291000 1.453000 -2.300000
v -1.291000 1.427000 -2.100000
v -1.267000 1.427000 -2.100000
v -1.267000 1.453000 -2.100000
v -1.291000 1.453000 -2.100000
v -0.600000 0.009000 1.790000
v 0.600000 0.009000 1.790000
v 0.600000 0.027000 1.790000
v -0.600000 0.027000 1.790000
v -0.600000 0.009000 2.050000
v 0.600000 0.009000 2.050000
v 0.600000 0.027000 2.050000
v -0.600000 0.027000 2.050000
vt 0.000000 0.000000
vt 1.000000 0.000000
vt 1.000000 1.000000
vt 0.000000 1.000000
vt 0.000000 0.000000
vt 1.000000 0.000000
vt 1.000000 1.000000
vt 0.000000 1.000000
vt 0.000000 0.000000
vt 1.000000 0.000000
vt 1.000000 1.000000
vt 0.000000 1.000000
vt 0.000000 0.000000
vt 1.000000 0.000000
vt 1.000000 1.000000
vt 0.000000 1.000000
vt 0.000000 0.000000
vt 1.000000 0.000000
vt 1.000000 1.000000
vt 0.000000 1.000000
vt 0.000000 0.000000
vt 1.000000 0.000000
vt 1.000000 1.000000
vt 0.000000 1.000000
vt 0.000000 0.000000
vt 1.000000 0.000000
vt 1.000000 1.000000
vt 0.000000 1.000000
vt 0.000000 0.000000
vt 1.000000 0.000000
vt 1.000000 1.000000
vt 0.000000 1.000000
vt 0.000000 0.000000
vt 1.000000 0.000000
vt 1.000000 1.000000
vt 0.000000 1.000000
vt 0.000000 0.000000
vt 1.000000 0.000000
vt 1.000000 1.000000
vt 0.000000 1.000000
vt 0.000000 0.000000
vt 1.000000 0.000000
vt 1.000000 1.000000
vt 0.000000 1.000000
vt 0.000000 0.000000
vt 1.000000 0.000000
vt 1.000000 1.000000
vt 0.000000 1.000000
vt 0.000000 0.000000
vt 1.000000 0.000000
vt 1.000000 1.000000
vt 0.000000 1.000000
vt 0.000000 0.000000
vt 1.000000 0.000000
vt 1.000000 1.000000
vt 0.000000 1.000000
vt 0.000000 0.000000
vt 1.000000 0.000000
vt 1.000000 1.000000
vt 0.000000 1.000000
vt 0.000000 0.000000
vt 1.000000 0.000000
vt 1.000000 1.000000
vt 0.000000 1.000000
vt 0.000000 0.000000
vt 1.000000 0.000000
vt 1.000000 1.000000
vt 0.000000 1.000000
vt 0.000000 0.000000
vt 1.000000 0.000000
vt 1.000000 1.000000
vt 0.000000 1.000000
vt 0.000000 0.000000
vt 1.000000 0.000000
vt 1.000000 1.000000
vt 0.000000 1.000000
vt 0.000000 0.000000
vt 1.000000 0.000000
vt 1.000000 1.000000
vt 0.000000 1.000000
vt 0.000000 0.000000
vt 1.000000 0.000000
vt 1.000000 1.000000
vt 0.000000 1.000000
vt 0.000000 0.000000
vt 1.000000 0.000000
vt 1.000000 1.000000
vt 0.000000 1.000000
vt 0.000000 0.000000
vt 1.000000 0.000000
vt 1.000000 1.000000
vt 0.000000 1.000000
vt 0.000000 0.000000
vt 1.000000 0.000000
vt 1.000000 1.000000
vt 0.000000 1.000000
vt 0.000000 0.000000
vt 1.000000 0.000000
vt 1.000000 1.000000
vt 0.000000 1.000000
vt 0.000000 0.000000
vt 1.000000 0.000000
vt 1.000000 1.000000
vt 0.000000 1.000000
vt 0.000000 0.000000
vt 1.000000 0.000000
vt 1.000000 1.000000
vt 0.000000 1.000000
vt 0.000000 0.000000
vt 1.000000 0.000000
vt 1.000000 1.000000
vt 0.000000 1.000000
vt 0.000000 0.000000
vt 1.000000 0.000000
vt 1.000000 1.000000
vt 0.000000 1.000000
vt 0.000000 0.000000
vt 1.000000 0.000000
vt 1.000000 1.000000
vt 0.000000 1.000000
vt 0.000000 0.000000
vt 1.000000 0.000000
vt 1.000000 1.000000
vt 0.000000 1.000000
vt 0.000000 0.000000
vt 1.000000 0.000000
vt 1.000000 1.000000
vt 0.000000 1.000000
vt 0.000000 0.000000
vt 1.000000 0.000000
vt 1.000000 1.000000
vt 0.000000 1.000000
vt 0.000000 0.000000
vt 1.000000 0.000000
vt 1.000000 1.000000
vt 0.000000 1.000000
vt 0.000000 0.000000
vt 1.000000 0.000000
vt 1.000000 1.000000
vt 0.000000 1.000000
vt 0.000000 0.000000
vt 1.000000 0.000000
vt 1.000000 1.000000
vt 0.000000 1.000000
vt 0.000000 0.000000
vt 1.000000 0.000000
vt 1.000000 1.000000
vt 0.000000 1.000000
vt 0.000000 0.000000
vt 1.000000 0.000000
vt 1.000000 1.000000
vt 0.000000 1.000000
vt 0.000000 0.000000
vt 1.000000 0.000000
vt 1.000000 1.000000
vt 0.000000 1.000000
vt 0.000000 0.000000
vt 1.000000 0.000000
vt 1.000000 1.000000
vt 0.000000 1.000000
vt 0.000000 0.000000
vt 1.000000 0.000000
vt 1.000000 1.000000
vt 0.000000 1.000000
vt 0.000000 0.000000
vt 1.000000 0.000000
vt 1.000000 1.000000
vt 0.000000 1.000000
vt 0.000000 0.000000
vt 1.000000 0.000000
vt 1.000000 1.000000
vt 0.000000 1.000000
vt 0.000000 0.000000
vt 1.000000 0.000000
vt 1.000000 1.000000
vt 0.000000 1.000000
vt 0.000000 0.000000
vt 1.000000 0.000000
vt 1.000000 1.000000
vt 0.000000 1.000000
vt 0.000000 0.000000
vt 1.000000 0.000000
vt 1.000000 1.000000
vt 0.000000 1.000000
vt 0.000000 0.000000
vt 1.000000 0.000000
vt 1.000000 1.000000
vt 0.000000 1.000000
vt 0.000000 0.000000
vt 1.000000 0.000000
vt 1.000000 1.000000
vt 0.000000 1.000000
vt 0.000000 0.000000
vt 1.000000 0.000000
vt 1.000000 1.000000
vt 0.000000 1.000000
vt 0.000000 0.000000
vt 1.000000 0.000000
vt 1.000000 1.000000
vt 0.000000 1.000000
vt 0.000000 0.000000
vt 1.000000 0.000000
vt 1.000000 1.000000
vt 0.000000 1.000000
vt 0.000000 0.000000
vt 1.000000 0.000000
vt 1.000000 1.000000
vt 0.000000 1.000000
vt 0.000000 0.000000
vt 1.000000 0.000000
vt 1.000000 1.000000
vt 0.000000 1.000000
vt 0.000000 0.000000
vt 1.000000 0.000000
vt 1.000000 1.000000
vt 0.000000 1.000000
vt 0.000000 0.000000
vt 1.000000 0.000000
vt 1.000000 1.000000
vt 0.000000 1.000000
vt 0.000000 0.000000
vt 1.000000 0.000000
vt 1.000000 1.000000
vt 0.000000 1.000000
vt 0.000000 0.000000
vt 1.000000 0.000000
vt 1.000000 1.000000
vt 0.000000 1.000000
vt 0.000000 0.000000
vt 1.000000 0.000000
vt 1.000000 1.000000
vt 0.000000 1.000000
vt 0.000000 0.000000
vt 1.000000 0.000000
vt 1.000000 1.000000
vt 0.000000 1.000000
vt 0.000000 0.000000
vt 1.000000 0.000000
vt 1.000000 1.000000
vt 0.000000 1.000000
vt 0.000000 0.000000
vt 1.000000 0.000000
vt 1.000000 1.000000
vt 0.000000 1.000000
vt 0.000000 0.000000
vt 1.000000 0.000000
vt 1.000000 1.000000
vt 0.000000 1.000000
vt 0.000000 0.000000
vt 1.000000 0.000000
vt 1.000000 1.000000
vt 0.000000 1.000000
vt 0.000000 0.000000
vt 1.000000 0.000000
vt 1.000000 1.000000
vt 0.000000 1.000000
vt 0.000000 0.000000
vt 1.000000 0.000000
vt 1.000000 1.000000
vt 0.000000 1.000000
vt 0.000000 0.000000
vt 1.000000 0.000000
vt 1.000000 1.000000
vt 0.000000 1.000000
vt 0.000000 0.000000
vt 1.000000 0.000000
vt 1.000000 1.000000
vt 0.000000 1.000000
vt 0.000000 0.000000
vt 1.000000 0.000000
vt 1.000000 1.000000
vt 0.000000 1.000000
vt 0.000000 0.000000
vt 1.000000 0.000000
vt 1.000000 1.000000
vt 0.000000 1.000000
vt 0.000000 0.000000
vt 1.000000 0.000000
vt 1.000000 1.000000
vt 0.000000 1.000000
vt 0.000000 0.000000
vt 1.000000 0.000000
vt 1.000000 1.000000
vt 0.000000 1.000000
vt 0.000000 0.000000
vt 1.000000 0.000000
vt 1.000000 1.000000
vt 0.000000 1.000000
vt 0.000000 0.000000
vt 1.000000 0.000000
vt 1.000000 1.000000
vt 0.000000 1.000000
vt 0.000000 0.000000
vt 1.000000 0.000000
vt 1.000000 1.000000
vt 0.000000 1.000000
vt 0.000000 0.000000
vt 1.000000 0.000000
vt 1.000000 1.000000
vt 0.000000 1.000000
vt 0.000000 0.000000
vt 1.000000 0.000000
vt 1.000000 1.000000
vt 0.000000 1.000000
vt 0.000000 0.000000
vt 1.000000 0.000000
vt 1.000000 1.000000
vt 0.000000 1.000000
vt 0.000000 0.000000
vt 1.000000 0.000000
vt 1.000000 1.000000
vt 0.000000 1.000000
vt 0.000000 0.000000
vt 1.000000 0.000000
vt 1.000000 1.000000
vt 0.000000 1.000000
vt 0.000000 0.000000
vt 1.000000 0.000000
vt 1.000000 1.000000
vt 0.000000 1.000000
vt 0.000000 0.000000
vt 1.000000 0.000000
vt 1.000000 1.000000
vt 0.000000 1.000000
vt 0.000000 0.000000
vt 1.000000 0.000000
vt 1.000000 1.000000
vt 0.000000 1.000000
vt 0.000000 0.000000
vt 1.000000 0.000000
vt 1.000000 1.000000
vt 0.000000 1.000000
vt 0.000000 0.000000
vt 1.000000 0.000000
vt 1.000000 1.000000
vt 0.000000 1.000000
vt 0.000000 0.000000
vt 1.000000 0.000000
vt 1.000000 1.000000
vt 0.000000 1.000000
vt 0.000000 0.000000
vt 1.000000 0.000000
vt 1.000000 1.000000
vt 0.000000 1.000000
vt 0.000000 0.000000
vt 1.000000 0.000000
vt 1.000000 1.000000
vt 0.000000 1.000000
vt 0.000000 0.000000
vt 1.000000 0.000000
vt 1.000000 1.000000
vt 0.000000 1.000000
vt 0.000000 0.000000
vt 1.000000 0.000000
vt 1.000000 1.000000
vt 0.000000 1.000000
vt 0.000000 0.000000
vt 1.000000 0.000000
vt 1.000000 1.000000
vt 0.000000 1.000000
vt 0.000000 0.000000
vt 1.000000 0.000000
vt 1.000000 1.000000
vt 0.000000 1.000000
vt 0.000000 0.000000
vt 1.000000 0.000000
vt 1.000000 1.000000
vt 0.000000 1.000000
vt 0.000000 0.000000
vt 1.000000 0.000000
vt 1.000000 1.000000
vt 0.000000 1.000000
vt 0.000000 0.000000
vt 1.000000 0.000000
vt 1.000000 1.000000
vt 0.000000 1.000000
vt 0.000000 0.000000
vt 1.000000 0.000000
vt 1.000000 1.000000
vt 0.000000 1.000000
vt 0.000000 0.000000
vt 1.000000 0.000000
vt 1.000000 1.000000
vt 0.000000 1.000000
vt 0.000000 0.000000
vt 1.000000 0.000000
vt 1.000000 1.000000
vt 0.000000 1.000000
vt 0.000000 0.000000
vt 1.000000 0.000000
vt 1.000000 1.000000
vt 0.000000 1.000000
vt 0.000000 0.000000
vt 1.000000 0.000000
vt 1.000000 1.000000
vt 0.000000 1.000000
vt 0.000000 0.000000
vt 1.000000 0.000000
vt 1.000000 1.000000
vt 0.000000 1.000000
vt 0.000000 0.000000
vt 1.000000 0.000000
vt 1.000000 1.000000
vt 0.000000 1.000000
vt 0.000000 0.000000
vt 1.000000 0.000000
vt 1.000000 1.000000
vt 0.000000 1.000000
vt 0.000000 0.000000
vt 1.000000 0.000000
vt 1.000000 1.000000
vt 0.000000 1.000000
vt 0.000000 0.000000
vt 1.000000 0.000000
vt 1.000000 1.000000
vt 0.000000 1.000000
vt 0.000000 0.000000
vt 1.000000 0.000000
vt 1.000000 1.000000
vt 0.000000 1.000000
vt 0.000000 0.000000
vt 1.000000 0.000000
vt 1.000000 1.000000
vt 0.000000 1.000000
vt 0.000000 0.000000
vt 1.000000 0.000000
vt 1.000000 1.000000
vt 0.000000 1.000000
vt 0.000000 0.000000
vt 1.000000 0.000000
vt 1.000000 1.000000
vt 0.000000 1.000000
vt 0.000000 0.000000
vt 1.000000 0.000000
vt 1.000000 1.000000
vt 0.000000 1.000000
vt 0.000000 0.000000
vt 1.000000 0.000000
vt 1.000000 1.000000
vt 0.000000 1.000000
vt 0.000000 0.000000
vt 1.000000 0.000000
vt 1.000000 1.000000
vt 0.000000 1.000000
vt 0.000000 0.000000
vt 1.000000 0.000000
vt 1.000000 1.000000
vt 0.000000 1.000000
vt 0.000000 0.000000
vt 1.000000 0.000000
vt 1.000000 1.000000
vt 0.000000 1.000000
vt 0.000000 0.000000
vt 1.000000 0.000000
vt 1.000000 1.000000
vt 0.000000 1.000000
vt 0.000000 0.000000
vt 1.000000 0.000000
vt 1.000000 1.000000
vt 0.000000 1.000000
vt 0.000000 0.000000
vt 1.000000 0.000000
vt 1.000000 1.000000
vt 0.000000 1.000000
vt 0.000000 0.000000
vt 1.000000 0.000000
vt 1.000000 1.000000
vt 0.000000 1.000000
vt 0.000000 0.000000
vt 1.000000 0.000000
vt 1.000000 1.000000
vt 0.000000 1.000000
vt 0.000000 0.000000
vt 1.000000 0.000000
vt 1.000000 1.000000
vt 0.000000 1.000000
vt 0.000000 0.000000
vt 1.000000 0.000000
vt 1.000000 1.000000
vt 0.000000 1.000000
vt 0.000000 0.000000
vt 1.000000 0.000000
vt 1.000000 1.000000
vt 0.000000 1.000000
vt 0.000000 0.000000
vt 1.000000 0.000000
vt 1.000000 1.000000
vt 0.000000 1.000000
vt 0.000000 0.000000
vt 1.000000 0.000000
vt 1.000000 1.000000
vt 0.000000 1.000000
vt 0.000000 0.000000
vt 1.000000 0.000000
vt 1.000000 1.000000
vt 0.000000 1.000000
vt 0.000000 0.000000
vt 1.000000 0.000000
vt 1.000000 1.000000
vt 0.000000 1.000000
vt 0.000000 0.000000
vt 1.000000 0.000000
vt 1.000000 1.000000
vt 0.000000 1.000000
vt 0.000000 0.000000
vt 1.000000 0.000000
vt 1.000000 1.000000
vt 0.000000 1.000000
vt 0.000000 0.000000
vt 1.000000 0.000000
vt 1.000000 1.000000
vt 0.000000 1.000000
vt 0.000000 0.000000
vt 1.000000 0.000000
vt 1.000000 1.000000
vt 0.000000 1.000000
vt 0.000000 0.000000
vt 1.000000 0.000000
vt 1.000000 1.000000
vt 0.000000 1.000000
vt 0.000000 0.000000
vt 1.000000 0.000000
vt 1.000000 1.000000
vt 0.000000 1.000000
vt 0.000000 0.000000
vt 1.000000 0.000000
vt 1.000000 1.000000
vt 0.000000 1.000000
vt 0.000000 0.000000
vt 1.000000 0.000000
vt 1.000000 1.000000
vt 0.000000 1.000000
vt 0.000000 0.000000
vt 1.000000 0.000000
vt 1.000000 1.000000
vt 0.000000 1.000000
vt 0.000000 0.000000
vt 1.000000 0.000000
vt 1.000000 1.000000
vt 0.000000 1.000000
vt 0.000000 0.000000
vt 1.000000 0.000000
vt 1.000000 1.000000
vt 0.000000 1.000000
vt 0.000000 0.000000
vt 1.000000 0.000000
vt 1.000000 1.000000
vt 0.000000 1.000000
vt 0.000000 0.000000
vt 1.000000 0.000000
vt 1.000000 1.000000
vt 0.000000 1.000000
vt 0.000000 0.000000
vt 1.000000 0.000000
vt 1.000000 1.000000
vt 0.000000 1.000000
vt 0.000000 0.000000
vt 1.000000 0.000000
vt 1.000000 1.000000
vt 0.000000 1.000000
vt 0.000000 0.000000
vt 1.000000 0.000000
vt 1.000000 1.000000
vt 0.000000 1.000000
vt 0.000000 0.000000
vt 1.000000 0.000000
vt 1.000000 1.000000
vt 0.000000 1.000000
vt 0.000000 0.000000
vt 1.000000 0.000000
vt 1.000000 1.000000
vt 0.000000 1.000000
vt 0.000000 0.000000
vt 1.000000 0.000000
vt 1.000000 1.000000
vt 0.000000 1.000000
vt 0.000000 0.000000
vt 1.000000 0.000000
vt 1.000000 1.000000
vt 0.000000 1.000000
vt 0.000000 0.000000
vt 1.000000 0.000000
vt 1.000000 1.000000
vt 0.000000 1.000000
vt 0.000000 0.000000
vt 1.000000 0.000000
vt 1.000000 1.000000
vt 0.000000 1.000000
vt 0.000000 0.000000
vt 1.000000 0.000000
vt 1.000000 1.000000
vt 0.000000 1.000000
vt 0.000000 0.000000
vt 1.000000 0.000000
vt 1.000000 1.000000
vt 0.000000 1.000000
vt 0.000000 0.000000
vt 1.000000 0.000000
vt 1.000000 1.000000
vt 0.000000 1.000000
vt 0.000000 0.000000
vt 1.000000 0.000000
vt 1.000000 1.000000
vt 0.000000 1.000000
vt 0.000000 0.000000
vt 1.000000 0.000000
vt 1.000000 1.000000
vt 0.000000 1.000000
vt 0.000000 0.000000
vt 1.000000 0.000000
vt 1.000000 1.000000
vt 0.000000 1.000000
vt 0.000000 0.000000
vt 1.000000 0.000000
vt 1.000000 1.000000
vt 0.000000 1.000000
vt 0.000000 0.000000
vt 1.000000 0.000000
vt 1.000000 1.000000
vt 0.000000 1.000000
vt 0.000000 0.000000
vt 1.000000 0.000000
vt 1.000000 1.000000
vt 0.000000 1.000000
vt 0.000000 0.000000
vt 1.000000 0.000000
vt 1.000000 1.000000
vt 0.000000 1.000000
vt 0.000000 0.000000
vt 1.000000 0.000000
vt 1.000000 1.000000
vt 0.000000 1.000000
vt 0.000000 0.000000
vt 1.000000 0.000000
vt 1.000000 1.000000
vt 0.000000 1.000000
vt 0.000000 0.000000
vt 1.000000 0.000000
vt 1.000000 1.000000
vt 0.000000 1.000000
vt 0.000000 0.000000
vt 1.000000 0.000000
vt 1.000000 1.000000
vt 0.000000 1.000000
vt 0.000000 0.000000
vt 1.000000 0.000000
vt 1.000000 1.000000
vt 0.000000 1.000000
vt 0.000000 0.000000
vt 1.000000 0.000000
vt 1.000000 1.000000
vt 0.000000 1.000000
vt 0.000000 0.000000
vt 1.000000 0.000000
vt 1.000000 1.000000
vt 0.000000 1.000000
vt 0.000000 0.000000
vt 1.000000 0.000000
vt 1.000000 1.000000
vt 0.000000 1.000000
vt 0.000000 0.000000
vt 1.000000 0.000000
vt 1.000000 1.000000
vt 0.000000 1.000000
vt 0.000000 0.000000
vt 1.000000 0.000000
vt 1.000000 1.000000
vt 0.000000 1.000000
vt 0.000000 0.000000
vt 1.000000 0.000000
vt 1.000000 1.000000
vt 0.000000 1.000000
vt 0.000000 0.000000
vt 1.000000 0.000000
vt 1.000000 1.000000
vt 0.000000 1.000000
vt 0.000000 0.000000
vt 1.000000 0.000000
vt 1.000000 1.000000
vt 0.000000 1.000000
vt 0.000000 0.000000
vt 1.000000 0.000000
vt 1.000000 1.000000
vt 0.000000 1.000000
vt 0.000000 0.000000
vt 1.000000 0.000000
vt 1.000000 1.000000
vt 0.000000 1.000000
vt 0.000000 0.000000
vt 1.000000 0.000000
vt 1.000000 1.000000
vt 0.000000 1.000000
vt 0.000000 0.000000
vt 1.000000 0.000000
vt 1.000000 1.000000
vt 0.000000 1.000000
vt 0.000000 0.000000
vt 1.000000 0.000000
vt 1.000000 1.000000
vt 0.000000 1.000000
vt 0.000000 0.000000
vt 1.000000 0.000000
vt 1.000000 1.000000
vt 0.000000 1.000000
vt 0.000000 0.000000
vt 1.000000 0.000000
vt 1.000000 1.000000
vt 0.000000 1.000000
vt 0.000000 0.000000
vt 1.000000 0.000000
vt 1.000000 1.000000
vt 0.000000 1.000000
vt 0.000000 0.000000
vt 1.000000 0.000000
vt 1.000000 1.000000
vt 0.000000 1.000000
vt 0.000000 0.000000
vt 1.000000 0.000000
vt 1.000000 1.000000
vt 0.000000 1.000000
vt 0.000000 0.000000
vt 1.000000 0.000000
vt 1.000000 1.000000
vt 0.000000 1.000000
vt 0.000000 0.000000
vt 1.000000 0.000000
vt 1.000000 1.000000
vt 0.000000 1.000000
vt 0.000000 0.000000
vt 1.000000 0.000000
vt 1.000000 1.000000
vt 0.000000 1.000000
vt 0.000000 0.000000
vt 1.000000 0.000000
vt 1.000000 1.000000
vt 0.000000 1.000000
vt 0.000000 0.000000
vt 1.000000 0.000000
vt 1.000000 1.000000
vt 0.000000 1.000000
vt 0.000000 0.000000
vt 1.000000 0.000000
vt 1.000000 1.000000
vt 0.000000 1.000000
vt 0.000000 0.000000
vt 1.000000 0.000000
vt 1.000000 1.000000
vt 0.000000 1.000000
vt 0.000000 0.000000
vt 1.000000 0.000000
vt 1.000000 1.000000
vt 0.000000 1.000000
vt 0.000000 0.000000
vt 1.000000 0.000000
vt 1.000000 1.000000
vt 0.000000 1.000000
vt 0.000000 0.000000
vt 1.000000 0.000000
vt 1.000000 1.000000
vt 0.000000 1.000000
vt 0.000000 0.000000
vt 1.000000 0.000000
vt 1.000000 1.000000
vt 0.000000 1.000000
vt 0.000000 0.000000
vt 1.000000 0.000000
vt 1.000000 1.000000
vt 0.000000 1.000000
vt 0.000000 0.000000
vt 1.000000 0.000000
vt 1.000000 1.000000
vt 0.000000 1.000000
vt 0.000000 0.000000
vt 1.000000 0.000000
vt 1.000000 1.000000
vt 0.000000 1.000000
vt 0.000000 0.000000
vt 1.000000 0.000000
vt 1.000000 1.000000
vt 0.000000 1.000000
vt 0.000000 0.000000
vt 1.000000 0.000000
vt 1.000000 1.000000
vt 0.000000 1.000000
vt 0.000000 0.000000
vt 1.000000 0.000000
vt 1.000000 1.000000
vt 0.000000 1.000000
vt 0.000000 0.000000
vt 1.000000 0.000000
vt 1.000000 1.000000
vt 0.000000 1.000000
vt 0.000000 0.000000
vt 1.000000 0.000000
vt 1.000000 1.000000
vt 0.000000 1.000000
vt 0.000000 0.000000
vt 1.000000 0.000000
vt 1.000000 1.000000
vt 0.000000 1.000000
vt 0.000000 0.000000
vt 1.000000 0.000000
vt 1.000000 1.000000
vt 0.000000 1.000000
vt 0.000000 0.000000
vt 1.000000 0.000000
vt 1.000000 1.000000
vt 0.000000 1.000000
vt 0.000000 0.000000
vt 1.000000 0.000000
vt 1.000000 1.000000
vt 0.000000 1.000000
vt 0.000000 0.000000
vt 1.000000 0.000000
vt 1.000000 1.000000
vt 0.000000 1.000000
vt 0.000000 0.000000
vt 1.000000 0.000000
vt 1.000000 1.000000
vt 0.000000 1.000000
vt 0.000000 0.000000
vt 1.000000 0.000000
vt 1.000000 1.000000
vt 0.000000 1.000000
vt 0.000000 0.000000
vt 1.000000 0.000000
vt 1.000000 1.000000
vt 0.000000 1.000000
vt 0.000000 0.000000
vt 1.000000 0.000000
vt 1.000000 1.000000
vt 0.000000 1.000000
vt 0.000000 0.000000
vt 1.000000 0.000000
vt 1.000000 1.000000
vt 0.000000 1.000000
vt 0.000000 0.000000
vt 1.000000 0.000000
vt 1.000000 1.000000
vt 0.000000 1.000000
vt 0.000000 0.000000
vt 1.000000 0.000000
vt 1.000000 1.000000
vt 0.000000 1.000000
vt 0.000000 0.000000
vt 1.000000 0.000000
vt 1.000000 1.000000
vt 0.000000 1.000000
vt 0.000000 0.000000
vt 1.000000 0.000000
vt 1.000000 1.000000
vt 0.000000 1.000000
vt 0.000000 0.000000
vt 1.000000 0.000000
vt 1.000000 1.000000
vt 0.000000 1.000000
vt 0.000000 0.000000
vt 1.000000 0.000000
vt 1.000000 1.000000
vt 0.000000 1.000000
vt 0.000000 0.000000
vt 1.000000 0.000000
vt 1.000000 1.000000
vt 0.000000 1.000000
vt 0.000000 0.000000
vt 1.000000 0.000000
vt 1.000000 1.000000
vt 0.000000 1.000000
vt 0.000000 0.000000
vt 1.000000 0.000000
vt 1.000000 1.000000
vt 0.000000 1.000000
vt 0.000000 0.000000
vt 1.000000 0.000000
vt 1.000000 1.000000
vt 0.000000 1.000000
vt 0.000000 0.000000
vt 1.000000 0.000000
vt 1.000000 1.000000
vt 0.000000 1.000000
vt 0.000000 0.000000
vt 1.000000 0.000000
vt 1.000000 1.000000
vt 0.000000 1.000000
vt 0.000000 0.000000
vt 1.000000 0.000000
vt 1.000000 1.000000
vt 0.000000 1.000000
vt 0.000000 0.000000
vt 1.000000 0.000000
vt 1.000000 1.000000
vt 0.000000 1.000000
vt 0.000000 0.000000
vt 1.000000 0.000000
vt 1.000000 1.000000
vt 0.000000 1.000000
vt 0.000000 0.000000
vt 1.000000 0.000000
vt 1.000000 1.000000
vt 0.000000 1.000000
vt 0.000000 0.000000
vt 1.000000 0.000000
vt 1.000000 1.000000
vt 0.000000 1.000000
vt 0.000000 0.000000
vt 1.000000 0.000000
vt 1.000000 1.000000
vt 0.000000 1.000000
vt 0.000000 0.000000
vt 1.000000 0.000000
vt 1.000000 1.000000
vt 0.000000 1.000000
vt 0.000000 0.000000
vt 1.000000 0.000000
vt 1.000000 1.000000
vt 0.000000 1.000000
vt 0.000000 0.000000
vt 1.000000 0.000000
vt 1.000000 1.000000
vt 0.000000 1.000000
vt 0.000000 0.000000
vt 1.000000 0.000000
vt 1.000000 1.000000
vt 0.000000 1.000000
vt 0.000000 0.000000
vt 1.000000 0.000000
vt 1.000000 1.000000
vt 0.000000 1.000000
vt 0.000000 0.000000
vt 1.000000 0.000000
vt 1.000000 1.000000
vt 0.000000 1.000000
vt 0.000000 0.000000
vt 1.000000 0.000000
vt 1.000000 1.000000
vt 0.000000 1.000000
vt 0.000000 0.000000
vt 1.000000 0.000000
vt 1.000000 1.000000
vt 0.000000 1.000000
vt 0.000000 0.000000
vt 1.000000 0.000000
vt 1.000000 1.000000
vt 0.000000 1.000000
vt 0.000000 0.000000
vt 1.000000 0.000000
vt 1.000000 1.000000
vt 0.000000 1.000000
vt 0.000000 0.000000
vt 1.000000 0.000000
vt 1.000000 1.000000
vt 0.000000 1.000000
vt 0.000000 0.000000
vt 1.000000 0.000000
vt 1.000000 1.000000
vt 0.000000 1.000000
vt 0.000000 0.000000
vt 1.000000 0.000000
vt 1.000000 1.000000
vt 0.000000 1.000000
vt 0.000000 0.000000
vt 1.000000 0.000000
vt 1.000000 1.000000
vt 0.000000 1.000000
vt 0.000000 0.000000
vt 1.000000 0.000000
vt 1.000000 1.000000
vt 0.000000 1.000000
vt 0.000000 0.000000
vt 1.000000 0.000000
vt 1.000000 1.000000
vt 0.000000 1.000000
vt 0.000000 0.000000
vt 1.000000 0.000000
vt 1.000000 1.000000
vt 0.000000 1.000000
vt 0.000000 0.000000
vt 1.000000 0.000000
vt 1.000000 1.000000
vt 0.000000 1.000000
vt 0.000000 0.000000
vt 1.000000 0.000000
vt 1.000000 1.000000
vt 0.000000 1.000000
vt 0.000000 0.000000
vt 1.000000 0.000000
vt 1.000000 1.000000
vt 0.000000 1.000000
vt 0.000000 0.000000
vt 1.000000 0.000000
vt 1.000000 1.000000
vt 0.000000 1.000000
vt 0.000000 0.000000
vt 1.000000 0.000000
vt 1.000000 1.000000
vt 0.000000 1.000000
vt 0.000000 0.000000
vt 1.000000 0.000000
vt 1.000000 1.000000
vt 0.000000 1.000000
vt 0.000000 0.000000
vt 1.000000 0.000000
vt 1.000000 1.000000
vt 0.000000 1.000000
vt 0.000000 0.000000
vt 1.000000 0.000000
vt 1.000000 1.000000
vt 0.000000 1.000000
vt 0.000000 0.000000
vt 1.000000 0.000000
vt 1.000000 1.000000
vt 0.000000 1.000000
vt 0.000000 0.000000
vt 1.000000 0.000000
vt 1.000000 1.000000
vt 0.000000 1.000000
vt 0.000000 0.000000
vt 1.000000 0.000000
vt 1.000000 1.000000
vt 0.000000 1.000000
vt 0.000000 0.000000
vt 1.000000 0.000000
vt 1.000000 1.000000
vt 0.000000 1.000000
vt 0.000000 0.000000
vt 1.000000 0.000000
vt 1.000000 1.000000
vt 0.000000 1.000000
vt 0.000000 0.000000
vt 1.000000 0.000000
vt 1.000000 1.000000
vt 0.000000 1.000000
vt 1.000000 0.500000
vt 0.933013 0.750000
vt 0.750000 0.933013
vt 0.500000 1.000000
vt 0.250000 0.933013
vt 0.066987 0.750000
vt 0.000000 0.500000
vt 0.066987 0.250000
vt 0.250000 0.066987
vt 0.500000 0.000000
vt 0.750000 0.066987
vt 0.933013 0.250000
vt 1.000000 0.500000
vt 0.933013 0.750000
vt 0.750000 0.933013
vt 0.500000 1.000000
vt 0.250000 0.933013
vt 0.066987 0.750000
vt 0.000000 0.500000
vt 0.066987 0.250000
vt 0.250000 0.066987
vt 0.500000 0.000000
vt 0.750000 0.066987
vt 0.933013 0.250000
vt 0.000000 0.000000
vt 1.000000 0.000000
vt 1.000000 1.000000
vt 0.000000 1.000000
vt 0.000000 0.000000
vt 1.000000 0.000000
vt 1.000000 1.000000
vt 0.000000 1.000000
vt 0.000000 0.000000
vt 1.000000 0.000000
vt 1.000000 1.000000
vt 0.000000 1.000000
vt 0.000000 0.000000
vt 1.000000 0.000000
vt 1.000000 1.000000
vt 0.000000 1.000000
vt 0.000000 0.000000
vt 1.000000 0.000000
vt 1.000000 1.000000
vt 0.000000 1.000000
vt 0.000000 0.000000
vt 1.000000 0.000000
vt 1.000000 1.000000
vt 0.000000 1.000000
vt 0.000000 0.000000
vt 1.000000 0.000000
vt 1.000000 1.000000
vt 0.000000 1.000000
vt 0.000000 0.000000
vt 1.000000 0.000000
vt 1.000000 1.000000
vt 0.000000 1.000000
vt 0.000000 0.000000
vt 1.000000 0.000000
vt 1.000000 1.000000
vt 0.000000 1.000000
vt 0.000000 0.000000
vt 1.000000 0.000000
vt 1.000000 1.000000
vt 0.000000 1.000000
vt 0.000000 0.000000
vt 1.000000 0.000000
vt 1.000000 1.000000
vt 0.000000 1.000000
vt 0.000000 0.000000
vt 1.000000 0.000000
vt 1.000000 1.000000
vt 0.000000 1.000000
vt 1.000000 0.500000
vt 0.933013 0.750000
vt 0.750000 0.933013
vt 0.500000 1.000000
vt 0.250000 0.933013
vt 0.066987 0.750000
vt 0.000000 0.500000
vt 0.066987 0.250000
vt 0.250000 0.066987
vt 0.500000 0.000000
vt 0.750000 0.066987
vt 0.933013 0.250000
vt 1.000000 0.500000
vt 0.933013 0.750000
vt 0.750000 0.933013
vt 0.500000 1.000000
vt 0.250000 0.933013
vt 0.066987 0.750000
vt 0.000000 0.500000
vt 0.066987 0.250000
vt 0.250000 0.066987
vt 0.500000 0.000000
vt 0.750000 0.066987
vt 0.933013 0.250000
vt 0.000000 0.000000
vt 1.000000 0.000000
vt 1.000000 1.000000
vt 0.000000 1.000000
vt 0.000000 0.000000
vt 1.000000 0.000000
vt 1.000000 1.000000
vt 0.000000 1.000000
vt 0.000000 0.000000
vt 1.000000 0.000000
vt 1.000000 1.000000
vt 0.000000 1.000000
vt 0.000000 0.000000
vt 1.000000 0.000000
vt 1.000000 1.000000
vt 0.000000 1.000000
vt 0.000000 0.000000
vt 1.000000 0.000000
vt 1.000000 1.000000
vt 0.000000 1.000000
vt 0.000000 0.000000
vt 1.000000 0.000000
vt 1.000000 1.000000
vt 0.000000 1.000000
vt 0.000000 0.000000
vt 1.000000 0.000000
vt 1.000000 1.000000
vt 0.000000 1.000000
vt 0.000000 0.000000
vt 1.000000 0.000000
vt 1.000000 1.000000
vt 0.000000 1.000000
vt 0.000000 0.000000
vt 1.000000 0.000000
vt 1.000000 1.000000
vt 0.000000 1.000000
vt 0.000000 0.000000
vt 1.000000 0.000000
vt 1.000000 1.000000
vt 0.000000 1.000000
vt 0.000000 0.000000
vt 1.000000 0.000000
vt 1.000000 1.000000
vt 0.000000 1.000000
vt 0.000000 0.000000
vt 1.000000 0.000000
vt 1.000000 1.000000
vt 0.000000 1.000000
vt 1.000000 0.500000
vt 0.933013 0.750000
vt 0.750000 0.933013
vt 0.500000 1.000000
vt 0.250000 0.933013
vt 0.066987 0.750000
vt 0.000000 0.500000
vt 0.066987 0.250000
vt 0.250000 0.066987
vt 0.500000 0.000000
vt 0.750000 0.066987
vt 0.933013 0.250000
vt 1.000000 0.500000
vt 0.933013 0.750000
vt 0.750000 0.933013
vt 0.500000 1.000000
vt 0.250000 0.933013
vt 0.066987 0.750000
vt 0.000000 0.500000
vt 0.066987 0.250000
vt 0.250000 0.066987
vt 0.500000 0.000000
vt 0.750000 0.066987
vt 0.933013 0.250000
vt 0.000000 0.000000
vt 1.000000 0.000000
vt 1.000000 1.000000
vt 0.000000 1.000000
vt 0.000000 0.000000
vt 1.000000 0.000000
vt 1.000000 1.000000
vt 0.000000 1.000000
vt 0.000000 0.000000
vt 1.000000 0.000000
vt 1.000000 1.000000
vt 0.000000 1.000000
vt 0.000000 0.000000
vt 1.000000 0.000000
vt 1.000000 1.000000
vt 0.000000 1.000000
vt 0.000000 0.000000
vt 1.000000 0.000000
vt 1.000000 1.000000
vt 0.000000 1.000000
vt 0.000000 0.000000
vt 1.000000 0.000000
vt 1.000000 1.000000
vt 0.000000 1.000000
vt 0.000000 0.000000
vt 1.000000 0.000000
vt 1.000000 1.000000
vt 0.000000 1.000000
vt 0.000000 0.000000
vt 1.000000 0.000000
vt 1.000000 1.000000
vt 0.000000 1.000000
vt 0.000000 0.000000
vt 1.000000 0.000000
vt 1.000000 1.000000
vt 0.000000 1.000000
vt 0.000000 0.000000
vt 1.000000 0.000000
vt 1.000000 1.000000
vt 0.000000 1.000000
vt 0.000000 0.000000
vt 1.000000 0.000000
vt 1.000000 1.000000
vt 0.000000 1.000000
vt 0.000000 0.000000
vt 1.000000 0.000000
vt 1.000000 1.000000
vt 0.000000 1.000000
vt 1.000000 0.500000
vt 0.933013 0.750000
vt 0.750000 0.933013
vt 0.500000 1.000000
vt 0.250000 0.933013
vt 0.066987 0.750000
vt 0.000000 0.500000
vt 0.066987 0.250000
vt 0.250000 0.066987
vt 0.500000 0.000000
vt 0.750000 0.066987
vt 0.933013 0.250000
vt 1.000000 0.500000
vt 0.933013 0.750000
vt 0.750000 0.933013
vt 0.500000 1.000000
vt 0.250000 0.933013
vt 0.066987 0.750000
vt 0.000000 0.500000
vt 0.066987 0.250000
vt 0.250000 0.066987
vt 0.500000 0.000000
vt 0.750000 0.066987
vt 0.933013 0.250000
vt 0.000000 0.000000
vt 1.000000 0.000000
vt 1.000000 1.000000
vt 0.000000 1.000000
vt 0.000000 0.000000
vt 1.000000 0.000000
vt 1.000000 1.000000
vt 0.000000 1.000000
vt 0.000000 0.000000
vt 1.000000 0.000000
vt 1.000000 1.000000
vt 0.000000 1.000000
vt 0.000000 0.000000
vt 1.000000 0.000000
vt 1.000000 1.000000
vt 0.000000 1.000000
vt 0.000000 0.000000
vt 1.000000 0.000000
vt 1.000000 1.000000
vt 0.000000 1.000000
vt 0.000000 0.000000
vt 1.000000 0.000000
vt 1.000000 1.000000
vt 0.000000 1.000000
vt 0.000000 0.000000
vt 1.000000 0.000000
vt 1.000000 1.000000
vt 0.000000 1.000000
vt 0.000000 0.000000
vt 1.000000 0.000000
vt 1.000000 1.000000
vt 0.000000 1.000000
vt 0.000000 0.000000
vt 1.000000 0.000000
vt 1.000000 1.000000
vt 0.000000 1.000000
vt 0.000000 0.000000
vt 1.000000 0.000000
vt 1.000000 1.000000
vt 0.000000 1.000000
vt 0.000000 0.000000
vt 1.000000 0.000000
vt 1.000000 1.000000
vt 0.000000 1.000000
vt 0.000000 0.000000
vt 1.000000 0.000000
vt 1.000000 1.000000
vt 0.000000 1.000000
vt 1.000000 0.500000
vt 0.933013 0.750000
vt 0.750000 0.933013
vt 0.500000 1.000000
vt 0.250000 0.933013
vt 0.066987 0.750000
vt 0.000000 0.500000
vt 0.066987 0.250000
vt 0.250000 0.066987
vt 0.500000 0.000000
vt 0.750000 0.066987
vt 0.933013 0.250000
vt 1.000000 0.500000
vt 0.933013 0.750000
vt 0.750000 0.933013
vt 0.500000 1.000000
vt 0.250000 0.933013
vt 0.066987 0.750000
vt 0.000000 0.500000
vt 0.066987 0.250000
vt 0.250000 0.066987
vt 0.500000 0.000000
vt 0.750000 0.066987
vt 0.933013 0.250000
vt 0.000000 0.000000
vt 1.000000 0.000000
vt 1.000000 1.000000
vt 0.000000 1.000000
vt 0.000000 0.000000
vt 1.000000 0.000000
vt 1.000000 1.000000
vt 0.000000 1.000000
vt 0.000000 0.000000
vt 1.000000 0.000000
vt 1.000000 1.000000
vt 0.000000 1.000000
vt 0.000000 0.000000
vt 1.000000 0.000000
vt 1.000000 1.000000
vt 0.000000 1.000000
vt 0.000000 0.000000
vt 1.000000 0.000000
vt 1.000000 1.000000
vt 0.000000 1.000000
vt 0.000000 0.000000
vt 1.000000 0.000000
vt 1.000000 1.000000
vt 0.000000 1.000000
vt 0.000000 0.000000
vt 1.000000 0.000000
vt 1.000000 1.000000
vt 0.000000 1.000000
vt 0.000000 0.000000
vt 1.000000 0.000000
vt 1.000000 1.000000
vt 0.000000 1.000000
vt 0.000000 0.000000
vt 1.000000 0.000000
vt 1.000000 1.000000
vt 0.000000 1.000000
vt 0.000000 0.000000
vt 1.000000 0.000000
vt 1.000000 1.000000
vt 0.000000 1.000000
vt 0.000000 0.000000
vt 1.000000 0.000000
vt 1.000000 1.000000
vt 0.000000 1.000000
vt 0.000000 0.000000
vt 1.000000 0.000000
vt 1.000000 1.000000
vt 0.000000 1.000000
vt 0.000000 0.000000
vt 1.000000 0.000000
vt 1.000000 1.000000
vt 0.000000 1.000000
vt 0.000000 0.000000
vt 1.000000 0.000000
vt 1.000000 1.000000
vt 0.000000 1.000000
vt 0.000000 0.000000
vt 1.000000 0.000000
vt 1.000000 1.000000
vt 0.000000 1.000000
vt 0.000000 0.000000
vt 1.000000 0.000000
vt 1.000000 1.000000
vt 0.000000 1.000000
vt 0.000000 0.000000
vt 1.000000 0.000000
vt 1.000000 1.000000
vt 0.000000 1.000000
vt 0.000000 0.000000
vt 1.000000 0.000000
vt 1.000000 1.000000
vt 0.000000 1.000000
vt 0.000000 0.000000
vt 1.000000 0.000000
vt 1.000000 1.000000
vt 0.000000 1.000000
vt 0.000000 0.000000
vt 1.000000 0.000000
vt 1.000000 1.000000
vt 0.000000 1.000000
vt 0.000000 0.000000
vt 1.000000 0.000000
vt 1.000000 1.000000
vt 0.000000 1.000000
vt 0.000000 0.000000
vt 1.000000 0.000000
vt 1.000000 1.000000
vt 0.000000 1.000000
vt 0.000000 0.000000
vt 1.000000 0.000000
vt 1.000000 1.000000
vt 0.000000 1.000000
vt 0.000000 0.000000
vt 1.000000 0.000000
vt 1.000000 1.000000
vt 0.000000 1.000000
vt 0.000000 0.000000
vt 1.000000 0.000000
vt 1.000000 1.000000
vt 0.000000 1.000000
vt 0.000000 0.000000
vt 1.000000 0.000000
vt 1.000000 1.000000
vt 0.000000 1.000000
vt 0.000000 0.000000
vt 1.000000 0.000000
vt 1.000000 1.000000
vt 0.000000 1.000000
vt 0.000000 0.000000
vt 1.000000 0.000000
vt 1.000000 1.000000
vt 0.000000 1.000000
vt 0.000000 0.000000
vt 1.000000 0.000000
vt 1.000000 1.000000
vt 0.000000 1.000000
vt 0.000000 0.000000
vt 1.000000 0.000000
vt 1.000000 1.000000
vt 0.000000 1.000000
vt 0.000000 0.000000
vt 1.000000 0.000000
vt 1.000000 1.000000
vt 0.000000 1.000000
vt 0.000000 0.000000
vt 1.000000 0.000000
vt 1.000000 1.000000
vt 0.000000 1.000000
vt 0.000000 0.000000
vt 1.000000 0.000000
vt 1.000000 1.000000
vt 0.000000 1.000000
vt 0.000000 0.000000
vt 1.000000 0.000000
vt 1.000000 1.000000
vt 0.000000 1.000000
vt 0.000000 0.000000
vt 1.000000 0.000000
vt 1.000000 1.000000
vt 0.000000 1.000000
vt 0.000000 0.000000
vt 1.000000 0.000000
vt 1.000000 1.000000
vt 0.000000 1.000000
vt 0.000000 0.000000
vt 1.000000 0.000000
vt 1.000000 1.000000
vt 0.000000 1.000000
vt 0.000000 0.000000
vt 1.000000 0.000000
vt 1.000000 1.000000
vt 0.000000 1.000000
vt 0.000000 0.000000
vt 1.000000 0.000000
vt 1.000000 1.000000
vt 0.000000 1.000000
vt 0.000000 0.000000
vt 1.000000 0.000000
vt 1.000000 1.000000
vt 0.000000 1.000000
vt 0.000000 0.000000
vt 1.000000 0.000000
vt 1.000000 1.000000
vt 0.000000 1.000000
vt 0.000000 0.000000
vt 1.000000 0.000000
vt 1.000000 1.000000
vt 0.000000 1.000000
vt 0.000000 0.000000
vt 1.000000 0.000000
vt 1.000000 1.000000
vt 0.000000 1.000000
vt 0.000000 0.000000
vt 1.000000 0.000000
vt 1.000000 1.000000
vt 0.000000 1.000000
vt 0.000000 0.000000
vt 1.000000 0.000000
vt 1.000000 1.000000
vt 0.000000 1.000000
vt 0.000000 0.000000
vt 1.000000 0.000000
vt 1.000000 1.000000
vt 0.000000 1.000000
vt 0.000000 0.000000
vt 1.000000 0.000000
vt 1.000000 1.000000
vt 0.000000 1.000000
vt 0.000000 0.000000
vt 1.000000 0.000000
vt 1.000000 1.000000
vt 0.000000 1.000000
vt 0.000000 0.000000
vt 1.000000 0.000000
vt 1.000000 1.000000
vt 0.000000 1.000000
vt 0.000000 0.000000
vt 1.000000 0.000000
vt 1.000000 1.000000
vt 0.000000 1.000000
vt 0.000000 0.000000
vt 1.000000 0.000000
vt 1.000000 1.000000
vt 0.000000 1.000000
vt 0.000000 0.000000
vt 1.000000 0.000000
vt 1.000000 1.000000
vt 0.000000 1.000000
vt 0.000000 0.000000
vt 1.000000 0.000000
vt 1.000000 1.000000
vt 0.000000 1.000000
vt 0.000000 0.000000
vt 1.000000 0.000000
vt 1.000000 1.000000
vt 0.000000 1.000000
vt 0.000000 0.000000
vt 1.000000 0.000000
vt 1.000000 1.000000
vt 0.000000 1.000000
vt 0.000000 0.000000
vt 1.000000 0.000000
vt 1.000000 1.000000
vt 0.000000 1.000000
vt 0.000000 0.000000
vt 1.000000 0.000000
vt 1.000000 1.000000
vt 0.000000 1.000000
vt 0.000000 0.000000
vt 1.000000 0.000000
vt 1.000000 1.000000
vt 0.000000 1.000000
vt 0.000000 0.000000
vt 1.000000 0.000000
vt 1.000000 1.000000
vt 0.000000 1.000000
vt 0.000000 0.000000
vt 1.000000 0.000000
vt 1.000000 1.000000
vt 0.000000 1.000000
vt 0.000000 0.000000
vt 1.000000 0.000000
vt 1.000000 1.000000
vt 0.000000 1.000000
vt 0.000000 0.000000
vt 1.000000 0.000000
vt 1.000000 1.000000
vt 0.000000 1.000000
vt 0.000000 0.000000
vt 1.000000 0.000000
vt 1.000000 1.000000
vt 0.000000 1.000000
vt 0.000000 0.000000
vt 1.000000 0.000000
vt 1.000000 1.000000
vt 0.000000 1.000000
vt 0.000000 0.000000
vt 1.000000 0.000000
vt 1.000000 1.000000
vt 0.000000 1.000000
vt 0.000000 0.000000
vt 1.000000 0.000000
vt 1.000000 1.000000
vt 0.000000 1.000000
vt 0.000000 0.000000
vt 1.000000 0.000000
vt 1.000000 1.000000
vt 0.000000 1.000000
vt 0.000000 0.000000
vt 1.000000 0.000000
vt 1.000000 1.000000
vt 0.000000 1.000000
vt 0.000000 0.000000
vt 1.000000 0.000000
vt 1.000000 1.000000
vt 0.000000 1.000000
vt 0.000000 0.000000
vt 1.000000 0.000000
vt 1.000000 1.000000
vt 0.000000 1.000000
vt 0.000000 0.000000
vt 1.000000 0.000000
vt 1.000000 1.000000
vt 0.000000 1.000000
vt 0.000000 0.000000
vt 1.000000 0.000000
vt 1.000000 1.000000
vt 0.000000 1.000000
vt 0.000000 0.000000
vt 1.000000 0.000000
vt 1.000000 1.000000
vt 0.000000 1.000000
vt 0.000000 0.000000
vt 1.000000 0.000000
vt 1.000000 1.000000
vt 0.000000 1.000000
vt 0.000000 0.000000
vt 1.000000 0.000000
vt 1.000000 1.000000
vt 0.000000 1.000000
vt 0.000000 0.000000
vt 1.000000 0.000000
vt 1.000000 1.000000
vt 0.000000 1.000000
vt 0.000000 0.000000
vt 1.000000 0.000000
vt 1.000000 1.000000
vt 0.000000 1.000000
vt 0.000000 0.000000
vt 1.000000 0.000000
vt 1.000000 1.000000
vt 0.000000 1.000000
vt 0.000000 0.000000
vt 1.000000 0.000000
vt 1.000000 1.000000
vt 0.000000 1.000000
vt 0.000000 0.000000
vt 1.000000 0.000000
vt 1.000000 1.000000
vt 0.000000 1.000000
vt 0.000000 0.000000
vt 1.000000 0.000000
vt 1.000000 1.000000
vt 0.000000 1.000000
vt 0.000000 0.000000
vt 1.000000 0.000000
vt 1.000000 1.000000
vt 0.000000 1.000000
vt 0.000000 0.000000
vt 1.000000 0.000000
vt 1.000000 1.000000
vt 0.000000 1.000000
vt 0.000000 0.000000
vt 1.000000 0.000000
vt 1.000000 1.000000
vt 0.000000 1.000000
vt 0.000000 0.000000
vt 1.000000 0.000000
vt 1.000000 1.000000
vt 0.000000 1.000000
vt 0.000000 0.000000
vt 1.000000 0.000000
vt 1.000000 1.000000
vt 0.000000 1.000000
vt 0.000000 0.000000
vt 1.000000 0.000000
vt 1.000000 1.000000
vt 0.000000 1.000000
vt 0.000000 0.000000
vt 1.000000 0.000000
vt 1.000000 1.000000
vt 0.000000 1.000000
vt 0.000000 0.000000
vt 1.000000 0.000000
vt 1.000000 1.000000
vt 0.000000 1.000000
vt 0.000000 0.000000
vt 1.000000 0.000000
vt 1.000000 1.000000
vt 0.000000 1.000000
vt 0.000000 0.000000
vt 1.000000 0.000000
vt 1.000000 1.000000
vt 0.000000 1.000000
vt 0.000000 0.000000
vt 1.000000 0.000000
vt 1.000000 1.000000
vt 0.000000 1.000000
vt 0.000000 0.000000
vt 1.000000 0.000000
vt 1.000000 1.000000
vt 0.000000 1.000000
vt 0.000000 0.000000
vt 1.000000 0.000000
vt 1.000000 1.000000
vt 0.000000 1.000000
vt 0.000000 0.000000
vt 1.000000 0.000000
vt 1.000000 1.000000
vt 0.000000 1.000000
vt 0.000000 0.000000
vt 1.000000 0.000000
vt 1.000000 1.000000
vt 0.000000 1.000000
vt 0.000000 0.000000
vt 1.000000 0.000000
vt 1.000000 1.000000
vt 0.000000 1.000000
vt 0.000000 0.000000
vt 1.000000 0.000000
vt 1.000000 1.000000
vt 0.000000 1.000000
vt 0.000000 0.000000
vt 1.000000 0.000000
vt 1.000000 1.000000
vt 0.000000 1.000000
vt 0.000000 0.000000
vt 1.000000 0.000000
vt 1.000000 1.000000
vt 0.000000 1.000000
vt 0.000000 0.000000
vt 1.000000 0.000000
vt 1.000000 1.000000
vt 0.000000 1.000000
vt 0.000000 0.000000
vt 1.000000 0.000000
vt 1.000000 1.000000
vt 0.000000 1.000000
vt 0.000000 0.000000
vt 1.000000 0.000000
vt 1.000000 1.000000
vt 0.000000 1.000000
vt 0.000000 0.000000
vt 1.000000 0.000000
vt 1.000000 1.000000
vt 0.000000 1.000000
vt 0.000000 0.000000
vt 1.000000 0.000000
vt 1.000000 1.000000
vt 0.000000 1.000000
vt 0.000000 0.000000
vt 1.000000 0.000000
vt 1.000000 1.000000
vt 0.000000 1.000000
vt 0.000000 0.000000
vt 1.000000 0.000000
vt 1.000000 1.000000
vt 0.000000 1.000000
vt 0.000000 0.000000
vt 1.000000 0.000000
vt 1.000000 1.000000
vt 0.000000 1.000000
vt 0.000000 0.000000
vt 1.000000 0.000000
vt 1.000000 1.000000
vt 0.000000 1.000000
vt 0.000000 0.000000
vt 1.000000 0.000000
vt 1.000000 1.000000
vt 0.000000 1.000000
vt 0.000000 0.000000
vt 1.000000 0.000000
vt 1.000000 1.000000
vt 0.000000 1.000000
vt 0.000000 0.000000
vt 1.000000 0.000000
vt 1.000000 1.000000
vt 0.000000 1.000000
vt 0.000000 0.000000
vt 1.000000 0.000000
vt 1.000000 1.000000
vt 0.000000 1.000000
vt 0.000000 0.000000
vt 1.000000 0.000000
vt 1.000000 1.000000
vt 0.000000 1.000000
vt 0.000000 0.000000
vt 1.000000 0.000000
vt 1.000000 1.000000
vt 0.000000 1.000000
vt 0.000000 0.000000
vt 1.000000 0.000000
vt 1.000000 1.000000
vt 0.000000 1.000000
vt 0.000000 0.000000
vt 1.000000 0.000000
vt 1.000000 1.000000
vt 0.000000 1.000000
vt 0.000000 0.000000
vt 1.000000 0.000000
vt 1.000000 1.000000
vt 0.000000 1.000000
vt 0.000000 0.000000
vt 1.000000 0.000000
vt 1.000000 1.000000
vt 0.000000 1.000000
vt 0.000000 0.000000
vt 1.000000 0.000000
vt 1.000000 1.000000
vt 0.000000 1.000000
vt 0.000000 0.000000
vt 1.000000 0.000000
vt 1.000000 1.000000
vt 0.000000 1.000000
vt 0.000000 0.000000
vt 1.000000 0.000000
vt 1.000000 1.000000
vt 0.000000 1.000000
vt 0.000000 0.000000
vt 1.000000 0.000000
vt 1.000000 1.000000
vt 0.000000 1.000000
vt 0.000000 0.000000
vt 1.000000 0.000000
vt 1.000000 1.000000
vt 0.000000 1.000000
vt 0.000000 0.000000
vt 1.000000 0.000000
vt 1.000000 1.000000
vt 0.000000 1.000000
vt 0.000000 0.000000
vt 1.000000 0.000000
vt 1.000000 1.000000
vt 0.000000 1.000000
vt 0.000000 0.000000
vt 1.000000 0.000000
vt 1.000000 1.000000
vt 0.000000 1.000000
vt 0.000000 0.000000
vt 1.000000 0.000000
vt 1.000000 1.000000
vt 0.000000 1.000000
vt 0.000000 0.000000
vt 1.000000 0.000000
vt 1.000000 1.000000
vt 0.000000 1.000000
vt 0.000000 0.000000
vt 1.000000 0.000000
vt 1.000000 1.000000
vt 0.000000 1.000000
vt 0.000000 0.000000
vt 1.000000 0.000000
vt 1.000000 1.000000
vt 0.000000 1.000000
vt 0.000000 0.000000
vt 1.000000 0.000000
vt 1.000000 1.000000
vt 0.000000 1.000000
vt 0.000000 0.000000
vt 1.000000 0.000000
vt 1.000000 1.000000
vt 0.000000 1.000000
vt 0.000000 0.000000
vt 1.000000 0.000000
vt 1.000000 1.000000
vt 0.000000 1.000000
vt 0.000000 0.000000
vt 1.000000 0.000000
vt 1.000000 1.000000
vt 0.000000 1.000000
vt 0.000000 0.000000
vt 1.000000 0.000000
vt 1.000000 1.000000
vt 0.000000 1.000000
vt 0.000000 0.000000
vt 1.000000 0.000000
vt 1.000000 1.000000
vt 0.000000 1.000000
vt 0.000000 0.000000
vt 1.000000 0.000000
vt 1.000000 1.000000
vt 0.000000 1.000000
vt 0.000000 0.000000
vt 1.000000 0.000000
vt 1.000000 1.000000
vt 0.000000 1.000000
vt 0.000000 0.000000
vt 1.000000 0.000000
vt 1.000000 1.000000
vt 0.000000 1.000000
vt 0.000000 0.000000
vt 1.000000 0.000000
vt 1.000000 1.000000
vt 0.000000 1.000000
vt 0.000000 0.000000
vt 1.000000 0.000000
vt 1.000000 1.000000
vt 0.000000 1.000000
vt 0.000000 0.000000
vt 1.000000 0.000000
vt 1.000000 1.000000
vt 0.000000 1.000000
vt 0.000000 0.000000
vt 1.000000 0.000000
vt 1.000000 1.000000
vt 0.000000 1.000000
vt 0.000000 0.000000
vt 1.000000 0.000000
vt 1.000000 1.000000
vt 0.000000 1.000000
vt 0.000000 0.000000
vt 1.000000 0.000000
vt 1.000000 1.000000
vt 0.000000 1.000000
vt 0.000000 0.000000
vt 1.000000 0.000000
vt 1.000000 1.000000
vt 0.000000 1.000000
vt 0.000000 0.000000
vt 1.000000 0.000000
vt 1.000000 1.000000
vt 0.000000 1.000000
vt 0.000000 0.000000
vt 1.000000 0.000000
vt 1.000000 1.000000
vt 0.000000 1.000000
vt 0.000000 0.000000
vt 1.000000 0.000000
vt 1.000000 1.000000
vt 0.000000 1.000000
vt 0.000000 0.000000
vt 1.000000 0.000000
vt 1.000000 1.000000
vt 0.000000 1.000000
vt 0.000000 0.000000
vt 1.000000 0.000000
vt 1.000000 1.000000
vt 0.000000 1.000000
vt 0.000000 0.000000
vt 1.000000 0.000000
vt 1.000000 1.000000
vt 0.000000 1.000000
vt 0.000000 0.000000
vt 1.000000 0.000000
vt 1.000000 1.000000
vt 0.000000 1.000000
vt 0.000000 0.000000
vt 1.000000 0.000000
vt 1.000000 1.000000
vt 0.000000 1.000000
vt 0.000000 0.000000
vt 1.000000 0.000000
vt 1.000000 1.000000
vt 0.000000 1.000000
vt 0.000000 0.000000
vt 1.000000 0.000000
vt 1.000000 1.000000
vt 0.000000 1.000000
vt 0.000000 0.000000
vt 1.000000 0.000000
vt 1.000000 1.000000
vt 0.000000 1.000000
vt 0.000000 0.000000
vt 1.000000 0.000000
vt 1.000000 1.000000
vt 0.000000 1.000000
vt 0.000000 0.000000
vt 1.000000 0.000000
vt 1.000000 1.000000
vt 0.000000 1.000000
vt 0.000000 0.000000
vt 1.000000 0.000000
vt 1.000000 1.000000
vt 0.000000 1.000000
vt 0.000000 0.000000
vt 1.000000 0.000000
vt 1.000000 1.000000
vt 0.000000 1.000000
vt 0.000000 0.000000
vt 1.000000 0.000000
vt 1.000000 1.000000
vt 0.000000 1.000000
vt 0.000000 0.000000
vt 1.000000 0.000000
vt 1.000000 1.000000
vt 0.000000 1.000000
vt 0.000000 0.000000
vt 1.000000 0.000000
vt 1.000000 1.000000
vt 0.000000 1.000000
vt 0.000000 0.000000
vt 1.000000 0.000000
vt 1.000000 1.000000
vt 0.000000 1.000000
vt 0.000000 0.000000
vt 1.000000 0.000000
vt 1.000000 1.000000
vt 0.000000 1.000000
vt 0.000000 0.000000
vt 1.000000 0.000000
vt 1.000000 1.000000
vt 0.000000 1.000000
vt 0.000000 0.000000
vt 1.000000 0.000000
vt 1.000000 1.000000
vt 0.000000 1.000000
vt 0.000000 0.000000
vt 1.000000 0.000000
vt 1.000000 1.000000
vt 0.000000 1.000000
vt 0.000000 0.000000
vt 1.000000 0.000000
vt 1.000000 1.000000
vt 0.000000 1.000000
vt 0.000000 0.000000
vt 1.000000 0.000000
vt 1.000000 1.000000
vt 0.000000 1.000000
vt 0.000000 0.000000
vt 1.000000 0.000000
vt 1.000000 1.000000
vt 0.000000 1.000000
vt 0.000000 0.000000
vt 1.000000 0.000000
vt 1.000000 1.000000
vt 0.000000 1.000000
vt 0.000000 0.000000
vt 1.000000 0.000000
vt 1.000000 1.000000
vt 0.000000 1.000000
vt 0.000000 0.000000
vt 1.000000 0.000000
vt 1.000000 1.000000
vt 0.000000 1.000000
vt 0.000000 0.000000
vt 1.000000 0.000000
vt 1.000000 1.000000
vt 0.000000 1.000000
vt 0.000000 0.000000
vt 1.000000 0.000000
vt 1.000000 1.000000
vt 0.000000 1.000000
vt 0.000000 0.000000
vt 1.000000 0.000000
vt 1.000000 1.000000
vt 0.000000 1.000000
vt 0.000000 0.000000
vt 1.000000 0.000000
vt 1.000000 1.000000
vt 0.000000 1.000000
vt 0.000000 0.000000
vt 1.000000 0.000000
vt 1.000000 1.000000
vt 0.000000 1.000000
vt 0.000000 0.000000
vt 1.000000 0.000000
vt 1.000000 1.000000
vt 0.000000 1.000000
vt 0.000000 0.000000
vt 1.000000 0.000000
vt 1.000000 1.000000
vt 0.000000 1.000000
vt 0.000000 0.000000
vt 1.000000 0.000000
vt 1.000000 1.000000
vt 0.000000 1.000000
vt 0.000000 0.000000
vt 1.000000 0.000000
vt 1.000000 1.000000
vt 0.000000 1.000000
vt 0.000000 0.000000
vt 1.000000 0.000000
vt 1.000000 1.000000
vt 0.000000 1.000000
vt 0.000000 0.000000
vt 1.000000 0.000000
vt 1.000000 1.000000
vt 0.000000 1.000000
vt 0.000000 0.000000
vt 1.000000 0.000000
vt 1.000000 1.000000
vt 0.000000 1.000000
vt 0.000000 0.000000
vt 1.000000 0.000000
vt 1.000000 1.000000
vt 0.000000 1.000000
vt 0.000000 0.000000
vt 1.000000 0.000000
vt 1.000000 1.000000
vt 0.000000 1.000000
vt 0.000000 0.000000
vt 1.000000 0.000000
vt 1.000000 1.000000
vt 0.000000 1.000000
vt 0.000000 0.000000
vt 1.000000 0.000000
vt 1.000000 1.000000
vt 0.000000 1.000000
vt 0.000000 0.000000
vt 1.000000 0.000000
vt 1.000000 1.000000
vt 0.000000 1.000000
vt 0.000000 0.000000
vt 1.000000 0.000000
vt 1.000000 1.000000
vt 0.000000 1.000000
vt 0.000000 0.000000
vt 1.000000 0.000000
vt 1.000000 1.000000
vt 0.000000 1.000000
vt 0.000000 0.000000
vt 1.000000 0.000000
vt 1.000000 1.000000
vt 0.000000 1.000000
vt 0.000000 0.000000
vt 1.000000 0.000000
vt 1.000000 1.000000
vt 0.000000 1.000000
vt 0.000000 0.000000
vt 1.000000 0.000000
vt 1.000000 1.000000
vt 0.000000 1.000000
vn 0.000000 0.000000 1.000000
vn 0.000000 0.000000 -1.000000
vn 1.000000 0.000000 0.000000
vn -1.000000 0.000000 0.000000
vn 0.000000 -1.000000 0.000000
vn -0.000000 1.000000 0.000000
vn 0.000000 0.000000 1.000000
vn 0.000000 0.000000 -1.000000
vn 1.000000 0.000000 0.000000
vn -1.000000 0.000000 0.000000
vn 0.000000 -1.000000 0.000000
vn -0.000000 1.000000 0.000000
vn 0.000000 0.000000 1.000000
vn 0.000000 0.000000 -1.000000
vn 1.000000 0.000000 0.000000
vn -1.000000 0.000000 0.000000
vn 0.000000 -1.000000 0.000000
vn -0.000000 1.000000 0.000000
vn 0.000000 0.000000 1.000000
vn 0.000000 0.000000 -1.000000
vn 1.000000 0.000000 0.000000
vn -1.000000 0.000000 0.000000
vn 0.000000 -1.000000 0.000000
vn -0.000000 1.000000 0.000000
vn 0.000000 0.000000 1.000000
vn 0.000000 0.000000 -1.000000
vn 1.000000 0.000000 0.000000
vn -1.000000 0.000000 0.000000
vn 0.000000 -1.000000 0.000000
vn -0.000000 1.000000 0.000000
vn 0.000000 0.000000 1.000000
vn 0.000000 0.000000 -1.000000
vn 1.000000 0.000000 0.000000
vn -1.000000 0.000000 0.000000
vn 0.000000 -1.000000 0.000000
vn -0.000000 1.000000 0.000000
vn 0.000000 0.000000 1.000000
vn 0.000000 0.000000 -1.000000
vn 1.000000 0.000000 0.000000
vn -1.000000 0.000000 0.000000
vn 0.000000 -1.000000 0.000000
vn -0.000000 1.000000 0.000000
vn 0.000000 0.000000 1.000000
vn 0.000000 0.000000 -1.000000
vn 1.000000 0.000000 0.000000
vn -1.000000 0.000000 0.000000
vn 0.000000 -1.000000 0.000000
vn -0.000000 1.000000 0.000000
vn 0.000000 0.000000 1.000000
vn 0.000000 0.000000 -1.000000
vn 1.000000 0.000000 0.000000
vn -1.000000 0.000000 0.000000
vn 0.000000 -1.000000 0.000000
vn -0.000000 1.000000 0.000000
vn 0.000000 0.000000 1.000000
vn 0.000000 0.000000 -1.000000
vn 1.000000 0.000000 0.000000
vn -1.000000 0.000000 0.000000
vn 0.000000 -1.000000 0.000000
vn -0.000000 1.000000 0.000000
vn 0.000000 0.000000 1.000000
vn 0.000000 0.000000 -1.000000
vn 1.000000 0.000000 0.000000
vn -1.000000 0.000000 0.000000
vn 0.000000 -1.000000 0.000000
vn -0.000000 1.000000 0.000000
vn 0.000000 0.000000 1.000000
vn 0.000000 0.000000 -1.000000
vn 1.000000 0.000000 0.000000
vn -1.000000 0.000000 0.000000
vn 0.000000 -1.000000 0.000000
vn -0.000000 1.000000 0.000000
vn 0.000000 0.000000 1.000000
vn 0.000000 0.000000 -1.000000
vn 1.000000 0.000000 0.000000
vn -1.000000 0.000000 0.000000
vn 0.000000 -1.000000 0.000000
vn -0.000000 1.000000 0.000000
vn 0.000000 0.000000 1.000000
vn 0.000000 0.000000 -1.000000
vn 1.000000 0.000000 0.000000
vn -1.000000 0.000000 0.000000
vn 0.000000 -1.000000 0.000000
vn -0.000000 1.000000 0.000000
vn 0.000000 0.000000 1.000000
vn 0.000000 0.000000 -1.000000
vn 1.000000 0.000000 0.000000
vn -1.000000 0.000000 0.000000
vn 0.000000 -1.000000 0.000000
vn -0.000000 1.000000 0.000000
vn 0.000000 0.000000 1.000000
vn 0.000000 0.000000 -1.000000
vn 1.000000 0.000000 0.000000
vn -1.000000 0.000000 0.000000
vn 0.000000 -1.000000 0.000000
vn -0.000000 1.000000 0.000000
vn 0.000000 0.000000 1.000000
vn 0.000000 0.000000 -1.000000
vn 1.000000 0.000000 0.000000
vn -1.000000 0.000000 0.000000
vn 0.000000 -1.000000 0.000000
vn -0.000000 1.000000 0.000000
vn 0.000000 0.000000 1.000000
vn 0.000000 0.000000 -1.000000
vn 1.000000 0.000000 0.000000
vn -1.000000 0.000000 0.000000
vn 0.000000 -1.000000 0.000000
vn -0.000000 1.000000 0.000000
vn 0.000000 0.000000 1.000000
vn 0.000000 0.000000 -1.000000
vn 1.000000 0.000000 0.000000
vn -1.000000 0.000000 0.000000
vn 0.000000 -1.000000 0.000000
vn -0.000000 1.000000 0.000000
vn 0.000000 0.000000 1.000000
vn 0.000000 0.000000 -1.000000
vn 1.000000 0.000000 0.000000
vn -1.000000 0.000000 0.000000
vn 0.000000 -1.000000 0.000000
vn -0.000000 1.000000 0.000000
vn 0.000000 0.000000 1.000000
vn 0.000000 0.000000 -1.000000
vn 1.000000 0.000000 0.000000
vn -1.000000 0.000000 0.000000
vn 0.000000 -1.000000 0.000000
vn -0.000000 1.000000 0.000000
vn 0.000000 0.000000 1.000000
vn 0.000000 0.000000 -1.000000
vn 1.000000 0.000000 0.000000
vn -1.000000 0.000000 0.000000
vn 0.000000 -1.000000 0.000000
vn -0.000000 1.000000 0.000000
vn 0.000000 0.000000 1.000000
vn 0.000000 0.000000 -1.000000
vn 1.000000 0.000000 0.000000
vn -1.000000 0.000000 0.000000
vn 0.000000 -1.000000 0.000000
vn -0.000000 1.000000 0.000000
vn 0.000000 0.000000 1.000000
vn 0.000000 0.000000 -1.000000
vn 1.000000 0.000000 0.000000
vn -1.000000 0.000000 0.000000
vn 0.000000 -1.000000 0.000000
vn -0.000000 1.000000 0.000000
vn 0.000000 0.000000 1.000000
vn 0.000000 0.000000 -1.000000
vn 1.000000 0.000000 0.000000
vn -1.000000 0.000000 0.000000
vn 0.000000 -1.000000 0.000000
vn -0.000000 1.000000 0.000000
vn 0.000000 0.000000 1.000000
vn 0.000000 0.000000 -1.000000
vn 1.000000 0.000000 0.000000
vn -1.000000 0.000000 0.000000
vn 0.000000 -1.000000 0.000000
vn -0.000000 1.000000 0.000000
vn 0.000000 0.000000 1.000000
vn 0.000000 0.000000 -1.000000
vn 1.000000 0.000000 0.000000
vn -1.000000 0.000000 0.000000
vn 0.000000 -1.000000 0.000000
vn -0.000000 1.000000 0.000000
vn 0.000000 0.000000 1.000000
vn 0.000000 0.000000 -1.000000
vn 1.000000 0.000000 0.000000
vn -1.000000 0.000000 0.000000
vn 0.000000 -1.000000 0.000000
vn -0.000000 1.000000 0.000000
vn 0.000000 0.000000 1.000000
vn 0.000000 0.000000 -1.000000
vn 1.000000 0.000000 0.000000
vn -1.000000 0.000000 0.000000
vn 0.000000 -1.000000 0.000000
vn -0.000000 1.000000 0.000000
vn 0.000000 0.000000 1.000000
vn 0.000000 0.000000 -1.000000
vn 1.000000 0.000000 0.000000
vn -1.000000 0.000000 0.000000
vn 0.000000 -1.000000 0.000000
vn -0.000000 1.000000 0.000000
vn 0.000000 0.000000 1.000000
vn 0.000000 0.000000 -1.000000
vn 1.000000 0.000000 0.000000
vn -1.000000 0.000000 0.000000
vn 0.000000 -1.000000 0.000000
vn -0.000000 1.000000 0.000000
vn 0.000000 0.000000 1.000000
vn 0.000000 0.000000 -1.000000
vn 1.000000 0.000000 0.000000
vn -1.000000 0.000000 0.000000
vn 0.000000 -1.000000 0.000000
vn -0.000000 1.000000 0.000000
vn 0.000000 0.000000 1.000000
vn 0.000000 0.000000 -1.000000
vn 1.000000 0.000000 0.000000
vn -1.000000 0.000000 0.000000
vn 0.000000 -1.000000 0.000000
vn -0.000000 1.000000 0.000000
vn 0.000000 0.000000 1.000000
vn 0.000000 0.000000 -1.000000
vn 1.000000 0.000000 0.000000
vn -1.000000 0.000000 0.000000
vn 0.000000 -1.000000 0.000000
vn -0.000000 1.000000 0.000000
vn 0.000000 0.000000 1.000000
vn 0.000000 0.000000 -1.000000
vn 1.000000 0.000000 0.000000
vn -1.000000 0.000000 0.000000
vn 0.000000 -1.000000 0.000000
vn -0.000000 1.000000 0.000000
vn 0.000000 0.000000 1.000000
vn 0.000000 0.000000 -1.000000
vn 1.000000 0.000000 0.000000
vn -1.000000 0.000000 0.000000
vn 0.000000 -1.000000 0.000000
vn -0.000000 1.000000 0.000000
vn 0.000000 0.000000 1.000000
vn 0.000000 0.000000 -1.000000
vn 1.000000 0.000000 0.000000
vn -1.000000 0.000000 0.000000
vn 0.000000 -1.000000 0.000000
vn -0.000000 1.000000 0.000000
vn 0.000000 0.000000 1.000000
vn 0.000000 0.000000 -1.000000
vn 1.000000 0.000000 0.000000
vn -1.000000 0.000000 0.000000
vn 0.000000 -1.000000 0.000000
vn -0.000000 1.000000 0.000000
vn 0.000000 0.000000 1.000000
vn 0.000000 0.000000 -1.000000
vn 1.000000 0.000000 0.000000
vn -1.000000 0.000000 0.000000
vn 0.000000 -1.000000 0.000000
vn -0.000000 1.000000 0.000000
vn 0.000000 0.000000 1.000000
vn 0.000000 0.000000 -1.000000
vn 1.000000 0.000000 0.000000
vn -1.000000 0.000000 0.000000
vn 0.000000 -1.000000 0.000000
vn -0.000000 1.000000 0.000000
vn 0.000000 0.000000 1.000000
vn 0.000000 0.000000 -1.000000
vn 1.000000 0.000000 0.000000
vn -1.000000 0.000000 0.000000
vn 0.000000 -1.000000 0.000000
vn -0.000000 1.000000 0.000000
vn -0.965926 0.000000 -0.258819
vn -0.707107 0.000000 -0.707107
vn -0.258819 0.000000 -0.965926
vn 0.258819 0.000000 -0.965926
vn 0.707107 0.000000 -0.707107
vn 0.965926 0.000000 -0.258819
vn 0.965926 0.000000 0.258819
vn 0.707107 0.000000 0.707107
vn 0.258819 0.000000 0.965926
vn -0.258819 0.000000 0.965926
vn -0.707107 0.000000 0.707107
vn -0.965926 0.000000 0.258819
vn 0.000000 1.000000 0.000000
vn 0.000000 -1.000000 0.000000
vn -0.965926 0.000000 -0.258819
vn -0.707107 0.000000 -0.707107
vn -0.258819 0.000000 -0.965926
vn 0.258819 0.000000 -0.965926
vn 0.707107 0.000000 -0.707107
vn 0.965926 0.000000 -0.258819
vn 0.965926 0.000000 0.258819
vn 0.707107 0.000000 0.707107
vn 0.258819 0.000000 0.965926
vn -0.258819 0.000000 0.965926
vn -0.707107 0.000000 0.707107
vn -0.965926 0.000000 0.258819
vn 0.000000 1.000000 0.000000
vn 0.000000 -1.000000 0.000000
vn -0.965926 0.000000 -0.258819
vn -0.707107 0.000000 -0.707107
vn -0.258819 0.000000 -0.965926
vn 0.258819 0.000000 -0.965926
vn 0.707107 0.000000 -0.707107
vn 0.965926 0.000000 -0.258819
vn 0.965926 0.000000 0.258819
vn 0.707107 0.000000 0.707107
vn 0.258819 0.000000 0.965926
vn -0.258819 0.000000 0.965926
vn -0.707107 0.000000 0.707107
vn -0.965926 0.000000 0.258819
vn 0.000000 1.000000 0.000000
vn 0.000000 -1.000000 0.000000
vn -0.965926 0.000000 -0.258819
vn -0.707107 0.000000 -0.707107
vn -0.258819 0.000000 -0.965926
vn 0.258819 0.000000 -0.965926
vn 0.707107 0.000000 -0.707107
vn 0.965926 0.000000 -0.258819
vn 0.965926 0.000000 0.258819
vn 0.707107 0.000000 0.707107
vn 0.258819 0.000000 0.965926
vn -0.258819 0.000000 0.965926
vn -0.707107 0.000000 0.707107
vn -0.965926 0.000000 0.258819
vn 0.000000 1.000000 0.000000
vn 0.000000 -1.000000 0.000000
vn -0.965926 -0.258819 0.000000
vn -0.707107 -0.707107 0.000000
vn -0.258819 -0.965926 0.000000
vn 0.258819 -0.965926 0.000000
vn 0.707107 -0.707107 0.000000
vn 0.965926 -0.258819 0.000000
vn 0.965926 0.258819 0.000000
vn 0.707107 0.707107 0.000000
vn 0.258819 0.965926 0.000000
vn -0.258819 0.965926 0.000000
vn -0.707107 0.707107 0.000000
vn -0.965926 0.258819 0.000000
vn 0.000000 0.000000 -1.000000
vn 0.000000 0.000000 1.000000
vn 0.000000 0.000000 1.000000
vn 0.000000 0.000000 -1.000000
vn 1.000000 0.000000 0.000000
vn -1.000000 0.000000 0.000000
vn 0.000000 -1.000000 0.000000
vn -0.000000 1.000000 0.000000
vn 0.000000 0.000000 1.000000
vn 0.000000 0.000000 -1.000000
vn 1.000000 0.000000 0.000000
vn -1.000000 0.000000 0.000000
vn 0.000000 -1.000000 0.000000
vn -0.000000 1.000000 0.000000
vn 0.000000 0.000000 1.000000
vn 0.000000 0.000000 -1.000000
vn 1.000000 0.000000 0.000000
vn -1.000000 0.000000 0.000000
vn 0.000000 -1.000000 0.000000
vn -0.000000 1.000000 0.000000
vn 0.000000 0.000000 1.000000
vn 0.000000 0.000000 -1.000000
vn 1.000000 0.000000 0.000000
vn -1.000000 0.000000 0.000000
vn 0.000000 -1.000000 0.000000
vn -0.000000 1.000000 0.000000
vn 0.000000 0.000000 1.000000
vn 0.000000 0.000000 -1.000000
vn 1.000000 0.000000 0.000000
vn -1.000000 0.000000 0.000000
vn 0.000000 -1.000000 0.000000
vn -0.000000 1.000000 0.000000
vn 0.000000 0.000000 1.000000
vn 0.000000 0.000000 -1.000000
vn 1.000000 0.000000 0.000000
vn -1.000000 0.000000 0.000000
vn 0.000000 -1.000000 0.000000
vn -0.000000 1.000000 0.000000
vn 0.000000 0.000000 1.000000
vn 0.000000 0.000000 -1.000000
vn 1.000000 0.000000 0.000000
vn -1.000000 0.000000 0.000000
vn 0.000000 -1.000000 0.000000
vn -0.000000 1.000000 0.000000
vn 0.000000 0.000000 1.000000
vn 0.000000 0.000000 -1.000000
vn 1.000000 0.000000 0.000000
vn -1.000000 0.000000 0.000000
vn 0.000000 -1.000000 0.000000
vn -0.000000 1.000000 0.000000
vn 0.000000 0.000000 1.000000
vn 0.000000 0.000000 -1.000000
vn 1.000000 0.000000 0.000000
vn -1.000000 0.000000 0.000000
vn 0.000000 -1.000000 0.000000
vn -0.000000 1.000000 0.000000
vn 0.000000 0.000000 1.000000
vn 0.000000 0.000000 -1.000000
vn 1.000000 0.000000 0.000000
vn -1.000000 0.000000 0.000000
vn 0.000000 -1.000000 0.000000
vn -0.000000 1.000000 0.000000
vn 0.000000 0.000000 1.000000
vn 0.000000 0.000000 -1.000000
vn 1.000000 0.000000 0.000000
vn -1.000000 0.000000 0.000000
vn 0.000000 -1.000000 0.000000
vn -0.000000 1.000000 0.000000
vn 0.000000 0.000000 1.000000
vn 0.000000 0.000000 -1.000000
vn 1.000000 0.000000 0.000000
vn -1.000000 0.000000 0.000000
vn 0.000000 -1.000000 0.000000
vn -0.000000 1.000000 0.000000
vn 0.000000 0.000000 1.000000
vn 0.000000 0.000000 -1.000000
vn 1.000000 0.000000 0.000000
vn -1.000000 0.000000 0.000000
vn 0.000000 -1.000000 0.000000
vn -0.000000 1.000000 0.000000
vn 0.000000 0.000000 1.000000
vn 0.000000 0.000000 -1.000000
vn 1.000000 0.000000 0.000000
vn -1.000000 0.000000 0.000000
vn 0.000000 -1.000000 0.000000
vn -0.000000 1.000000 0.000000
vn 0.000000 0.000000 1.000000
vn 0.000000 0.000000 -1.000000
vn 1.000000 0.000000 0.000000
vn -1.000000 0.000000 0.000000
vn 0.000000 -1.000000 0.000000
vn -0.000000 1.000000 0.000000
vn 0.000000 0.000000 1.000000
vn 0.000000 0.000000 -1.000000
vn 1.000000 0.000000 0.000000
vn -1.000000 0.000000 0.000000
vn 0.000000 -1.000000 0.000000
vn -0.000000 1.000000 0.000000
vn 0.000000 0.000000 1.000000
vn 0.000000 0.000000 -1.000000
vn 1.000000 0.000000 0.000000
vn -1.000000 0.000000 0.000000
vn 0.000000 -1.000000 0.000000
vn -0.000000 1.000000 0.000000
vn 0.000000 0.000000 1.000000
vn 0.000000 0.000000 -1.000000
vn 1.000000 0.000000 0.000000
vn -1.000000 0.000000 0.000000
vn 0.000000 -1.000000 0.000000
vn -0.000000 1.000000 0.000000
vn 0.000000 0.000000 1.000000
vn 0.000000 0.000000 -1.000000
vn 1.000000 0.000000 0.000000
vn -1.000000 0.000000 0.000000
vn 0.000000 -1.000000 0.000000
vn -0.000000 1.000000 0.000000
vn 0.000000 0.000000 1.000000
vn 0.000000 0.000000 -1.000000
vn 1.000000 0.000000 0.000000
vn -1.000000 0.000000 0.000000
vn 0.000000 -1.000000 0.000000
vn -0.000000 1.000000 0.000000
vn 0.000000 0.000000 1.000000
vn 0.000000 0.000000 -1.000000
vn 1.000000 0.000000 0.000000
vn -1.000000 0.000000 0.000000
vn 0.000000 -1.000000 0.000000
vn -0.000000 1.000000 0.000000
vn 0.000000 0.000000 1.000000
vn 0.000000 0.000000 -1.000000
vn 1.000000 0.000000 0.000000
vn -1.000000 0.000000 0.000000
vn 0.000000 -1.000000 0.000000
vn -0.000000 1.000000 0.000000
vn 0.000000 0.000000 1.000000
vn 0.000000 0.000000 -1.000000
vn 1.000000 0.000000 0.000000
vn -1.000000 0.000000 0.000000
vn 0.000000 -1.000000 0.000000
vn -0.000000 1.000000 0.000000
vn 0.000000 0.000000 1.000000
vn 0.000000 0.000000 -1.000000
vn 1.000000 0.000000 0.000000
vn -1.000000 0.000000 0.000000
vn 0.000000 -1.000000 0.000000
vn -0.000000 1.000000 0.000000
vn 0.000000 0.000000 1.000000
vn 0.000000 0.000000 -1.000000
vn 1.000000 0.000000 0.000000
vn -1.000000 0.000000 0.000000
vn 0.000000 -1.000000 0.000000
vn -0.000000 1.000000 0.000000
vn 0.000000 0.000000 1.000000
vn 0.000000 0.000000 -1.000000
vn 1.000000 0.000000 0.000000
vn -1.000000 0.000000 0.000000
vn 0.000000 -1.000000 0.000000
vn -0.000000 1.000000 0.000000
vn 0.000000 0.000000 1.000000
vn 0.000000 0.000000 -1.000000
vn 1.000000 0.000000 0.000000
vn -1.000000 0.000000 0.000000
vn 0.000000 -1.000000 0.000000
vn -0.000000 1.000000 0.000000
vn 0.000000 0.000000 1.000000
vn 0.000000 0.000000 -1.000000
vn 1.000000 0.000000 0.000000
vn -1.000000 0.000000 0.000000
vn 0.000000 -1.000000 0.000000
vn -0.000000 1.000000 0.000000
vn 0.000000 0.000000 1.000000
vn 0.000000 0.000000 -1.000000
vn 1.000000 0.000000 0.000000
vn -1.000000 0.000000 0.000000
vn 0.000000 -1.000000 0.000000
vn -0.000000 1.000000 0.000000
vn 0.000000 0.000000 1.000000
vn 0.000000 0.000000 -1.000000
vn 1.000000 0.000000 0.000000
vn -1.000000 0.000000 0.000000
vn 0.000000 -1.000000 0.000000
vn -0.000000 1.000000 0.000000
vn 0.000000 0.000000 1.000000
vn 0.000000 0.000000 -1.000000
vn 1.000000 0.000000 0.000000
vn -1.000000 0.000000 0.000000
vn 0.000000 -1.000000 0.000000
vn -0.000000 1.000000 0.000000
vn 0.000000 0.000000 1.000000
vn 0.000000 0.000000 -1.000000
vn 1.000000 0.000000 0.000000
vn -1.000000 0.000000 0.000000
vn 0.000000 -1.000000 0.000000
vn -0.000000 1.000000 0.000000
vn 0.000000 0.000000 1.000000
vn 0.000000 0.000000 -1.000000
vn 1.000000 0.000000 0.000000
vn -1.000000 0.000000 0.000000
vn 0.000000 -1.000000 0.000000
vn -0.000000 1.000000 0.000000
usemtl rubber_floor
f 1/1/1 2/2/1 3/3/1 4/4/1
f 6/5/2 5/6/2 8/7/2 7/8/2
f 5/9/3 1/10/3 4/11/3 8/12/3
f 2/13/4 6/14/4 7/15/4 3/16/4
f 4/17/5 3/18/5 7/19/5 8/20/5
f 5/21/6 6/22/6 2/23/6 1/24/6
usemtl ceiling_panel
f 9/25/7 10/26/7 11/27/7 12/28/7
f 14/29/8 13/30/8 16/31/8 15/32/8
f 13/33/9 9/34/9 12/35/9 16/36/9
f 10/37/10 14/38/10 15/39/10 11/40/10
f 12/41/11 11/42/11 15/43/11 16/44/11
f 13/45/12 14/46/12 10/47/12 9/48/12
usemtl abs_panel
f 17/49/13 18/50/13 19/51/13 20/52/13
f 22/53/14 21/54/14 24/55/14 23/56/14
f 21/57/15 17/58/15 20/59/15 24/60/15
f 18/61/16 22/62/16 23/63/16 19/64/16
f 20/65/17 19/66/17 23/67/17 24/68/17
f 21/69/18 22/70/18 18/71/18 17/72/18
f 25/73/19 26/74/19 27/75/19 28/76/19
f 30/77/20 29/78/20 32/79/20 31/80/20
f 29/81/21 25/82/21 28/83/21 32/84/21
f 26/85/22 30/86/22 31/87/22 27/88/22
f 28/89/23 27/90/23 31/91/23 32/92/23
f 29/93/24 30/94/24 26/95/24 25/96/24
usemtl abs_shadow
f 33/97/25 34/98/25 35/99/25 36/100/25
f 38/101/26 37/102/26 40/103/26 39/104/26
f 37/105/27 33/106/27 36/107/27 40/108/27
f 34/109/28 38/110/28 39/111/28 35/112/28
f 36/113/29 35/114/29 39/115/29 40/116/29
f 37/117/30 38/118/30 34/119/30 33/120/30
f 41/121/31 42/122/31 43/123/31 44/124/31
f 46/125/32 45/126/32 48/127/32 47/128/32
f 45/129/33 41/130/33 44/131/33 48/132/33
f 42/133/34 46/134/34 47/135/34 43/136/34
f 44/137/35 43/138/35 47/139/35 48/140/35
f 45/141/36 46/142/36 42/143/36 41/144/36
usemtl grime
f 49/145/37 50/146/37 51/147/37 52/148/37
f 54/149/38 53/150/38 56/151/38 55/152/38
f 53/153/39 49/154/39 52/155/39 56/156/39
f 50/157/40 54/158/40 55/159/40 51/160/40
f 52/161/41 51/162/41 55/163/41 56/164/41
f 53/165/42 54/166/42 50/167/42 49/168/42
f 57/169/43 58/170/43 59/171/43 60/172/43
f 62/173/44 61/174/44 64/175/44 63/176/44
f 61/177/45 57/178/45 60/179/45 64/180/45
f 58/181/46 62/182/46 63/183/46 59/184/46
f 60/185/47 59/186/47 63/187/47 64/188/47
f 61/189/48 62/190/48 58/191/48 57/192/48
usemtl abs_shadow
f 65/193/49 66/194/49 67/195/49 68/196/49
f 70/197/50 69/198/50 72/199/50 71/200/50
f 69/201/51 65/202/51 68/203/51 72/204/51
f 66/205/52 70/206/52 71/207/52 67/208/52
f 68/209/53 67/210/53 71/211/53 72/212/53
f 69/213/54 70/214/54 66/215/54 65/216/54
usemtl grime
f 73/217/55 74/218/55 75/219/55 76/220/55
f 78/221/56 77/222/56 80/223/56 79/224/56
f 77/225/57 73/226/57 76/227/57 80/228/57
f 74/229/58 78/230/58 79/231/58 75/232/58
f 76/233/59 75/234/59 79/235/59 80/236/59
f 77/237/60 78/238/60 74/239/60 73/240/60
f 81/241/61 82/242/61 83/243/61 84/244/61
f 86/245/62 85/246/62 88/247/62 87/248/62
f 85/249/63 81/250/63 84/251/63 88/252/63
f 82/253/64 86/254/64 87/255/64 83/256/64
f 84/257/65 83/258/65 87/259/65 88/260/65
f 85/261/66 86/262/66 82/263/66 81/264/66
usemtl abs_shadow
f 89/265/67 90/266/67 91/267/67 92/268/67
f 94/269/68 93/270/68 96/271/68 95/272/68
f 93/273/69 89/274/69 92/275/69 96/276/69
f 90/277/70 94/278/70 95/279/70 91/280/70
f 92/281/71 91/282/71 95/283/71 96/284/71
f 93/285/72 94/286/72 90/287/72 89/288/72
usemtl grime
f 97/289/73 98/290/73 99/291/73 100/292/73
f 102/293/74 101/294/74 104/295/74 103/296/74
f 101/297/75 97/298/75 100/299/75 104/300/75
f 98/301/76 102/302/76 103/303/76 99/304/76
f 100/305/77 99/306/77 103/307/77 104/308/77
f 101/309/78 102/310/78 98/311/78 97/312/78
f 105/313/79 106/314/79 107/315/79 108/316/79
f 110/317/80 109/318/80 112/319/80 111/320/80
f 109/321/81 105/322/81 108/323/81 112/324/81
f 106/325/82 110/326/82 111/327/82 107/328/82
f 108/329/83 107/330/83 111/331/83 112/332/83
f 109/333/84 110/334/84 106/335/84 105/336/84
usemtl abs_shadow
f 113/337/85 114/338/85 115/339/85 116/340/85
f 118/341/86 117/342/86 120/343/86 119/344/86
f 117/345/87 113/346/87 116/347/87 120/348/87
f 114/349/88 118/350/88 119/351/88 115/352/88
f 116/353/89 115/354/89 119/355/89 120/356/89
f 117/357/90 118/358/90 114/359/90 113/360/90
usemtl grime
f 121/361/91 122/362/91 123/363/91 124/364/91
f 126/365/92 125/366/92 128/367/92 127/368/92
f 125/369/93 121/370/93 124/371/93 128/372/93
f 122/373/94 126/374/94 127/375/94 123/376/94
f 124/377/95 123/378/95 127/379/95 128/380/95
f 125/381/96 126/382/96 122/383/96 121/384/96
f 129/385/97 130/386/97 131/387/97 132/388/97
f 134/389/98 133/390/98 136/391/98 135/392/98
f 133/393/99 129/394/99 132/395/99 136/396/99
f 130/397/100 134/398/100 135/399/100 131/400/100
f 132/401/101 131/402/101 135/403/101 136/404/101
f 133/405/102 134/406/102 130/407/102 129/408/102
usemtl abs_shadow
f 137/409/103 138/410/103 139/411/103 140/412/103
f 142/413/104 141/414/104 144/415/104 143/416/104
f 141/417/105 137/418/105 140/419/105 144/420/105
f 138/421/106 142/422/106 143/423/106 139/424/106
f 140/425/107 139/426/107 143/427/107 144/428/107
f 141/429/108 142/430/108 138/431/108 137/432/108
usemtl grime
f 145/433/109 146/434/109 147/435/109 148/436/109
f 150/437/110 149/438/110 152/439/110 151/440/110
f 149/441/111 145/442/111 148/443/111 152/444/111
f 146/445/112 150/446/112 151/447/112 147/448/112
f 148/449/113 147/450/113 151/451/113 152/452/113
f 149/453/114 150/454/114 146/455/114 145/456/114
f 153/457/115 154/458/115 155/459/115 156/460/115
f 158/461/116 157/462/116 160/463/116 159/464/116
f 157/465/117 153/466/117 156/467/117 160/468/117
f 154/469/118 158/470/118 159/471/118 155/472/118
f 156/473/119 155/474/119 159/475/119 160/476/119
f 157/477/120 158/478/120 154/479/120 153/480/120
usemtl abs_shadow
f 161/481/121 162/482/121 163/483/121 164/484/121
f 166/485/122 165/486/122 168/487/122 167/488/122
f 165/489/123 161/490/123 164/491/123 168/492/123
f 162/493/124 166/494/124 167/495/124 163/496/124
f 164/497/125 163/498/125 167/499/125 168/500/125
f 165/501/126 166/502/126 162/503/126 161/504/126
usemtl grime
f 169/505/127 170/506/127 171/507/127 172/508/127
f 174/509/128 173/510/128 176/511/128 175/512/128
f 173/513/129 169/514/129 172/515/129 176/516/129
f 170/517/130 174/518/130 175/519/130 171/520/130
f 172/521/131 171/522/131 175/523/131 176/524/131
f 173/525/132 174/526/132 170/527/132 169/528/132
f 177/529/133 178/530/133 179/531/133 180/532/133
f 182/533/134 181/534/134 184/535/134 183/536/134
f 181/537/135 177/538/135 180/539/135 184/540/135
f 178/541/136 182/542/136 183/543/136 179/544/136
f 180/545/137 179/546/137 183/547/137 184/548/137
f 181/549/138 182/550/138 178/551/138 177/552/138
f 185/553/139 186/554/139 187/555/139 188/556/139
f 190/557/140 189/558/140 192/559/140 191/560/140
f 189/561/141 185/562/141 188/563/141 192/564/141
f 186/565/142 190/566/142 191/567/142 187/568/142
f 188/569/143 187/570/143 191/571/143 192/572/143
f 189/573/144 190/574/144 186/575/144 185/576/144
f 193/577/145 194/578/145 195/579/145 196/580/145
f 198/581/146 197/582/146 200/583/146 199/584/146
f 197/585/147 193/586/147 196/587/147 200/588/147
f 194/589/148 198/590/148 199/591/148 195/592/148
f 196/593/149 195/594/149 199/595/149 200/596/149
f 197/597/150 198/598/150 194/599/150 193/600/150
usemtl dried_wear
f 201/601/151 202/602/151 203/603/151 204/604/151
f 206/605/152 205/606/152 208/607/152 207/608/152
f 205/609/153 201/610/153 204/611/153 208/612/153
f 202/613/154 206/614/154 207/615/154 203/616/154
f 204/617/155 203/618/155 207/619/155 208/620/155
f 205/621/156 206/622/156 202/623/156 201/624/156
f 209/625/157 210/626/157 211/627/157 212/628/157
f 214/629/158 213/630/158 216/631/158 215/632/158
f 213/633/159 209/634/159 212/635/159 216/636/159
f 210/637/160 214/638/160 215/639/160 211/640/160
f 212/641/161 211/642/161 215/643/161 216/644/161
f 213/645/162 214/646/162 210/647/162 209/648/162
f 217/649/163 218/650/163 219/651/163 220/652/163
f 222/653/164 221/654/164 224/655/164 223/656/164
f 221/657/165 217/658/165 220/659/165 224/660/165
f 218/661/166 222/662/166 223/663/166 219/664/166
f 220/665/167 219/666/167 223/667/167 224/668/167
f 221/669/168 222/670/168 218/671/168 217/672/168
f 225/673/169 226/674/169 227/675/169 228/676/169
f 230/677/170 229/678/170 232/679/170 231/680/170
f 229/681/171 225/682/171 228/683/171 232/684/171
f 226/685/172 230/686/172 231/687/172 227/688/172
f 228/689/173 227/690/173 231/691/173 232/692/173
f 229/693/174 230/694/174 226/695/174 225/696/174
usemtl warning_orange
f 233/697/175 234/698/175 235/699/175 236/700/175
f 238/701/176 237/702/176 240/703/176 239/704/176
f 237/705/177 233/706/177 236/707/177 240/708/177
f 234/709/178 238/710/178 239/711/178 235/712/178
f 236/713/179 235/714/179 239/715/179 240/716/179
f 237/717/180 238/718/180 234/719/180 233/720/180
usemtl tape_white
f 241/721/181 242/722/181 243/723/181 244/724/181
f 246/725/182 245/726/182 248/727/182 247/728/182
f 245/729/183 241/730/183 244/731/183 248/732/183
f 242/733/184 246/734/184 247/735/184 243/736/184
f 244/737/185 243/738/185 247/739/185 248/740/185
f 245/741/186 246/742/186 242/743/186 241/744/186
usemtl cabinet_off_white
f 249/745/187 250/746/187 251/747/187 252/748/187
f 254/749/188 253/750/188 256/751/188 255/752/188
f 253/753/189 249/754/189 252/755/189 256/756/189
f 250/757/190 254/758/190 255/759/190 251/760/190
f 252/761/191 251/762/191 255/763/191 256/764/191
f 253/765/192 254/766/192 250/767/192 249/768/192
usemtl cabinet_glass
f 257/769/193 258/770/193 259/771/193 260/772/193
f 262/773/194 261/774/194 264/775/194 263/776/194
f 261/777/195 257/778/195 260/779/195 264/780/195
f 258/781/196 262/782/196 263/783/196 259/784/196
f 260/785/197 259/786/197 263/787/197 264/788/197
f 261/789/198 262/790/198 258/791/198 257/792/198
usemtl stainless
f 265/793/199 266/794/199 267/795/199 268/796/199
f 270/797/200 269/798/200 272/799/200 271/800/200
f 269/801/201 265/802/201 268/803/201 272/804/201
f 266/805/202 270/806/202 271/807/202 267/808/202
f 268/809/203 267/810/203 271/811/203 272/812/203
f 269/813/204 270/814/204 266/815/204 265/816/204
usemtl cabinet_glass
f 273/817/205 274/818/205 275/819/205 276/820/205
f 278/821/206 277/822/206 280/823/206 279/824/206
f 277/825/207 273/826/207 276/827/207 280/828/207
f 274/829/208 278/830/208 279/831/208 275/832/208
f 276/833/209 275/834/209 279/835/209 280/836/209
f 277/837/210 278/838/210 274/839/210 273/840/210
usemtl stainless
f 281/841/211 282/842/211 283/843/211 284/844/211
f 286/845/212 285/846/212 288/847/212 287/848/212
f 285/849/213 281/850/213 284/851/213 288/852/213
f 282/853/214 286/854/214 287/855/214 283/856/214
f 284/857/215 283/858/215 287/859/215 288/860/215
f 285/861/216 286/862/216 282/863/216 281/864/216
usemtl cabinet_glass
f 289/865/217 290/866/217 291/867/217 292/868/217
f 294/869/218 293/870/218 296/871/218 295/872/218
f 293/873/219 289/874/219 292/875/219 296/876/219
f 290/877/220 294/878/220 295/879/220 291/880/220
f 292/881/221 291/882/221 295/883/221 296/884/221
f 293/885/222 294/886/222 290/887/222 289/888/222
usemtl stainless
f 297/889/223 298/890/223 299/891/223 300/892/223
f 302/893/224 301/894/224 304/895/224 303/896/224
f 301/897/225 297/898/225 300/899/225 304/900/225
f 298/901/226 302/902/226 303/903/226 299/904/226
f 300/905/227 299/906/227 303/907/227 304/908/227
f 301/909/228 302/910/228 298/911/228 297/912/228
usemtl abs_shadow
f 305/913/229 306/914/229 307/915/229 308/916/229
f 310/917/230 309/918/230 312/919/230 311/920/230
f 309/921/231 305/922/231 308/923/231 312/924/231
f 306/925/232 310/926/232 311/927/232 307/928/232
f 308/929/233 307/930/233 311/931/233 312/932/233
f 309/933/234 310/934/234 306/935/234 305/936/234
usemtl blanket_desaturated_blue
f 313/937/235 314/938/235 315/939/235 316/940/235
f 318/941/236 317/942/236 320/943/236 319/944/236
f 317/945/237 313/946/237 316/947/237 320/948/237
f 314/949/238 318/950/238 319/951/238 315/952/238
f 316/953/239 315/954/239 319/955/239 320/956/239
f 317/957/240 318/958/240 314/959/240 313/960/240
f 321/961/241 322/962/241 323/963/241 324/964/241
f 326/965/242 325/966/242 328/967/242 327/968/242
f 325/969/243 321/970/243 324/971/243 328/972/243
f 322/973/244 326/974/244 327/975/244 323/976/244
f 324/977/245 323/978/245 327/979/245 328/980/245
f 325/981/246 326/982/246 322/983/246 321/984/246
f 329/985/247 331/986/247 332/987/247 330/988/247
f 331/989/248 333/990/248 334/991/248 332/992/248
f 333/993/249 335/994/249 336/995/249 334/996/249
f 335/997/250 337/998/250 338/999/250 336/1000/250
f 337/1001/251 339/1002/251 340/1003/251 338/1004/251
f 339/1005/252 341/1006/252 342/1007/252 340/1008/252
f 341/1009/253 343/1010/253 344/1011/253 342/1012/253
f 343/1013/254 345/1014/254 346/1015/254 344/1016/254
f 345/1017/255 347/1018/255 348/1019/255 346/1020/255
f 347/1021/256 349/1022/256 350/1023/256 348/1024/256
f 349/1025/257 351/1026/257 352/1027/257 350/1028/257
f 351/1029/258 329/1030/258 330/1031/258 352/1032/258
f 351/1033/259 349/1034/259 347/1035/259 345/1036/259 343/1037/259 341/1038/259 339/1039/259 337/1040/259 335/1041/259 333/1042/259 331/1043/259 329/1044/259
f 330/1045/260 332/1046/260 334/1047/260 336/1048/260 338/1049/260 340/1050/260 342/1051/260 344/1052/260 346/1053/260 348/1054/260 350/1055/260 352/1056/260
f 353/1057/261 355/1058/261 356/1059/261 354/1060/261
f 355/1061/262 357/1062/262 358/1063/262 356/1064/262
f 357/1065/263 359/1066/263 360/1067/263 358/1068/263
f 359/1069/264 361/1070/264 362/1071/264 360/1072/264
f 361/1073/265 363/1074/265 364/1075/265 362/1076/265
f 363/1077/266 365/1078/266 366/1079/266 364/1080/266
f 365/1081/267 367/1082/267 368/1083/267 366/1084/267
f 367/1085/268 369/1086/268 370/1087/268 368/1088/268
f 369/1089/269 371/1090/269 372/1091/269 370/1092/269
f 371/1093/270 373/1094/270 374/1095/270 372/1096/270
f 373/1097/271 375/1098/271 376/1099/271 374/1100/271
f 375/1101/272 353/1102/272 354/1103/272 376/1104/272
f 375/1105/273 373/1106/273 371/1107/273 369/1108/273 367/1109/273 365/1110/273 363/1111/273 361/1112/273 359/1113/273 357/1114/273 355/1115/273 353/1116/273
f 354/1117/274 356/1118/274 358/1119/274 360/1120/274 362/1121/274 364/1122/274 366/1123/274 368/1124/274 370/1125/274 372/1126/274 374/1127/274 376/1128/274
f 377/1129/275 379/1130/275 380/1131/275 378/1132/275
f 379/1133/276 381/1134/276 382/1135/276 380/1136/276
f 381/1137/277 383/1138/277 384/1139/277 382/1140/277
f 383/1141/278 385/1142/278 386/1143/278 384/1144/278
f 385/1145/279 387/1146/279 388/1147/279 386/1148/279
f 387/1149/280 389/1150/280 390/1151/280 388/1152/280
f 389/1153/281 391/1154/281 392/1155/281 390/1156/281
f 391/1157/282 393/1158/282 394/1159/282 392/1160/282
f 393/1161/283 395/1162/283 396/1163/283 394/1164/283
f 395/1165/284 397/1166/284 398/1167/284 396/1168/284
f 397/1169/285 399/1170/285 400/1171/285 398/1172/285
f 399/1173/286 377/1174/286 378/1175/286 400/1176/286
f 399/1177/287 397/1178/287 395/1179/287 393/1180/287 391/1181/287 389/1182/287 387/1183/287 385/1184/287 383/1185/287 381/1186/287 379/1187/287 377/1188/287
f 378/1189/288 380/1190/288 382/1191/288 384/1192/288 386/1193/288 388/1194/288 390/1195/288 392/1196/288 394/1197/288 396/1198/288 398/1199/288 400/1200/288
f 401/1201/289 403/1202/289 404/1203/289 402/1204/289
f 403/1205/290 405/1206/290 406/1207/290 404/1208/290
f 405/1209/291 407/1210/291 408/1211/291 406/1212/291
f 407/1213/292 409/1214/292 410/1215/292 408/1216/292
f 409/1217/293 411/1218/293 412/1219/293 410/1220/293
f 411/1221/294 413/1222/294 414/1223/294 412/1224/294
f 413/1225/295 415/1226/295 416/1227/295 414/1228/295
f 415/1229/296 417/1230/296 418/1231/296 416/1232/296
f 417/1233/297 419/1234/297 420/1235/297 418/1236/297
f 419/1237/298 421/1238/298 422/1239/298 420/1240/298
f 421/1241/299 423/1242/299 424/1243/299 422/1244/299
f 423/1245/300 401/1246/300 402/1247/300 424/1248/300
f 423/1249/301 421/1250/301 419/1251/301 417/1252/301 415/1253/301 413/1254/301 411/1255/301 409/1256/301 407/1257/301 405/1258/301 403/1259/301 401/1260/301
f 402/1261/302 404/1262/302 406/1263/302 408/1264/302 410/1265/302 412/1266/302 414/1267/302 416/1268/302 418/1269/302 420/1270/302 422/1271/302 424/1272/302
usemtl stainless
f 425/1273/303 427/1274/303 428/1275/303 426/1276/303
f 427/1277/304 429/1278/304 430/1279/304 428/1280/304
f 429/1281/305 431/1282/305 432/1283/305 430/1284/305
f 431/1285/306 433/1286/306 434/1287/306 432/1288/306
f 433/1289/307 435/1290/307 436/1291/307 434/1292/307
f 435/1293/308 437/1294/308 438/1295/308 436/1296/308
f 437/1297/309 439/1298/309 440/1299/309 438/1300/309
f 439/1301/310 441/1302/310 442/1303/310 440/1304/310
f 441/1305/311 443/1306/311 444/1307/311 442/1308/311
f 443/1309/312 445/1310/312 446/1311/312 444/1312/312
f 445/1313/313 447/1314/313 448/1315/313 446/1316/313
f 447/1317/314 425/1318/314 426/1319/314 448/1320/314
f 447/1321/315 445/1322/315 443/1323/315 441/1324/315 439/1325/315 437/1326/315 435/1327/315 433/1328/315 431/1329/315 429/1330/315 427/1331/315 425/1332/315
f 426/1333/316 428/1334/316 430/1335/316 432/1336/316 434/1337/316 436/1338/316 438/1339/316 440/1340/316 442/1341/316 444/1342/316 446/1343/316 448/1344/316
usemtl cabinet_off_white
f 449/1345/317 450/1346/317 451/1347/317 452/1348/317
f 454/1349/318 453/1350/318 456/1351/318 455/1352/318
f 453/1353/319 449/1354/319 452/1355/319 456/1356/319
f 450/1357/320 454/1358/320 455/1359/320 451/1360/320
f 452/1361/321 451/1362/321 455/1363/321 456/1364/321
f 453/1365/322 454/1366/322 450/1367/322 449/1368/322
usemtl paper_label
f 457/1369/323 458/1370/323 459/1371/323 460/1372/323
f 462/1373/324 461/1374/324 464/1375/324 463/1376/324
f 461/1377/325 457/1378/325 460/1379/325 464/1380/325
f 458/1381/326 462/1382/326 463/1383/326 459/1384/326
f 460/1385/327 459/1386/327 463/1387/327 464/1388/327
f 461/1389/328 462/1390/328 458/1391/328 457/1392/328
usemtl oxygen_green
f 465/1393/329 466/1394/329 467/1395/329 468/1396/329
f 470/1397/330 469/1398/330 472/1399/330 471/1400/330
f 469/1401/331 465/1402/331 468/1403/331 472/1404/331
f 466/1405/332 470/1406/332 471/1407/332 467/1408/332
f 468/1409/333 467/1410/333 471/1411/333 472/1412/333
f 469/1413/334 470/1414/334 466/1415/334 465/1416/334
usemtl label_blue
f 473/1417/335 474/1418/335 475/1419/335 476/1420/335
f 478/1421/336 477/1422/336 480/1423/336 479/1424/336
f 477/1425/337 473/1426/337 476/1427/337 480/1428/337
f 474/1429/338 478/1430/338 479/1431/338 475/1432/338
f 476/1433/339 475/1434/339 479/1435/339 480/1436/339
f 477/1437/340 478/1438/340 474/1439/340 473/1440/340
usemtl cable_black
f 481/1441/341 482/1442/341 483/1443/341 484/1444/341
f 486/1445/342 485/1446/342 488/1447/342 487/1448/342
f 485/1449/343 481/1450/343 484/1451/343 488/1452/343
f 482/1453/344 486/1454/344 487/1455/344 483/1456/344
f 484/1457/345 483/1458/345 487/1459/345 488/1460/345
f 485/1461/346 486/1462/346 482/1463/346 481/1464/346
f 489/1465/347 490/1466/347 491/1467/347 492/1468/347
f 494/1469/348 493/1470/348 496/1471/348 495/1472/348
f 493/1473/349 489/1474/349 492/1475/349 496/1476/349
f 490/1477/350 494/1478/350 495/1479/350 491/1480/350
f 492/1481/351 491/1482/351 495/1483/351 496/1484/351
f 493/1485/352 494/1486/352 490/1487/352 489/1488/352
usemtl paper_label
f 497/1489/353 498/1490/353 499/1491/353 500/1492/353
f 502/1493/354 501/1494/354 504/1495/354 503/1496/354
f 501/1497/355 497/1498/355 500/1499/355 504/1500/355
f 498/1501/356 502/1502/356 503/1503/356 499/1504/356
f 500/1505/357 499/1506/357 503/1507/357 504/1508/357
f 501/1509/358 502/1510/358 498/1511/358 497/1512/358
usemtl oxygen_green
f 505/1513/359 506/1514/359 507/1515/359 508/1516/359
f 510/1517/360 509/1518/360 512/1519/360 511/1520/360
f 509/1521/361 505/1522/361 508/1523/361 512/1524/361
f 506/1525/362 510/1526/362 511/1527/362 507/1528/362
f 508/1529/363 507/1530/363 511/1531/363 512/1532/363
f 509/1533/364 510/1534/364 506/1535/364 505/1536/364
usemtl label_blue
f 513/1537/365 514/1538/365 515/1539/365 516/1540/365
f 518/1541/366 517/1542/366 520/1543/366 519/1544/366
f 517/1545/367 513/1546/367 516/1547/367 520/1548/367
f 514/1549/368 518/1550/368 519/1551/368 515/1552/368
f 516/1553/369 515/1554/369 519/1555/369 520/1556/369
f 517/1557/370 518/1558/370 514/1559/370 513/1560/370
usemtl cable_black
f 521/1561/371 522/1562/371 523/1563/371 524/1564/371
f 526/1565/372 525/1566/372 528/1567/372 527/1568/372
f 525/1569/373 521/1570/373 524/1571/373 528/1572/373
f 522/1573/374 526/1574/374 527/1575/374 523/1576/374
f 524/1577/375 523/1578/375 527/1579/375 528/1580/375
f 525/1581/376 526/1582/376 522/1583/376 521/1584/376
f 529/1585/377 530/1586/377 531/1587/377 532/1588/377
f 534/1589/378 533/1590/378 536/1591/378 535/1592/378
f 533/1593/379 529/1594/379 532/1595/379 536/1596/379
f 530/1597/380 534/1598/380 535/1599/380 531/1600/380
f 532/1601/381 531/1602/381 535/1603/381 536/1604/381
f 533/1605/382 534/1606/382 530/1607/382 529/1608/382
usemtl paper_label
f 537/1609/383 538/1610/383 539/1611/383 540/1612/383
f 542/1613/384 541/1614/384 544/1615/384 543/1616/384
f 541/1617/385 537/1618/385 540/1619/385 544/1620/385
f 538/1621/386 542/1622/386 543/1623/386 539/1624/386
f 540/1625/387 539/1626/387 543/1627/387 544/1628/387
f 541/1629/388 542/1630/388 538/1631/388 537/1632/388
usemtl oxygen_green
f 545/1633/389 546/1634/389 547/1635/389 548/1636/389
f 550/1637/390 549/1638/390 552/1639/390 551/1640/390
f 549/1641/391 545/1642/391 548/1643/391 552/1644/391
f 546/1645/392 550/1646/392 551/1647/392 547/1648/392
f 548/1649/393 547/1650/393 551/1651/393 552/1652/393
f 549/1653/394 550/1654/394 546/1655/394 545/1656/394
usemtl label_blue
f 553/1657/395 554/1658/395 555/1659/395 556/1660/395
f 558/1661/396 557/1662/396 560/1663/396 559/1664/396
f 557/1665/397 553/1666/397 556/1667/397 560/1668/397
f 554/1669/398 558/1670/398 559/1671/398 555/1672/398
f 556/1673/399 555/1674/399 559/1675/399 560/1676/399
f 557/1677/400 558/1678/400 554/1679/400 553/1680/400
usemtl cable_black
f 561/1681/401 562/1682/401 563/1683/401 564/1684/401
f 566/1685/402 565/1686/402 568/1687/402 567/1688/402
f 565/1689/403 561/1690/403 564/1691/403 568/1692/403
f 562/1693/404 566/1694/404 567/1695/404 563/1696/404
f 564/1697/405 563/1698/405 567/1699/405 568/1700/405
f 565/1701/406 566/1702/406 562/1703/406 561/1704/406
f 569/1705/407 570/1706/407 571/1707/407 572/1708/407
f 574/1709/408 573/1710/408 576/1711/408 575/1712/408
f 573/1713/409 569/1714/409 572/1715/409 576/1716/409
f 570/1717/410 574/1718/410 575/1719/410 571/1720/410
f 572/1721/411 571/1722/411 575/1723/411 576/1724/411
f 573/1725/412 574/1726/412 570/1727/412 569/1728/412
usemtl cabinet_glass
f 577/1729/413 578/1730/413 579/1731/413 580/1732/413
f 582/1733/414 581/1734/414 584/1735/414 583/1736/414
f 581/1737/415 577/1738/415 580/1739/415 584/1740/415
f 578/1741/416 582/1742/416 583/1743/416 579/1744/416
f 580/1745/417 579/1746/417 583/1747/417 584/1748/417
f 581/1749/418 582/1750/418 578/1751/418 577/1752/418
usemtl stainless
f 585/1753/419 586/1754/419 587/1755/419 588/1756/419
f 590/1757/420 589/1758/420 592/1759/420 591/1760/420
f 589/1761/421 585/1762/421 588/1763/421 592/1764/421
f 586/1765/422 590/1766/422 591/1767/422 587/1768/422
f 588/1769/423 587/1770/423 591/1771/423 592/1772/423
f 589/1773/424 590/1774/424 586/1775/424 585/1776/424
usemtl cabinet_glass
f 593/1777/425 594/1778/425 595/1779/425 596/1780/425
f 598/1781/426 597/1782/426 600/1783/426 599/1784/426
f 597/1785/427 593/1786/427 596/1787/427 600/1788/427
f 594/1789/428 598/1790/428 599/1791/428 595/1792/428
f 596/1793/429 595/1794/429 599/1795/429 600/1796/429
f 597/1797/430 598/1798/430 594/1799/430 593/1800/430
usemtl stainless
f 601/1801/431 602/1802/431 603/1803/431 604/1804/431
f 606/1805/432 605/1806/432 608/1807/432 607/1808/432
f 605/1809/433 601/1810/433 604/1811/433 608/1812/433
f 602/1813/434 606/1814/434 607/1815/434 603/1816/434
f 604/1817/435 603/1818/435 607/1819/435 608/1820/435
f 605/1821/436 606/1822/436 602/1823/436 601/1824/436
usemtl amber_light
f 609/1825/437 610/1826/437 611/1827/437 612/1828/437
f 614/1829/438 613/1830/438 616/1831/438 615/1832/438
f 613/1833/439 609/1834/439 612/1835/439 616/1836/439
f 610/1837/440 614/1838/440 615/1839/440 611/1840/440
f 612/1841/441 611/1842/441 615/1843/441 616/1844/441
f 613/1845/442 614/1846/442 610/1847/442 609/1848/442
usemtl soft_white
f 617/1849/443 618/1850/443 619/1851/443 620/1852/443
f 622/1853/444 621/1854/444 624/1855/444 623/1856/444
f 621/1857/445 617/1858/445 620/1859/445 624/1860/445
f 618/1861/446 622/1862/446 623/1863/446 619/1864/446
f 620/1865/447 619/1866/447 623/1867/447 624/1868/447
f 621/1869/448 622/1870/448 618/1871/448 617/1872/448
usemtl stainless
f 625/1873/449 626/1874/449 627/1875/449 628/1876/449
f 630/1877/450 629/1878/450 632/1879/450 631/1880/450
f 629/1881/451 625/1882/451 628/1883/451 632/1884/451
f 626/1885/452 630/1886/452 631/1887/452 627/1888/452
f 628/1889/453 627/1890/453 631/1891/453 632/1892/453
f 629/1893/454 630/1894/454 626/1895/454 625/1896/454
f 633/1897/455 634/1898/455 635/1899/455 636/1900/455
f 638/1901/456 637/1902/456 640/1903/456 639/1904/456
f 637/1905/457 633/1906/457 636/1907/457 640/1908/457
f 634/1909/458 638/1910/458 639/1911/458 635/1912/458
f 636/1913/459 635/1914/459 639/1915/459 640/1916/459
f 637/1917/460 638/1918/460 634/1919/460 633/1920/460
f 641/1921/461 642/1922/461 643/1923/461 644/1924/461
f 646/1925/462 645/1926/462 648/1927/462 647/1928/462
f 645/1929/463 641/1930/463 644/1931/463 648/1932/463
f 642/1933/464 646/1934/464 647/1935/464 643/1936/464
f 644/1937/465 643/1938/465 647/1939/465 648/1940/465
f 645/1941/466 646/1942/466 642/1943/466 641/1944/466
f 649/1945/467 650/1946/467 651/1947/467 652/1948/467
f 654/1949/468 653/1950/468 656/1951/468 655/1952/468
f 653/1953/469 649/1954/469 652/1955/469 656/1956/469
f 650/1957/470 654/1958/470 655/1959/470 651/1960/470
f 652/1961/471 651/1962/471 655/1963/471 656/1964/471
f 653/1965/472 654/1966/472 650/1967/472 649/1968/472
f 657/1969/473 658/1970/473 659/1971/473 660/1972/473
f 662/1973/474 661/1974/474 664/1975/474 663/1976/474
f 661/1977/475 657/1978/475 660/1979/475 664/1980/475
f 658/1981/476 662/1982/476 663/1983/476 659/1984/476
f 660/1985/477 659/1986/477 663/1987/477 664/1988/477
f 661/1989/478 662/1990/478 658/1991/478 657/1992/478
usemtl label_blue
f 665/1993/479 666/1994/479 667/1995/479 668/1996/479
f 670/1997/480 669/1998/480 672/1999/480 671/2000/480
f 669/2001/481 665/2002/481 668/2003/481 672/2004/481
f 666/2005/482 670/2006/482 671/2007/482 667/2008/482
f 668/2009/483 667/2010/483 671/2011/483 672/2012/483
f 669/2013/484 670/2014/484 666/2015/484 665/2016/484
usemtl label_yellow
f 673/2017/485 674/2018/485 675/2019/485 676/2020/485
f 678/2021/486 677/2022/486 680/2023/486 679/2024/486
f 677/2025/487 673/2026/487 676/2027/487 680/2028/487
f 674/2029/488 678/2030/488 679/2031/488 675/2032/488
f 676/2033/489 675/2034/489 679/2035/489 680/2036/489
f 677/2037/490 678/2038/490 674/2039/490 673/2040/490
usemtl warning_orange
f 681/2041/491 682/2042/491 683/2043/491 684/2044/491
f 686/2045/492 685/2046/492 688/2047/492 687/2048/492
f 685/2049/493 681/2050/493 684/2051/493 688/2052/493
f 682/2053/494 686/2054/494 687/2055/494 683/2056/494
f 684/2057/495 683/2058/495 687/2059/495 688/2060/495
f 685/2061/496 686/2062/496 682/2063/496 681/2064/496
usemtl tape_white
f 689/2065/497 690/2066/497 691/2067/497 692/2068/497
f 694/2069/498 693/2070/498 696/2071/498 695/2072/498
f 693/2073/499 689/2074/499 692/2075/499 696/2076/499
f 690/2077/500 694/2078/500 695/2079/500 691/2080/500
f 692/2081/501 691/2082/501 695/2083/501 696/2084/501
f 693/2085/502 694/2086/502 690/2087/502 689/2088/502
usemtl label_blue
f 697/2089/503 698/2090/503 699/2091/503 700/2092/503
f 702/2093/504 701/2094/504 704/2095/504 703/2096/504
f 701/2097/505 697/2098/505 700/2099/505 704/2100/505
f 698/2101/506 702/2102/506 703/2103/506 699/2104/506
f 700/2105/507 699/2106/507 703/2107/507 704/2108/507
f 701/2109/508 702/2110/508 698/2111/508 697/2112/508
usemtl grime
f 705/2113/509 706/2114/509 707/2115/509 708/2116/509
f 710/2117/510 709/2118/510 712/2119/510 711/2120/510
f 709/2121/511 705/2122/511 708/2123/511 712/2124/511
f 706/2125/512 710/2126/512 711/2127/512 707/2128/512
f 708/2129/513 707/2130/513 711/2131/513 712/2132/513
f 709/2133/514 710/2134/514 706/2135/514 705/2136/514
