# Generated by tools/generate_ambulance_proxy_meshes.py
mtllib ambulance_proxy_materials.mtl
o ambulance_patient_stretcher_runtime
v -0.335000 0.025000 -0.930000
v 0.335000 0.025000 -0.930000
v 0.335000 0.135000 -0.930000
v -0.335000 0.135000 -0.930000
v -0.335000 0.025000 0.930000
v 0.335000 0.025000 0.930000
v 0.335000 0.135000 0.930000
v -0.335000 0.135000 0.930000
v -0.390000 0.025000 -0.875000
v 0.390000 0.025000 -0.875000
v 0.390000 0.135000 -0.875000
v -0.390000 0.135000 -0.875000
v -0.390000 0.025000 0.875000
v 0.390000 0.025000 0.875000
v 0.390000 0.135000 0.875000
v -0.390000 0.135000 0.875000
v -0.280000 0.025000 -0.875000
v -0.280000 0.135000 -0.875000
v -0.287369 0.025000 -0.847500
v -0.287369 0.135000 -0.847500
v -0.307500 0.025000 -0.827369
v -0.307500 0.135000 -0.827369
v -0.335000 0.025000 -0.820000
v -0.335000 0.135000 -0.820000
v -0.362500 0.025000 -0.827369
v -0.362500 0.135000 -0.827369
v -0.382631 0.025000 -0.847500
v -0.382631 0.135000 -0.847500
v -0.390000 0.025000 -0.875000
v -0.390000 0.135000 -0.875000
v -0.382631 0.025000 -0.902500
v -0.382631 0.135000 -0.902500
v -0.362500 0.025000 -0.922631
v -0.362500 0.135000 -0.922631
v -0.335000 0.025000 -0.930000
v -0.335000 0.135000 -0.930000
v -0.307500 0.025000 -0.922631
v -0.307500 0.135000 -0.922631
v -0.287369 0.025000 -0.902500
v -0.287369 0.135000 -0.902500
v -0.280000 0.025000 0.875000
v -0.280000 0.135000 0.875000
v -0.287369 0.025000 0.902500
v -0.287369 0.135000 0.902500
v -0.307500 0.025000 0.922631
v -0.307500 0.135000 0.922631
v -0.335000 0.025000 0.930000
v -0.335000 0.135000 0.930000
v -0.362500 0.025000 0.922631
v -0.362500 0.135000 0.922631
v -0.382631 0.025000 0.902500
v -0.382631 0.135000 0.902500
v -0.390000 0.025000 0.875000
v -0.390000 0.135000 0.875000
v -0.382631 0.025000 0.847500
v -0.382631 0.135000 0.847500
v -0.362500 0.025000 0.827369
v -0.362500 0.135000 0.827369
v -0.335000 0.025000 0.820000
v -0.335000 0.135000 0.820000
v -0.307500 0.025000 0.827369
v -0.307500 0.135000 0.827369
v -0.287369 0.025000 0.847500
v -0.287369 0.135000 0.847500
v 0.390000 0.025000 -0.875000
v 0.390000 0.135000 -0.875000
v 0.382631 0.025000 -0.847500
v 0.382631 0.135000 -0.847500
v 0.362500 0.025000 -0.827369
v 0.362500 0.135000 -0.827369
v 0.335000 0.025000 -0.820000
v 0.335000 0.135000 -0.820000
v 0.307500 0.025000 -0.827369
v 0.307500 0.135000 -0.827369
v 0.287369 0.025000 -0.847500
v 0.287369 0.135000 -0.847500
v 0.280000 0.025000 -0.875000
v 0.280000 0.135000 -0.875000
v 0.287369 0.025000 -0.902500
v 0.287369 0.135000 -0.902500
v 0.307500 0.025000 -0.922631
v 0.307500 0.135000 -0.922631
v 0.335000 0.025000 -0.930000
v 0.335000 0.135000 -0.930000
v 0.362500 0.025000 -0.922631
v 0.362500 0.135000 -0.922631
v 0.382631 0.025000 -0.902500
v 0.382631 0.135000 -0.902500
v 0.390000 0.025000 0.875000
v 0.390000 0.135000 0.875000
v 0.382631 0.025000 0.902500
v 0.382631 0.135000 0.902500
v 0.362500 0.025000 0.922631
v 0.362500 0.135000 0.922631
v 0.335000 0.025000 0.930000
v 0.335000 0.135000 0.930000
v 0.307500 0.025000 0.922631
v 0.307500 0.135000 0.922631
v 0.287369 0.025000 0.902500
v 0.287369 0.135000 0.902500
v 0.280000 0.025000 0.875000
v 0.280000 0.135000 0.875000
v 0.287369 0.025000 0.847500
v 0.287369 0.135000 0.847500
v 0.307500 0.025000 0.827369
v 0.307500 0.135000 0.827369
v 0.335000 0.025000 0.820000
v 0.335000 0.135000 0.820000
v 0.362500 0.025000 0.827369
v 0.362500 0.135000 0.827369
v 0.382631 0.025000 0.847500
v 0.382631 0.135000 0.847500
v -0.280000 0.160000 -0.880000
v 0.280000 0.160000 -0.880000
v 0.280000 0.300000 -0.880000
v -0.280000 0.300000 -0.880000
v -0.280000 0.160000 0.680000
v 0.280000 0.160000 0.680000
v 0.280000 0.300000 0.680000
v -0.280000 0.300000 0.680000
v -0.350000 0.160000 -0.810000
v 0.350000 0.160000 -0.810000
v 0.350000 0.300000 -0.810000
v -0.350000 0.300000 -0.810000
v -0.350000 0.160000 0.610000
v 0.350000 0.160000 0.610000
v 0.350000 0.300000 0.610000
v -0.350000 0.300000 0.610000
v -0.210000 0.160000 -0.810000
v -0.210000 0.300000 -0.810000
v -0.216932 0.160000 -0.779628
v -0.216932 0.300000 -0.779628
v -0.236356 0.160000 -0.755272
v -0.236356 0.300000 -0.755272
v -0.264424 0.160000 -0.741755
v -0.264424 0.300000 -0.741755
v -0.295576 0.160000 -0.741755
v -0.295576 0.300000 -0.741755
v -0.323644 0.160000 -0.755272
v -0.323644 0.300000 -0.755272
v -0.343068 0.160000 -0.779628
v -0.343068 0.300000 -0.779628
v -0.350000 0.160000 -0.810000
v -0.350000 0.300000 -0.810000
v -0.343068 0.160000 -0.840372
v -0.343068 0.300000 -0.840372
v -0.323644 0.160000 -0.864728
v -0.323644 0.300000 -0.864728
v -0.295576 0.160000 -0.878245
v -0.295576 0.300000 -0.878245
v -0.264424 0.160000 -0.878245
v -0.264424 0.300000 -0.878245
v -0.236356 0.160000 -0.864728
v -0.236356 0.300000 -0.864728
v -0.216932 0.160000 -0.840372
v -0.216932 0.300000 -0.840372
v -0.210000 0.160000 0.610000
v -0.210000 0.300000 0.610000
v -0.216932 0.160000 0.640372
v -0.216932 0.300000 0.640372
v -0.236356 0.160000 0.664728
v -0.236356 0.300000 0.664728
v -0.264424 0.160000 0.678245
v -0.264424 0.300000 0.678245
v -0.295576 0.160000 0.678245
v -0.295576 0.300000 0.678245
v -0.323644 0.160000 0.664728
v -0.323644 0.300000 0.664728
v -0.343068 0.160000 0.640372
v -0.343068 0.300000 0.640372
v -0.350000 0.160000 0.610000
v -0.350000 0.300000 0.610000
v -0.343068 0.160000 0.579628
v -0.343068 0.300000 0.579628
v -0.323644 0.160000 0.555272
v -0.323644 0.300000 0.555272
v -0.295576 0.160000 0.541755
v -0.295576 0.300000 0.541755
v -0.264424 0.160000 0.541755
v -0.264424 0.300000 0.541755
v -0.236356 0.160000 0.555272
v -0.236356 0.300000 0.555272
v -0.216932 0.160000 0.579628
v -0.216932 0.300000 0.579628
v 0.350000 0.160000 -0.810000
v 0.350000 0.300000 -0.810000
v 0.343068 0.160000 -0.779628
v 0.343068 0.300000 -0.779628
v 0.323644 0.160000 -0.755272
v 0.323644 0.300000 -0.755272
v 0.295576 0.160000 -0.741755
v 0.295576 0.300000 -0.741755
v 0.264424 0.160000 -0.741755
v 0.264424 0.300000 -0.741755
v 0.236356 0.160000 -0.755272
v 0.236356 0.300000 -0.755272
v 0.216932 0.160000 -0.779628
v 0.216932 0.300000 -0.779628
v 0.210000 0.160000 -0.810000
v 0.210000 0.300000 -0.810000
v 0.216932 0.160000 -0.840372
v 0.216932 0.300000 -0.840372
v 0.236356 0.160000 -0.864728
v 0.236356 0.300000 -0.864728
v 0.264424 0.160000 -0.878245
v 0.264424 0.300000 -0.878245
v 0.295576 0.160000 -0.878245
v 0.295576 0.300000 -0.878245
v 0.323644 0.160000 -0.864728
v 0.323644 0.300000 -0.864728
v 0.343068 0.160000 -0.840372
v 0.343068 0.300000 -0.840372
v 0.350000 0.160000 0.610000
v 0.350000 0.300000 0.610000
v 0.343068 0.160000 0.640372
v 0.343068 0.300000 0.640372
v 0.323644 0.160000 0.664728
v 0.323644 0.300000 0.664728
v 0.295576 0.160000 0.678245
v 0.295576 0.300000 0.678245
v 0.264424 0.160000 0.678245
v 0.264424 0.300000 0.678245
v 0.236356 0.160000 0.664728
v 0.236356 0.300000 0.664728
v 0.216932 0.160000 0.640372
v 0.216932 0.300000 0.640372
v 0.210000 0.160000 0.610000
v 0.210000 0.300000 0.610000
v 0.216932 0.160000 0.579628
v 0.216932 0.300000 0.579628
v 0.236356 0.160000 0.555272
v 0.236356 0.300000 0.555272
v 0.264424 0.160000 0.541755
v 0.264424 0.300000 0.541755
v 0.295576 0.160000 0.541755
v 0.295576 0.300000 0.541755
v 0.323644 0.160000 0.555272
v 0.323644 0.300000 0.555272
v 0.343068 0.160000 0.579628
v 0.343068 0.300000 0.579628
v -0.300000 0.260000 -0.785000
v 0.300000 0.260000 -0.785000
v 0.300000 0.380000 -0.785000
v -0.300000 0.380000 -0.785000
v -0.300000 0.260000 0.265000
v 0.300000 0.260000 0.265000
v 0.300000 0.380000 0.265000
v -0.300000 0.380000 0.265000
v -0.360000 0.260000 -0.725000
v 0.360000 0.260000 -0.725000
v 0.360000 0.380000 -0.725000
v -0.360000 0.380000 -0.725000
v -0.360000 0.260000 0.205000
v 0.360000 0.260000 0.205000
v 0.360000 0.380000 0.205000
v -0.360000 0.380000 0.205000
v -0.240000 0.260000 -0.725000
v -0.240000 0.380000 -0.725000
v -0.245942 0.260000 -0.698967
v -0.245942 0.380000 -0.698967
v -0.262591 0.260000 -0.678090
v -0.262591 0.380000 -0.678090
v -0.286649 0.260000 -0.666504
v -0.286649 0.380000 -0.666504
v -0.313351 0.260000 -0.666504
v -0.313351 0.380000 -0.666504
v -0.337409 0.260000 -0.678090
v -0.337409 0.380000 -0.678090
v -0.354058 0.260000 -0.698967
v -0.354058 0.380000 -0.698967
v -0.360000 0.260000 -0.725000
v -0.360000 0.380000 -0.725000
v -0.354058 0.260000 -0.751033
v -0.354058 0.380000 -0.751033
v -0.337409 0.260000 -0.771910
v -0.337409 0.380000 -0.771910
v -0.313351 0.260000 -0.783496
v -0.313351 0.380000 -0.783496
v -0.286649 0.260000 -0.783496
v -0.286649 0.380000 -0.783496
v -0.262591 0.260000 -0.771910
v -0.262591 0.380000 -0.771910
v -0.245942 0.260000 -0.751033
v -0.245942 0.380000 -0.751033
v -0.240000 0.260000 0.205000
v -0.240000 0.380000 0.205000
v -0.245942 0.260000 0.231033
v -0.245942 0.380000 0.231033
v -0.262591 0.260000 0.251910
v -0.262591 0.380000 0.251910
v -0.286649 0.260000 0.263496
v -0.286649 0.380000 0.263496
v -0.313351 0.260000 0.263496
v -0.313351 0.380000 0.263496
v -0.337409 0.260000 0.251910
v -0.337409 0.380000 0.251910
v -0.354058 0.260000 0.231033
v -0.354058 0.380000 0.231033
v -0.360000 0.260000 0.205000
v -0.360000 0.380000 0.205000
v -0.354058 0.260000 0.178967
v -0.354058 0.380000 0.178967
v -0.337409 0.260000 0.158090
v -0.337409 0.380000 0.158090
v -0.313351 0.260000 0.146504
v -0.313351 0.380000 0.146504
v -0.286649 0.260000 0.146504
v -0.286649 0.380000 0.146504
v -0.262591 0.260000 0.158090
v -0.262591 0.380000 0.158090
v -0.245942 0.260000 0.178967
v -0.245942 0.380000 0.178967
v 0.360000 0.260000 -0.725000
v 0.360000 0.380000 -0.725000
v 0.354058 0.260000 -0.698967
v 0.354058 0.380000 -0.698967
v 0.337409 0.260000 -0.678090
v 0.337409 0.380000 -0.678090
v 0.313351 0.260000 -0.666504
v 0.313351 0.380000 -0.666504
v 0.286649 0.260000 -0.666504
v 0.286649 0.380000 -0.666504
v 0.262591 0.260000 -0.678090
v 0.262591 0.380000 -0.678090
v 0.245942 0.260000 -0.698967
v 0.245942 0.380000 -0.698967
v 0.240000 0.260000 -0.725000
v 0.240000 0.380000 -0.725000
v 0.245942 0.260000 -0.751033
v 0.245942 0.380000 -0.751033
v 0.262591 0.260000 -0.771910
v 0.262591 0.380000 -0.771910
v 0.286649 0.260000 -0.783496
v 0.286649 0.380000 -0.783496
v 0.313351 0.260000 -0.783496
v 0.313351 0.380000 -0.783496
v 0.337409 0.260000 -0.771910
v 0.337409 0.380000 -0.771910
v 0.354058 0.260000 -0.751033
v 0.354058 0.380000 -0.751033
v 0.360000 0.260000 0.205000
v 0.360000 0.380000 0.205000
v 0.354058 0.260000 0.231033
v 0.354058 0.380000 0.231033
v 0.337409 0.260000 0.251910
v 0.337409 0.380000 0.251910
v 0.313351 0.260000 0.263496
v 0.313351 0.380000 0.263496
v 0.286649 0.260000 0.263496
v 0.286649 0.380000 0.263496
v 0.262591 0.260000 0.251910
v 0.262591 0.380000 0.251910
v 0.245942 0.260000 0.231033
v 0.245942 0.380000 0.231033
v 0.240000 0.260000 0.205000
v 0.240000 0.380000 0.205000
v 0.245942 0.260000 0.178967
v 0.245942 0.380000 0.178967
v 0.262591 0.260000 0.158090
v 0.262591 0.380000 0.158090
v 0.286649 0.260000 0.146504
v 0.286649 0.380000 0.146504
v 0.313351 0.260000 0.146504
v 0.313351 0.380000 0.146504
v 0.337409 0.260000 0.158090
v 0.337409 0.380000 0.158090
v 0.354058 0.260000 0.178967
v 0.354058 0.380000 0.178967
v -0.205000 0.285000 0.490000
v 0.205000 0.285000 0.490000
v 0.205000 0.395000 0.490000
v -0.205000 0.395000 0.490000
v -0.205000 0.285000 0.850000
v 0.205000 0.285000 0.850000
v 0.205000 0.395000 0.850000
v -0.205000 0.395000 0.850000
v -0.260000 0.285000 0.545000
v 0.260000 0.285000 0.545000
v 0.260000 0.395000 0.545000
v -0.260000 0.395000 0.545000
v -0.260000 0.285000 0.795000
v 0.260000 0.285000 0.795000
v 0.260000 0.395000 0.795000
v -0.260000 0.395000 0.795000
v -0.150000 0.285000 0.545000
v -0.150000 0.395000 0.545000
v -0.157369 0.285000 0.572500
v -0.157369 0.395000 0.572500
v -0.177500 0.285000 0.592631
v -0.177500 0.395000 0.592631
v -0.205000 0.285000 0.600000
v -0.205000 0.395000 0.600000
v -0.232500 0.285000 0.592631
v -0.232500 0.395000 0.592631
v -0.252631 0.285000 0.572500
v -0.252631 0.395000 0.572500
v -0.260000 0.285000 0.545000
v -0.260000 0.395000 0.545000
v -0.252631 0.285000 0.517500
v -0.252631 0.395000 0.517500
v -0.232500 0.285000 0.497369
v -0.232500 0.395000 0.497369
v -0.205000 0.285000 0.490000
v -0.205000 0.395000 0.490000
v -0.177500 0.285000 0.497369
v -0.177500 0.395000 0.497369
v -0.157369 0.285000 0.517500
v -0.157369 0.395000 0.517500
v -0.150000 0.285000 0.795000
v -0.150000 0.395000 0.795000
v -0.157369 0.285000 0.822500
v -0.157369 0.395000 0.822500
v -0.177500 0.285000 0.842631
v -0.177500 0.395000 0.842631
v -0.205000 0.285000 0.850000
v -0.205000 0.395000 0.850000
v -0.232500 0.285000 0.842631
v -0.232500 0.395000 0.842631
v -0.252631 0.285000 0.822500
v -0.252631 0.395000 0.822500
v -0.260000 0.285000 0.795000
v -0.260000 0.395000 0.795000
v -0.252631 0.285000 0.767500
v -0.252631 0.395000 0.767500
v -0.232500 0.285000 0.747369
v -0.232500 0.395000 0.747369
v -0.205000 0.285000 0.740000
v -0.205000 0.395000 0.740000
v -0.177500 0.285000 0.747369
v -0.177500 0.395000 0.747369
v -0.157369 0.285000 0.767500
v -0.157369 0.395000 0.767500
v 0.260000 0.285000 0.545000
v 0.260000 0.395000 0.545000
v 0.252631 0.285000 0.572500
v 0.252631 0.395000 0.572500
v 0.232500 0.285000 0.592631
v 0.232500 0.395000 0.592631
v 0.205000 0.285000 0.600000
v 0.205000 0.395000 0.600000
v 0.177500 0.285000 0.592631
v 0.177500 0.395000 0.592631
v 0.157369 0.285000 0.572500
v 0.157369 0.395000 0.572500
v 0.150000 0.285000 0.545000
v 0.150000 0.395000 0.545000
v 0.157369 0.285000 0.517500
v 0.157369 0.395000 0.517500
v 0.177500 0.285000 0.497369
v 0.177500 0.395000 0.497369
v 0.205000 0.285000 0.490000
v 0.205000 0.395000 0.490000
v 0.232500 0.285000 0.497369
v 0.232500 0.395000 0.497369
v 0.252631 0.285000 0.517500
v 0.252631 0.395000 0.517500
v 0.260000 0.285000 0.795000
v 0.260000 0.395000 0.795000
v 0.252631 0.285000 0.822500
v 0.252631 0.395000 0.822500
v 0.232500 0.285000 0.842631
v 0.232500 0.395000 0.842631
v 0.205000 0.285000 0.850000
v 0.205000 0.395000 0.850000
v 0.177500 0.285000 0.842631
v 0.177500 0.395000 0.842631
v 0.157369 0.285000 0.822500
v 0.157369 0.395000 0.822500
v 0.150000 0.285000 0.795000
v 0.150000 0.395000 0.795000
v 0.157369 0.285000 0.767500
v 0.157369 0.395000 0.767500
v 0.177500 0.285000 0.747369
v 0.177500 0.395000 0.747369
v 0.205000 0.285000 0.740000
v 0.205000 0.395000 0.740000
v 0.232500 0.285000 0.747369
v 0.232500 0.395000 0.747369
v 0.252631 0.285000 0.767500
v 0.252631 0.395000 0.767500
v -0.340000 0.381000 -0.732000
v 0.340000 0.381000 -0.732000
v 0.340000 0.399000 -0.732000
v -0.340000 0.399000 -0.732000
v -0.340000 0.381000 -0.708000
v 0.340000 0.381000 -0.708000
v 0.340000 0.399000 -0.708000
v -0.340000 0.399000 -0.708000
v -0.340000 0.381000 -0.452000
v 0.340000 0.381000 -0.452000
v 0.340000 0.399000 -0.452000
v -0.340000 0.399000 -0.452000
v -0.340000 0.381000 -0.428000
v 0.340000 0.381000 -0.428000
v 0.340000 0.399000 -0.428000
v -0.340000 0.399000 -0.428000
v -0.340000 0.381000 -0.172000
v 0.340000 0.381000 -0.172000
v 0.340000 0.399000 -0.172000
v -0.340000 0.399000 -0.172000
v -0.340000 0.381000 -0.148000
v 0.340000 0.381000 -0.148000
v 0.340000 0.399000 -0.148000
v -0.340000 0.399000 -0.148000
v -0.340000 0.381000 0.108000
v 0.340000 0.381000 0.108000
v 0.340000 0.399000 0.108000
v -0.340000 0.399000 0.108000
v -0.340000 0.381000 0.132000
v 0.340000 0.381000 0.132000
v 0.340000 0.399000 0.132000
v -0.340000 0.399000 0.132000
v -0.400000 0.407500 -0.460000
v 0.400000 0.407500 -0.460000
v 0.400000 0.452500 -0.460000
v -0.400000 0.452500 -0.460000
v -0.400000 0.407500 -0.380000
v 0.400000 0.407500 -0.380000
v 0.400000 0.452500 -0.380000
v -0.400000 0.452500 -0.380000
v -0.400000 0.407500 0.220000
v 0.400000 0.407500 0.220000
v 0.400000 0.452500 0.220000
v -0.400000 0.452500 0.220000
v -0.400000 0.407500 0.300000
v 0.400000 0.407500 0.300000
v 0.400000 0.452500 0.300000
v -0.400000 0.452500 0.300000
v -0.430000 0.462000 -0.575000
v 0.430000 0.462000 -0.575000
v 0.430000 0.488000 -0.575000
v -0.430000 0.488000 -0.575000
v -0.430000 0.462000 -0.525000
v 0.430000 0.462000 -0.525000
v 0.430000 0.488000 -0.525000
v -0.430000 0.488000 -0.525000
v -0.457500 0.471000 -0.585000
v -0.402500 0.471000 -0.585000
v -0.402500 0.505000 -0.585000
v -0.457500 0.505000 -0.585000
v -0.457500 0.471000 -0.515000
v -0.402500 0.471000 -0.515000
v -0.402500 0.505000 -0.515000
v -0.457500 0.505000 -0.515000
v -0.430000 0.462000 -0.085000
v 0.430000 0.462000 -0.085000
v 0.430000 0.488000 -0.085000
v -0.430000 0.488000 -0.085000
v -0.430000 0.462000 -0.035000
v 0.430000 0.462000 -0.035000
v 0.430000 0.488000 -0.035000
v -0.430000 0.488000 -0.035000
v -0.457500 0.471000 -0.095000
v -0.402500 0.471000 -0.095000
v -0.402500 0.505000 -0.095000
v -0.457500 0.505000 -0.095000
v -0.457500 0.471000 -0.025000
v -0.402500 0.471000 -0.025000
v -0.402500 0.505000 -0.025000
v -0.457500 0.505000 -0.025000
v -0.430000 0.462000 0.395000
v 0.430000 0.462000 0.395000
v 0.430000 0.488000 0.395000
v -0.430000 0.488000 0.395000
v -0.430000 0.462000 0.445000
v 0.430000 0.462000 0.445000
v 0.430000 0.488000 0.445000
v -0.430000 0.488000 0.445000
v -0.457500 0.471000 0.385000
v -0.402500 0.471000 0.385000
v -0.402500 0.505000 0.385000
v -0.457500 0.505000 0.385000
v -0.457500 0.471000 0.455000
v -0.402500 0.471000 0.455000
v -0.402500 0.505000 0.455000
v -0.457500 0.505000 0.455000
v 0.230000 0.442500 0.665000
v 0.410000 0.442500 0.665000
v 0.410000 0.467500 0.665000
v 0.230000 0.467500 0.665000
v 0.230000 0.442500 0.775000
v 0.410000 0.442500 0.775000
v 0.410000 0.467500 0.775000
v 0.230000 0.467500 0.775000
v 0.260000 0.465000 0.709000
v 0.380000 0.465000 0.709000
v 0.380000 0.481000 0.709000
v 0.260000 0.481000 0.709000
v 0.260000 0.465000 0.731000
v 0.380000 0.465000 0.731000
v 0.380000 0.481000 0.731000
v 0.260000 0.481000 0.731000
v -0.492000 0.350000 -0.880000
v -0.492000 0.350000 0.880000
v -0.489053 0.339000 -0.880000
v -0.489053 0.339000 0.880000
v -0.481000 0.330947 -0.880000
v -0.481000 0.330947 0.880000
v -0.470000 0.328000 -0.880000
v -0.470000 0.328000 0.880000
v -0.459000 0.330947 -0.880000
v -0.459000 0.330947 0.880000
v -0.450947 0.339000 -0.880000
v -0.450947 0.339000 0.880000
v -0.448000 0.350000 -0.880000
v -0.448000 0.350000 0.880000
v -0.450947 0.361000 -0.880000
v -0.450947 0.361000 0.880000
v -0.459000 0.369053 -0.880000
v -0.459000 0.369053 0.880000
v -0.470000 0.372000 -0.880000
v -0.470000 0.372000 0.880000
v -0.481000 0.369053 -0.880000
v -0.481000 0.369053 0.880000
v -0.489053 0.361000 -0.880000
v -0.489053 0.361000 0.880000
v -0.490000 0.500000 -0.840000
v -0.490000 0.500000 0.840000
v -0.487321 0.490000 -0.840000
v -0.487321 0.490000 0.840000
v -0.480000 0.482679 -0.840000
v -0.480000 0.482679 0.840000
v -0.470000 0.480000 -0.840000
v -0.470000 0.480000 0.840000
v -0.460000 0.482679 -0.840000
v -0.460000 0.482679 0.840000
v -0.452679 0.490000 -0.840000
v -0.452679 0.490000 0.840000
v -0.450000 0.500000 -0.840000
v -0.450000 0.500000 0.840000
v -0.452679 0.510000 -0.840000
v -0.452679 0.510000 0.840000
v -0.460000 0.517321 -0.840000
v -0.460000 0.517321 0.840000
v -0.470000 0.520000 -0.840000
v -0.470000 0.520000 0.840000
v -0.480000 0.517321 -0.840000
v -0.480000 0.517321 0.840000
v -0.487321 0.510000 -0.840000
v -0.487321 0.510000 0.840000
v -0.444000 0.020000 -0.650000
v -0.444000 -0.700000 -0.650000
v -0.447483 0.020000 -0.637000
v -0.447483 -0.700000 -0.637000
v -0.457000 0.020000 -0.627483
v -0.457000 -0.700000 -0.627483
v -0.470000 0.020000 -0.624000
v -0.470000 -0.700000 -0.624000
v -0.483000 0.020000 -0.627483
v -0.483000 -0.700000 -0.627483
v -0.492517 0.020000 -0.637000
v -0.492517 -0.700000 -0.637000
v -0.496000 0.020000 -0.650000
v -0.496000 -0.700000 -0.650000
v -0.492517 0.020000 -0.663000
v -0.492517 -0.700000 -0.663000
v -0.483000 0.020000 -0.672517
v -0.483000 -0.700000 -0.672517
v -0.470000 0.020000 -0.676000
v -0.470000 -0.700000 -0.676000
v -0.457000 0.020000 -0.672517
v -0.457000 -0.700000 -0.672517
v -0.447483 0.020000 -0.663000
v -0.447483 -0.700000 -0.663000
v -0.281600 -0.785000 -0.650000
v -0.281600 -0.735000 -0.650000
v -0.288070 -0.785000 -0.617472
v -0.288070 -0.735000 -0.617472
v -0.306496 -0.785000 -0.589896
v -0.306496 -0.735000 -0.589896
v -0.334072 -0.785000 -0.571470
v -0.334072 -0.735000 -0.571470
v -0.366600 -0.785000 -0.565000
v -0.366600 -0.735000 -0.565000
v -0.399128 -0.785000 -0.571470
v -0.399128 -0.735000 -0.571470
v -0.426704 -0.785000 -0.589896
v -0.426704 -0.735000 -0.589896
v -0.445130 -0.785000 -0.617472
v -0.445130 -0.735000 -0.617472
v -0.451600 -0.785000 -0.650000
v -0.451600 -0.735000 -0.650000
v -0.445130 -0.785000 -0.682528
v -0.445130 -0.735000 -0.682528
v -0.426704 -0.785000 -0.710104
v -0.426704 -0.735000 -0.710104
v -0.399128 -0.785000 -0.728530
v -0.399128 -0.735000 -0.728530
v -0.366600 -0.785000 -0.735000
v -0.366600 -0.735000 -0.735000
v -0.334072 -0.785000 -0.728530
v -0.334072 -0.735000 -0.728530
v -0.306496 -0.785000 -0.710104
v -0.306496 -0.735000 -0.710104
v -0.288070 -0.785000 -0.682528
v -0.288070 -0.735000 -0.682528
v -0.444000 0.020000 0.650000
v -0.444000 -0.700000 0.650000
v -0.447483 0.020000 0.663000
v -0.447483 -0.700000 0.663000
v -0.457000 0.020000 0.672517
v -0.457000 -0.700000 0.672517
v -0.470000 0.020000 0.676000
v -0.470000 -0.700000 0.676000
v -0.483000 0.020000 0.672517
v -0.483000 -0.700000 0.672517
v -0.492517 0.020000 0.663000
v -0.492517 -0.700000 0.663000
v -0.496000 0.020000 0.650000
v -0.496000 -0.700000 0.650000
v -0.492517 0.020000 0.637000
v -0.492517 -0.700000 0.637000
v -0.483000 0.020000 0.627483
v -0.483000 -0.700000 0.627483
v -0.470000 0.020000 0.624000
v -0.470000 -0.700000 0.624000
v -0.457000 0.020000 0.627483
v -0.457000 -0.700000 0.627483
v -0.447483 0.020000 0.637000
v -0.447483 -0.700000 0.637000
v -0.281600 -0.785000 0.650000
v -0.281600 -0.735000 0.650000
v -0.288070 -0.785000 0.682528
v -0.288070 -0.735000 0.682528
v -0.306496 -0.785000 0.710104
v -0.306496 -0.735000 0.710104
v -0.334072 -0.785000 0.728530
v -0.334072 -0.735000 0.728530
v -0.366600 -0.785000 0.735000
v -0.366600 -0.735000 0.735000
v -0.399128 -0.785000 0.728530
v -0.399128 -0.735000 0.728530
v -0.426704 -0.785000 0.710104
v -0.426704 -0.735000 0.710104
v -0.445130 -0.785000 0.682528
v -0.445130 -0.735000 0.682528
v -0.451600 -0.785000 0.650000
v -0.451600 -0.735000 0.650000
v -0.445130 -0.785000 0.617472
v -0.445130 -0.735000 0.617472
v -0.426704 -0.785000 0.589896
v -0.426704 -0.735000 0.589896
v -0.399128 -0.785000 0.571470
v -0.399128 -0.735000 0.571470
v -0.366600 -0.785000 0.565000
v -0.366600 -0.735000 0.565000
v -0.334072 -0.785000 0.571470
v -0.334072 -0.735000 0.571470
v -0.306496 -0.785000 0.589896
v -0.306496 -0.735000 0.589896
v -0.288070 -0.785000 0.617472
v -0.288070 -0.735000 0.617472
v 0.448000 0.350000 -0.880000
v 0.448000 0.350000 0.880000
v 0.450947 0.339000 -0.880000
v 0.450947 0.339000 0.880000
v 0.459000 0.330947 -0.880000
v 0.459000 0.330947 0.880000
v 0.470000 0.328000 -0.880000
v 0.470000 0.328000 0.880000
v 0.481000 0.330947 -0.880000
v 0.481000 0.330947 0.880000
v 0.489053 0.339000 -0.880000
v 0.489053 0.339000 0.880000
v 0.492000 0.350000 -0.880000
v 0.492000 0.350000 0.880000
v 0.489053 0.361000 -0.880000
v 0.489053 0.361000 0.880000
v 0.481000 0.369053 -0.880000
v 0.481000 0.369053 0.880000
v 0.470000 0.372000 -0.880000
v 0.470000 0.372000 0.880000
v 0.459000 0.369053 -0.880000
v 0.459000 0.369053 0.880000
v 0.450947 0.361000 -0.880000
v 0.450947 0.361000 0.880000
v 0.450000 0.500000 -0.840000
v 0.450000 0.500000 0.840000
v 0.452679 0.490000 -0.840000
v 0.452679 0.490000 0.840000
v 0.460000 0.482679 -0.840000
v 0.460000 0.482679 0.840000
v 0.470000 0.480000 -0.840000
v 0.470000 0.480000 0.840000
v 0.480000 0.482679 -0.840000
v 0.480000 0.482679 0.840000
v 0.487321 0.490000 -0.840000
v 0.487321 0.490000 0.840000
v 0.490000 0.500000 -0.840000
v 0.490000 0.500000 0.840000
v 0.487321 0.510000 -0.840000
v 0.487321 0.510000 0.840000
v 0.480000 0.517321 -0.840000
v 0.480000 0.517321 0.840000
v 0.470000 0.520000 -0.840000
v 0.470000 0.520000 0.840000
v 0.460000 0.517321 -0.840000
v 0.460000 0.517321 0.840000
v 0.452679 0.510000 -0.840000
v 0.452679 0.510000 0.840000
v 0.496000 0.020000 -0.650000
v 0.496000 -0.700000 -0.650000
v 0.492517 0.020000 -0.637000
v 0.492517 -0.700000 -0.637000
v 0.483000 0.020000 -0.627483
v 0.483000 -0.700000 -0.627483
v 0.470000 0.020000 -0.624000
v 0.470000 -0.700000 -0.624000
v 0.457000 0.020000 -0.627483
v 0.457000 -0.700000 -0.627483
v 0.447483 0.020000 -0.637000
v 0.447483 -0.700000 -0.637000
v 0.444000 0.020000 -0.650000
v 0.444000 -0.700000 -0.650000
v 0.447483 0.020000 -0.663000
v 0.447483 -0.700000 -0.663000
v 0.457000 0.020000 -0.672517
v 0.457000 -0.700000 -0.672517
v 0.470000 0.020000 -0.676000
v 0.470000 -0.700000 -0.676000
v 0.483000 0.020000 -0.672517
v 0.483000 -0.700000 -0.672517
v 0.492517 0.020000 -0.663000
v 0.492517 -0.700000 -0.663000
v 0.451600 -0.785000 -0.650000
v 0.451600 -0.735000 -0.650000
v 0.445130 -0.785000 -0.617472
v 0.445130 -0.735000 -0.617472
v 0.426704 -0.785000 -0.589896
v 0.426704 -0.735000 -0.589896
v 0.399128 -0.785000 -0.571470
v 0.399128 -0.735000 -0.571470
v 0.366600 -0.785000 -0.565000
v 0.366600 -0.735000 -0.565000
v 0.334072 -0.785000 -0.571470
v 0.334072 -0.735000 -0.571470
v 0.306496 -0.785000 -0.589896
v 0.306496 -0.735000 -0.589896
v 0.288070 -0.785000 -0.617472
v 0.288070 -0.735000 -0.617472
v 0.281600 -0.785000 -0.650000
v 0.281600 -0.735000 -0.650000
v 0.288070 -0.785000 -0.682528
v 0.288070 -0.735000 -0.682528
v 0.306496 -0.785000 -0.710104
v 0.306496 -0.735000 -0.710104
v 0.334072 -0.785000 -0.728530
v 0.334072 -0.735000 -0.728530
v 0.366600 -0.785000 -0.735000
v 0.366600 -0.735000 -0.735000
v 0.399128 -0.785000 -0.728530
v 0.399128 -0.735000 -0.728530
v 0.426704 -0.785000 -0.710104
v 0.426704 -0.735000 -0.710104
v 0.445130 -0.785000 -0.682528
v 0.445130 -0.735000 -0.682528
v 0.496000 0.020000 0.650000
v 0.496000 -0.700000 0.650000
v 0.492517 0.020000 0.663000
v 0.492517 -0.700000 0.663000
v 0.483000 0.020000 0.672517
v 0.483000 -0.700000 0.672517
v 0.470000 0.020000 0.676000
v 0.470000 -0.700000 0.676000
v 0.457000 0.020000 0.672517
v 0.457000 -0.700000 0.672517
v 0.447483 0.020000 0.663000
v 0.447483 -0.700000 0.663000
v 0.444000 0.020000 0.650000
v 0.444000 -0.700000 0.650000
v 0.447483 0.020000 0.637000
v 0.447483 -0.700000 0.637000
v 0.457000 0.020000 0.627483
v 0.457000 -0.700000 0.627483
v 0.470000 0.020000 0.624000
v 0.470000 -0.700000 0.624000
v 0.483000 0.020000 0.627483
v 0.483000 -0.700000 0.627483
v 0.492517 0.020000 0.637000
v 0.492517 -0.700000 0.637000
v 0.451600 -0.785000 0.650000
v 0.451600 -0.735000 0.650000
v 0.445130 -0.785000 0.682528
v 0.445130 -0.735000 0.682528
v 0.426704 -0.785000 0.710104
v 0.426704 -0.735000 0.710104
v 0.399128 -0.785000 0.728530
v 0.399128 -0.735000 0.728530
v 0.366600 -0.785000 0.735000
v 0.366600 -0.735000 0.735000
v 0.334072 -0.785000 0.728530
v 0.334072 -0.735000 0.728530
v 0.306496 -0.785000 0.710104
v 0.306496 -0.735000 0.710104
v 0.288070 -0.785000 0.682528
v 0.288070 -0.735000 0.682528
v 0.281600 -0.785000 0.650000
v 0.281600 -0.735000 0.650000
v 0.288070 -0.785000 0.617472
v 0.288070 -0.735000 0.617472
v 0.306496 -0.785000 0.589896
v 0.306496 -0.735000 0.589896
v 0.334072 -0.785000 0.571470
v 0.334072 -0.735000 0.571470
v 0.366600 -0.785000 0.565000
v 0.366600 -0.735000 0.565000
v 0.399128 -0.785000 0.571470
v 0.399128 -0.735000 0.571470
v 0.426704 -0.785000 0.589896
v 0.426704 -0.735000 0.589896
v 0.445130 -0.785000 0.617472
v 0.445130 -0.735000 0.617472
v -0.460000 0.260000 -0.757000
v 0.460000 0.260000 -0.757000
v -0.460000 0.248500 -0.760081
v 0.460000 0.248500 -0.760081
v -0.460000 0.240081 -0.768500
v 0.460000 0.240081 -0.768500
v -0.460000 0.237000 -0.780000
v 0.460000 0.237000 -0.780000
v -0.460000 0.240081 -0.791500
v 0.460000 0.240081 -0.791500
v -0.460000 0.248500 -0.799919
v 0.460000 0.248500 -0.799919
v -0.460000 0.260000 -0.803000
v 0.460000 0.260000 -0.803000
v -0.460000 0.271500 -0.799919
v 0.460000 0.271500 -0.799919
v -0.460000 0.279919 -0.791500
v 0.460000 0.279919 -0.791500
v -0.460000 0.283000 -0.780000
v 0.460000 0.283000 -0.780000
v -0.460000 0.279919 -0.768500
v 0.460000 0.279919 -0.768500
v -0.460000 0.271500 -0.760081
v 0.460000 0.271500 -0.760081
v -0.460000 0.260000 0.803000
v 0.460000 0.260000 0.803000
v -0.460000 0.248500 0.799919
v 0.460000 0.248500 0.799919
v -0.460000 0.240081 0.791500
v 0.460000 0.240081 0.791500
v -0.460000 0.237000 0.780000
v 0.460000 0.237000 0.780000
v -0.460000 0.240081 0.768500
v 0.460000 0.240081 0.768500
v -0.460000 0.248500 0.760081
v 0.460000 0.248500 0.760081
v -0.460000 0.260000 0.757000
v 0.460000 0.260000 0.757000
v -0.460000 0.271500 0.760081
v 0.460000 0.271500 0.760081
v -0.460000 0.279919 0.768500
v 0.460000 0.279919 0.768500
v -0.460000 0.283000 0.780000
v 0.460000 0.283000 0.780000
v -0.460000 0.279919 0.791500
v 0.460000 0.279919 0.791500
v -0.460000 0.271500 0.799919
v 0.460000 0.271500 0.799919
vt 0.000000 0.000000
vt 1.000000 0.000000
vt 1.000000 1.000000
vt 0.000000 1.000000
vt 0.000000 0.000000
vt 1.000000 0.000000
vt 1.000000 1.000000
vt 0.000000 1.000000
vt 0.000000 0.000000
vt 1.000000 0.000000
vt 1.000000 1.000000
vt 0.000000 1.000000
vt 0.000000 0.000000
vt 1.000000 0.000000
vt 1.000000 1.000000
vt 0.000000 1.000000
vt 0.000000 0.000000
vt 1.000000 0.000000
vt 1.000000 1.000000
vt 0.000000 1.000000
vt 0.000000 0.000000
vt 1.000000 0.000000
vt 1.000000 1.000000
vt 0.000000 1.000000
vt 0.000000 0.000000
vt 1.000000 0.000000
vt 1.000000 1.000000
vt 0.000000 1.000000
vt 0.000000 0.000000
vt 1.000000 0.000000
vt 1.000000 1.000000
vt 0.000000 1.000000
vt 0.000000 0.000000
vt 1.000000 0.000000
vt 1.000000 1.000000
vt 0.000000 1.000000
vt 0.000000 0.000000
vt 1.000000 0.000000
vt 1.000000 1.000000
vt 0.000000 1.000000
vt 0.000000 0.000000
vt 1.000000 0.000000
vt 1.000000 1.000000
vt 0.000000 1.000000
vt 0.000000 0.000000
vt 1.000000 0.000000
vt 1.000000 1.000000
vt 0.000000 1.000000
vt 0.000000 0.000000
vt 1.000000 0.000000
vt 1.000000 1.000000
vt 0.000000 1.000000
vt 0.000000 0.000000
vt 1.000000 0.000000
vt 1.000000 1.000000
vt 0.000000 1.000000
vt 0.000000 0.000000
vt 1.000000 0.000000
vt 1.000000 1.000000
vt 0.000000 1.000000
vt 0.000000 0.000000
vt 1.000000 0.000000
vt 1.000000 1.000000
vt 0.000000 1.000000
vt 0.000000 0.000000
vt 1.000000 0.000000
vt 1.000000 1.000000
vt 0.000000 1.000000
vt 0.000000 0.000000
vt 1.000000 0.000000
vt 1.000000 1.000000
vt 0.000000 1.000000
vt 0.000000 0.000000
vt 1.000000 0.000000
vt 1.000000 1.000000
vt 0.000000 1.000000
vt 0.000000 0.000000
vt 1.000000 0.000000
vt 1.000000 1.000000
vt 0.000000 1.000000
vt 0.000000 0.000000
vt 1.000000 0.000000
vt 1.000000 1.000000
vt 0.000000 1.000000
vt 0.000000 0.000000
vt 1.000000 0.000000
vt 1.000000 1.000000
vt 0.000000 1.000000
vt 0.000000 0.000000
vt 1.000000 0.000000
vt 1.000000 1.000000
vt 0.000000 1.000000
vt 0.000000 0.000000
vt 1.000000 0.000000
vt 1.000000 1.000000
vt 0.000000 1.000000
vt 1.000000 0.500000
vt 0.933013 0.750000
vt 0.750000 0.933013
vt 0.500000 1.000000
vt 0.250000 0.933013
vt 0.066987 0.750000
vt 0.000000 0.500000
vt 0.066987 0.250000
vt 0.250000 0.066987
vt 0.500000 0.000000
vt 0.750000 0.066987
vt 0.933013 0.250000
vt 1.000000 0.500000
vt 0.933013 0.750000
vt 0.750000 0.933013
vt 0.500000 1.000000
vt 0.250000 0.933013
vt 0.066987 0.750000
vt 0.000000 0.500000
vt 0.066987 0.250000
vt 0.250000 0.066987
vt 0.500000 0.000000
vt 0.750000 0.066987
vt 0.933013 0.250000
vt 0.000000 0.000000
vt 1.000000 0.000000
vt 1.000000 1.000000
vt 0.000000 1.000000
vt 0.000000 0.000000
vt 1.000000 0.000000
vt 1.000000 1.000000
vt 0.000000 1.000000
vt 0.000000 0.000000
vt 1.000000 0.000000
vt 1.000000 1.000000
vt 0.000000 1.000000
vt 0.000000 0.000000
vt 1.000000 0.000000
vt 1.000000 1.000000
vt 0.000000 1.000000
vt 0.000000 0.000000
vt 1.000000 0.000000
vt 1.000000 1.000000
vt 0.000000 1.000000
vt 0.000000 0.000000
vt 1.000000 0.000000
vt 1.000000 1.000000
vt 0.000000 1.000000
vt 0.000000 0.000000
vt 1.000000 0.000000
vt 1.000000 1.000000
vt 0.000000 1.000000
vt 0.000000 0.000000
vt 1.000000 0.000000
vt 1.000000 1.000000
vt 0.000000 1.000000
vt 0.000000 0.000000
vt 1.000000 0.000000
vt 1.000000 1.000000
vt 0.000000 1.000000
vt 0.000000 0.000000
vt 1.000000 0.000000
vt 1.000000 1.000000
vt 0.000000 1.000000
vt 0.000000 0.000000
vt 1.000000 0.000000
vt 1.000000 1.000000
vt 0.000000 1.000000
vt 0.000000 0.000000
vt 1.000000 0.000000
vt 1.000000 1.000000
vt 0.000000 1.000000
vt 1.000000 0.500000
vt 0.933013 0.750000
vt 0.750000 0.933013
vt 0.500000 1.000000
vt 0.250000 0.933013
vt 0.066987 0.750000
vt 0.000000 0.500000
vt 0.066987 0.250000
vt 0.250000 0.066987
vt 0.500000 0.000000
vt 0.750000 0.066987
vt 0.933013 0.250000
vt 1.000000 0.500000
vt 0.933013 0.750000
vt 0.750000 0.933013
vt 0.500000 1.000000
vt 0.250000 0.933013
vt 0.066987 0.750000
vt 0.000000 0.500000
vt 0.066987 0.250000
vt 0.250000 0.066987
vt 0.500000 0.000000
vt 0.750000 0.066987
vt 0.933013 0.250000
vt 0.000000 0.000000
vt 1.000000 0.000000
vt 1.000000 1.000000
vt 0.000000 1.000000
vt 0.000000 0.000000
vt 1.000000 0.000000
vt 1.000000 1.000000
vt 0.000000 1.000000
vt 0.000000 0.000000
vt 1.000000 0.000000
vt 1.000000 1.000000
vt 0.000000 1.000000
vt 0.000000 0.000000
vt 1.000000 0.000000
vt 1.000000 1.000000
vt 0.000000 1.000000
vt 0.000000 0.000000
vt 1.000000 0.000000
vt 1.000000 1.000000
vt 0.000000 1.000000
vt 0.000000 0.000000
vt 1.000000 0.000000
vt 1.000000 1.000000
vt 0.000000 1.000000
vt 0.000000 0.000000
vt 1.000000 0.000000
vt 1.000000 1.000000
vt 0.000000 1.000000
vt 0.000000 0.000000
vt 1.000000 0.000000
vt 1.000000 1.000000
vt 0.000000 1.000000
vt 0.000000 0.000000
vt 1.000000 0.000000
vt 1.000000 1.000000
vt 0.000000 1.000000
vt 0.000000 0.000000
vt 1.000000 0.000000
vt 1.000000 1.000000
vt 0.000000 1.000000
vt 0.000000 0.000000
vt 1.000000 0.000000
vt 1.000000 1.000000
vt 0.000000 1.000000
vt 0.000000 0.000000
vt 1.000000 0.000000
vt 1.000000 1.000000
vt 0.000000 1.000000
vt 1.000000 0.500000
vt 0.933013 0.750000
vt 0.750000 0.933013
vt 0.500000 1.000000
vt 0.250000 0.933013
vt 0.066987 0.750000
vt 0.000000 0.500000
vt 0.066987 0.250000
vt 0.250000 0.066987
vt 0.500000 0.000000
vt 0.750000 0.066987
vt 0.933013 0.250000
vt 1.000000 0.500000
vt 0.933013 0.750000
vt 0.750000 0.933013
vt 0.500000 1.000000
vt 0.250000 0.933013
vt 0.066987 0.750000
vt 0.000000 0.500000
vt 0.066987 0.250000
vt 0.250000 0.066987
vt 0.500000 0.000000
vt 0.750000 0.066987
vt 0.933013 0.250000
vt 0.000000 0.000000
vt 1.000000 0.000000
vt 1.000000 1.000000
vt 0.000000 1.000000
vt 0.000000 0.000000
vt 1.000000 0.000000
vt 1.000000 1.000000
vt 0.000000 1.000000
vt 0.000000 0.000000
vt 1.000000 0.000000
vt 1.000000 1.000000
vt 0.000000 1.000000
vt 0.000000 0.000000
vt 1.000000 0.000000
vt 1.000000 1.000000
vt 0.000000 1.000000
vt 0.000000 0.000000
vt 1.000000 0.000000
vt 1.000000 1.000000
vt 0.000000 1.000000
vt 0.000000 0.000000
vt 1.000000 0.000000
vt 1.000000 1.000000
vt 0.000000 1.000000
vt 0.000000 0.000000
vt 1.000000 0.000000
vt 1.000000 1.000000
vt 0.000000 1.000000
vt 0.000000 0.000000
vt 1.000000 0.000000
vt 1.000000 1.000000
vt 0.000000 1.000000
vt 0.000000 0.000000
vt 1.000000 0.000000
vt 1.000000 1.000000
vt 0.000000 1.000000
vt 0.000000 0.000000
vt 1.000000 0.000000
vt 1.000000 1.000000
vt 0.000000 1.000000
vt 0.000000 0.000000
vt 1.000000 0.000000
vt 1.000000 1.000000
vt 0.000000 1.000000
vt 0.000000 0.000000
vt 1.000000 0.000000
vt 1.000000 1.000000
vt 0.000000 1.000000
vt 1.000000 0.500000
vt 0.933013 0.750000
vt 0.750000 0.933013
vt 0.500000 1.000000
vt 0.250000 0.933013
vt 0.066987 0.750000
vt 0.000000 0.500000
vt 0.066987 0.250000
vt 0.250000 0.066987
vt 0.500000 0.000000
vt 0.750000 0.066987
vt 0.933013 0.250000
vt 1.000000 0.500000
vt 0.933013 0.750000
vt 0.750000 0.933013
vt 0.500000 1.000000
vt 0.250000 0.933013
vt 0.066987 0.750000
vt 0.000000 0.500000
vt 0.066987 0.250000
vt 0.250000 0.066987
vt 0.500000 0.000000
vt 0.750000 0.066987
vt 0.933013 0.250000
vt 0.000000 0.000000
vt 1.000000 0.000000
vt 1.000000 1.000000
vt 0.000000 1.000000
vt 0.000000 0.000000
vt 1.000000 0.000000
vt 1.000000 1.000000
vt 0.000000 1.000000
vt 0.000000 0.000000
vt 1.000000 0.000000
vt 1.000000 1.000000
vt 0.000000 1.000000
vt 0.000000 0.000000
vt 1.000000 0.000000
vt 1.000000 1.000000
vt 0.000000 1.000000
vt 0.000000 0.000000
vt 1.000000 0.000000
vt 1.000000 1.000000
vt 0.000000 1.000000
vt 0.000000 0.000000
vt 1.000000 0.000000
vt 1.000000 1.000000
vt 0.000000 1.000000
vt 0.000000 0.000000
vt 1.000000 0.000000
vt 1.000000 1.000000
vt 0.000000 1.000000
vt 0.000000 0.000000
vt 1.000000 0.000000
vt 1.000000 1.000000
vt 0.000000 1.000000
vt 0.000000 0.000000
vt 1.000000 0.000000
vt 1.000000 1.000000
vt 0.000000 1.000000
vt 0.000000 0.000000
vt 1.000000 0.000000
vt 1.000000 1.000000
vt 0.000000 1.000000
vt 0.000000 0.000000
vt 1.000000 0.000000
vt 1.000000 1.000000
vt 0.000000 1.000000
vt 0.000000 0.000000
vt 1.000000 0.000000
vt 1.000000 1.000000
vt 0.000000 1.000000
vt 0.000000 0.000000
vt 1.000000 0.000000
vt 1.000000 1.000000
vt 0.000000 1.000000
vt 0.000000 0.000000
vt 1.000000 0.000000
vt 1.000000 1.000000
vt 0.000000 1.000000
vt 0.000000 0.000000
vt 1.000000 0.000000
vt 1.000000 1.000000
vt 0.000000 1.000000
vt 0.000000 0.000000
vt 1.000000 0.000000
vt 1.000000 1.000000
vt 0.000000 1.000000
vt 0.000000 0.000000
vt 1.000000 0.000000
vt 1.000000 1.000000
vt 0.000000 1.000000
vt 0.000000 0.000000
vt 1.000000 0.000000
vt 1.000000 1.000000
vt 0.000000 1.000000
vt 0.000000 0.000000
vt 1.000000 0.000000
vt 1.000000 1.000000
vt 0.000000 1.000000
vt 0.000000 0.000000
vt 1.000000 0.000000
vt 1.000000 1.000000
vt 0.000000 1.000000
vt 0.000000 0.000000
vt 1.000000 0.000000
vt 1.000000 1.000000
vt 0.000000 1.000000
vt 0.000000 0.000000
vt 1.000000 0.000000
vt 1.000000 1.000000
vt 0.000000 1.000000
vt 0.000000 0.000000
vt 1.000000 0.000000
vt 1.000000 1.000000
vt 0.000000 1.000000
vt 0.000000 0.000000
vt 1.000000 0.000000
vt 1.000000 1.000000
vt 0.000000 1.000000
vt 0.000000 0.000000
vt 1.000000 0.000000
vt 1.000000 1.000000
vt 0.000000 1.000000
vt 0.000000 0.000000
vt 1.000000 0.000000
vt 1.000000 1.000000
vt 0.000000 1.000000
vt 1.000000 0.500000
vt 0.950484 0.716942
vt 0.811745 0.890916
vt 0.611260 0.987464
vt 0.388740 0.987464
vt 0.188255 0.890916
vt 0.049516 0.716942
vt 0.000000 0.500000
vt 0.049516 0.283058
vt 0.188255 0.109084
vt 0.388740 0.012536
vt 0.611260 0.012536
vt 0.811745 0.109084
vt 0.950484 0.283058
vt 1.000000 0.500000
vt 0.950484 0.716942
vt 0.811745 0.890916
vt 0.611260 0.987464
vt 0.388740 0.987464
vt 0.188255 0.890916
vt 0.049516 0.716942
vt 0.000000 0.500000
vt 0.049516 0.283058
vt 0.188255 0.109084
vt 0.388740 0.012536
vt 0.611260 0.012536
vt 0.811745 0.109084
vt 0.950484 0.283058
vt 0.000000 0.000000
vt 1.000000 0.000000
vt 1.000000 1.000000
vt 0.000000 1.000000
vt 0.000000 0.000000
vt 1.000000 0.000000
vt 1.000000 1.000000
vt 0.000000 1.000000
vt 0.000000 0.000000
vt 1.000000 0.000000
vt 1.000000 1.000000
vt 0.000000 1.000000
vt 0.000000 0.000000
vt 1.000000 0.000000
vt 1.000000 1.000000
vt 0.000000 1.000000
vt 0.000000 0.000000
vt 1.000000 0.000000
vt 1.000000 1.000000
vt 0.000000 1.000000
vt 0.000000 0.000000
vt 1.000000 0.000000
vt 1.000000 1.000000
vt 0.000000 1.000000
vt 0.000000 0.000000
vt 1.000000 0.000000
vt 1.000000 1.000000
vt 0.000000 1.000000
vt 0.000000 0.000000
vt 1.000000 0.000000
vt 1.000000 1.000000
vt 0.000000 1.000000
vt 0.000000 0.000000
vt 1.000000 0.000000
vt 1.000000 1.000000
vt 0.000000 1.000000
vt 0.000000 0.000000
vt 1.000000 0.000000
vt 1.000000 1.000000
vt 0.000000 1.000000
vt 0.000000 0.000000
vt 1.000000 0.000000
vt 1.000000 1.000000
vt 0.000000 1.000000
vt 0.000000 0.000000
vt 1.000000 0.000000
vt 1.000000 1.000000
vt 0.000000 1.000000
vt 0.000000 0.000000
vt 1.000000 0.000000
vt 1.000000 1.000000
vt 0.000000 1.000000
vt 0.000000 0.000000
vt 1.000000 0.000000
vt 1.000000 1.000000
vt 0.000000 1.000000
vt 1.000000 0.500000
vt 0.950484 0.716942
vt 0.811745 0.890916
vt 0.611260 0.987464
vt 0.388740 0.987464
vt 0.188255 0.890916
vt 0.049516 0.716942
vt 0.000000 0.500000
vt 0.049516 0.283058
vt 0.188255 0.109084
vt 0.388740 0.012536
vt 0.611260 0.012536
vt 0.811745 0.109084
vt 0.950484 0.283058
vt 1.000000 0.500000
vt 0.950484 0.716942
vt 0.811745 0.890916
vt 0.611260 0.987464
vt 0.388740 0.987464
vt 0.188255 0.890916
vt 0.049516 0.716942
vt 0.000000 0.500000
vt 0.049516 0.283058
vt 0.188255 0.109084
vt 0.388740 0.012536
vt 0.611260 0.012536
vt 0.811745 0.109084
vt 0.950484 0.283058
vt 0.000000 0.000000
vt 1.000000 0.000000
vt 1.000000 1.000000
vt 0.000000 1.000000
vt 0.000000 0.000000
vt 1.000000 0.000000
vt 1.000000 1.000000
vt 0.000000 1.000000
vt 0.000000 0.000000
vt 1.000000 0.000000
vt 1.000000 1.000000
vt 0.000000 1.000000
vt 0.000000 0.000000
vt 1.000000 0.000000
vt 1.000000 1.000000
vt 0.000000 1.000000
vt 0.000000 0.000000
vt 1.000000 0.000000
vt 1.000000 1.000000
vt 0.000000 1.000000
vt 0.000000 0.000000
vt 1.000000 0.000000
vt 1.000000 1.000000
vt 0.000000 1.000000
vt 0.000000 0.000000
vt 1.000000 0.000000
vt 1.000000 1.000000
vt 0.000000 1.000000
vt 0.000000 0.000000
vt 1.000000 0.000000
vt 1.000000 1.000000
vt 0.000000 1.000000
vt 0.000000 0.000000
vt 1.000000 0.000000
vt 1.000000 1.000000
vt 0.000000 1.000000
vt 0.000000 0.000000
vt 1.000000 0.000000
vt 1.000000 1.000000
vt 0.000000 1.000000
vt 0.000000 0.000000
vt 1.000000 0.000000
vt 1.000000 1.000000
vt 0.000000 1.000000
vt 0.000000 0.000000
vt 1.000000 0.000000
vt 1.000000 1.000000
vt 0.000000 1.000000
vt 0.000000 0.000000
vt 1.000000 0.000000
vt 1.000000 1.000000
vt 0.000000 1.000000
vt 0.000000 0.000000
vt 1.000000 0.000000
vt 1.000000 1.000000
vt 0.000000 1.000000
vt 1.000000 0.500000
vt 0.950484 0.716942
vt 0.811745 0.890916
vt 0.611260 0.987464
vt 0.388740 0.987464
vt 0.188255 0.890916
vt 0.049516 0.716942
vt 0.000000 0.500000
vt 0.049516 0.283058
vt 0.188255 0.109084
vt 0.388740 0.012536
vt 0.611260 0.012536
vt 0.811745 0.109084
vt 0.950484 0.283058
vt 1.000000 0.500000
vt 0.950484 0.716942
vt 0.811745 0.890916
vt 0.611260 0.987464
vt 0.388740 0.987464
vt 0.188255 0.890916
vt 0.049516 0.716942
vt 0.000000 0.500000
vt 0.049516 0.283058
vt 0.188255 0.109084
vt 0.388740 0.012536
vt 0.611260 0.012536
vt 0.811745 0.109084
vt 0.950484 0.283058
vt 0.000000 0.000000
vt 1.000000 0.000000
vt 1.000000 1.000000
vt 0.000000 1.000000
vt 0.000000 0.000000
vt 1.000000 0.000000
vt 1.000000 1.000000
vt 0.000000 1.000000
vt 0.000000 0.000000
vt 1.000000 0.000000
vt 1.000000 1.000000
vt 0.000000 1.000000
vt 0.000000 0.000000
vt 1.000000 0.000000
vt 1.000000 1.000000
vt 0.000000 1.000000
vt 0.000000 0.000000
vt 1.000000 0.000000
vt 1.000000 1.000000
vt 0.000000 1.000000
vt 0.000000 0.000000
vt 1.000000 0.000000
vt 1.000000 1.000000
vt 0.000000 1.000000
vt 0.000000 0.000000
vt 1.000000 0.000000
vt 1.000000 1.000000
vt 0.000000 1.000000
vt 0.000000 0.000000
vt 1.000000 0.000000
vt 1.000000 1.000000
vt 0.000000 1.000000
vt 0.000000 0.000000
vt 1.000000 0.000000
vt 1.000000 1.000000
vt 0.000000 1.000000
vt 0.000000 0.000000
vt 1.000000 0.000000
vt 1.000000 1.000000
vt 0.000000 1.000000
vt 0.000000 0.000000
vt 1.000000 0.000000
vt 1.000000 1.000000
vt 0.000000 1.000000
vt 0.000000 0.000000
vt 1.000000 0.000000
vt 1.000000 1.000000
vt 0.000000 1.000000
vt 0.000000 0.000000
vt 1.000000 0.000000
vt 1.000000 1.000000
vt 0.000000 1.000000
vt 0.000000 0.000000
vt 1.000000 0.000000
vt 1.000000 1.000000
vt 0.000000 1.000000
vt 1.000000 0.500000
vt 0.950484 0.716942
vt 0.811745 0.890916
vt 0.611260 0.987464
vt 0.388740 0.987464
vt 0.188255 0.890916
vt 0.049516 0.716942
vt 0.000000 0.500000
vt 0.049516 0.283058
vt 0.188255 0.109084
vt 0.388740 0.012536
vt 0.611260 0.012536
vt 0.811745 0.109084
vt 0.950484 0.283058
vt 1.000000 0.500000
vt 0.950484 0.716942
vt 0.811745 0.890916
vt 0.611260 0.987464
vt 0.388740 0.987464
vt 0.188255 0.890916
vt 0.049516 0.716942
vt 0.000000 0.500000
vt 0.049516 0.283058
vt 0.188255 0.109084
vt 0.388740 0.012536
vt 0.611260 0.012536
vt 0.811745 0.109084
vt 0.950484 0.283058
vt 0.000000 0.000000
vt 1.000000 0.000000
vt 1.000000 1.000000
vt 0.000000 1.000000
vt 0.000000 0.000000
vt 1.000000 0.000000
vt 1.000000 1.000000
vt 0.000000 1.000000
vt 0.000000 0.000000
vt 1.000000 0.000000
vt 1.000000 1.000000
vt 0.000000 1.000000
vt 0.000000 0.000000
vt 1.000000 0.000000
vt 1.000000 1.000000
vt 0.000000 1.000000
vt 0.000000 0.000000
vt 1.000000 0.000000
vt 1.000000 1.000000
vt 0.000000 1.000000
vt 0.000000 0.000000
vt 1.000000 0.000000
vt 1.000000 1.000000
vt 0.000000 1.000000
vt 0.000000 0.000000
vt 1.000000 0.000000
vt 1.000000 1.000000
vt 0.000000 1.000000
vt 0.000000 0.000000
vt 1.000000 0.000000
vt 1.000000 1.000000
vt 0.000000 1.000000
vt 0.000000 0.000000
vt 1.000000 0.000000
vt 1.000000 1.000000
vt 0.000000 1.000000
vt 0.000000 0.000000
vt 1.000000 0.000000
vt 1.000000 1.000000
vt 0.000000 1.000000
vt 0.000000 0.000000
vt 1.000000 0.000000
vt 1.000000 1.000000
vt 0.000000 1.000000
vt 0.000000 0.000000
vt 1.000000 0.000000
vt 1.000000 1.000000
vt 0.000000 1.000000
vt 0.000000 0.000000
vt 1.000000 0.000000
vt 1.000000 1.000000
vt 0.000000 1.000000
vt 0.000000 0.000000
vt 1.000000 0.000000
vt 1.000000 1.000000
vt 0.000000 1.000000
vt 0.000000 0.000000
vt 1.000000 0.000000
vt 1.000000 1.000000
vt 0.000000 1.000000
vt 0.000000 0.000000
vt 1.000000 0.000000
vt 1.000000 1.000000
vt 0.000000 1.000000
vt 0.000000 0.000000
vt 1.000000 0.000000
vt 1.000000 1.000000
vt 0.000000 1.000000
vt 0.000000 0.000000
vt 1.000000 0.000000
vt 1.000000 1.000000
vt 0.000000 1.000000
vt 0.000000 0.000000
vt 1.000000 0.000000
vt 1.000000 1.000000
vt 0.000000 1.000000
vt 0.000000 0.000000
vt 1.000000 0.000000
vt 1.000000 1.000000
vt 0.000000 1.000000
vt 0.000000 0.000000
vt 1.000000 0.000000
vt 1.000000 1.000000
vt 0.000000 1.000000
vt 0.000000 0.000000
vt 1.000000 0.000000
vt 1.000000 1.000000
vt 0.000000 1.000000
vt 0.000000 0.000000
vt 1.000000 0.000000
vt 1.000000 1.000000
vt 0.000000 1.000000
vt 0.000000 0.000000
vt 1.000000 0.000000
vt 1.000000 1.000000
vt 0.000000 1.000000
vt 0.000000 0.000000
vt 1.000000 0.000000
vt 1.000000 1.000000
vt 0.000000 1.000000
vt 0.000000 0.000000
vt 1.000000 0.000000
vt 1.000000 1.000000
vt 0.000000 1.000000
vt 1.000000 0.500000
vt 0.950484 0.716942
vt 0.811745 0.890916
vt 0.611260 0.987464
vt 0.388740 0.987464
vt 0.188255 0.890916
vt 0.049516 0.716942
vt 0.000000 0.500000
vt 0.049516 0.283058
vt 0.188255 0.109084
vt 0.388740 0.012536
vt 0.611260 0.012536
vt 0.811745 0.109084
vt 0.950484 0.283058
vt 1.000000 0.500000
vt 0.950484 0.716942
vt 0.811745 0.890916
vt 0.611260 0.987464
vt 0.388740 0.987464
vt 0.188255 0.890916
vt 0.049516 0.716942
vt 0.000000 0.500000
vt 0.049516 0.283058
vt 0.188255 0.109084
vt 0.388740 0.012536
vt 0.611260 0.012536
vt 0.811745 0.109084
vt 0.950484 0.283058
vt 0.000000 0.000000
vt 1.000000 0.000000
vt 1.000000 1.000000
vt 0.000000 1.000000
vt 0.000000 0.000000
vt 1.000000 0.000000
vt 1.000000 1.000000
vt 0.000000 1.000000
vt 0.000000 0.000000
vt 1.000000 0.000000
vt 1.000000 1.000000
vt 0.000000 1.000000
vt 0.000000 0.000000
vt 1.000000 0.000000
vt 1.000000 1.000000
vt 0.000000 1.000000
vt 0.000000 0.000000
vt 1.000000 0.000000
vt 1.000000 1.000000
vt 0.000000 1.000000
vt 0.000000 0.000000
vt 1.000000 0.000000
vt 1.000000 1.000000
vt 0.000000 1.000000
vt 0.000000 0.000000
vt 1.000000 0.000000
vt 1.000000 1.000000
vt 0.000000 1.000000
vt 0.000000 0.000000
vt 1.000000 0.000000
vt 1.000000 1.000000
vt 0.000000 1.000000
vt 0.000000 0.000000
vt 1.000000 0.000000
vt 1.000000 1.000000
vt 0.000000 1.000000
vt 0.000000 0.000000
vt 1.000000 0.000000
vt 1.000000 1.000000
vt 0.000000 1.000000
vt 0.000000 0.000000
vt 1.000000 0.000000
vt 1.000000 1.000000
vt 0.000000 1.000000
vt 0.000000 0.000000
vt 1.000000 0.000000
vt 1.000000 1.000000
vt 0.000000 1.000000
vt 0.000000 0.000000
vt 1.000000 0.000000
vt 1.000000 1.000000
vt 0.000000 1.000000
vt 0.000000 0.000000
vt 1.000000 0.000000
vt 1.000000 1.000000
vt 0.000000 1.000000
vt 1.000000 0.500000
vt 0.950484 0.716942
vt 0.811745 0.890916
vt 0.611260 0.987464
vt 0.388740 0.987464
vt 0.188255 0.890916
vt 0.049516 0.716942
vt 0.000000 0.500000
vt 0.049516 0.283058
vt 0.188255 0.109084
vt 0.388740 0.012536
vt 0.611260 0.012536
vt 0.811745 0.109084
vt 0.950484 0.283058
vt 1.000000 0.500000
vt 0.950484 0.716942
vt 0.811745 0.890916
vt 0.611260 0.987464
vt 0.388740 0.987464
vt 0.188255 0.890916
vt 0.049516 0.716942
vt 0.000000 0.500000
vt 0.049516 0.283058
vt 0.188255 0.109084
vt 0.388740 0.012536
vt 0.611260 0.012536
vt 0.811745 0.109084
vt 0.950484 0.283058
vt 0.000000 0.000000
vt 1.000000 0.000000
vt 1.000000 1.000000
vt 0.000000 1.000000
vt 0.000000 0.000000
vt 1.000000 0.000000
vt 1.000000 1.000000
vt 0.000000 1.000000
vt 0.000000 0.000000
vt 1.000000 0.000000
vt 1.000000 1.000000
vt 0.000000 1.000000
vt 0.000000 0.000000
vt 1.000000 0.000000
vt 1.000000 1.000000
vt 0.000000 1.000000
vt 0.000000 0.000000
vt 1.000000 0.000000
vt 1.000000 1.000000
vt 0.000000 1.000000
vt 0.000000 0.000000
vt 1.000000 0.000000
vt 1.000000 1.000000
vt 0.000000 1.000000
vt 0.000000 0.000000
vt 1.000000 0.000000
vt 1.000000 1.000000
vt 0.000000 1.000000
vt 0.000000 0.000000
vt 1.000000 0.000000
vt 1.000000 1.000000
vt 0.000000 1.000000
vt 0.000000 0.000000
vt 1.000000 0.000000
vt 1.000000 1.000000
vt 0.000000 1.000000
vt 0.000000 0.000000
vt 1.000000 0.000000
vt 1.000000 1.000000
vt 0.000000 1.000000
vt 0.000000 0.000000
vt 1.000000 0.000000
vt 1.000000 1.000000
vt 0.000000 1.000000
vt 0.000000 0.000000
vt 1.000000 0.000000
vt 1.000000 1.000000
vt 0.000000 1.000000
vt 0.000000 0.000000
vt 1.000000 0.000000
vt 1.000000 1.000000
vt 0.000000 1.000000
vt 0.000000 0.000000
vt 1.000000 0.000000
vt 1.000000 1.000000
vt 0.000000 1.000000
vt 1.000000 0.500000
vt 0.950484 0.716942
vt 0.811745 0.890916
vt 0.611260 0.987464
vt 0.388740 0.987464
vt 0.188255 0.890916
vt 0.049516 0.716942
vt 0.000000 0.500000
vt 0.049516 0.283058
vt 0.188255 0.109084
vt 0.388740 0.012536
vt 0.611260 0.012536
vt 0.811745 0.109084
vt 0.950484 0.283058
vt 1.000000 0.500000
vt 0.950484 0.716942
vt 0.811745 0.890916
vt 0.611260 0.987464
vt 0.388740 0.987464
vt 0.188255 0.890916
vt 0.049516 0.716942
vt 0.000000 0.500000
vt 0.049516 0.283058
vt 0.188255 0.109084
vt 0.388740 0.012536
vt 0.611260 0.012536
vt 0.811745 0.109084
vt 0.950484 0.283058
vt 0.000000 0.000000
vt 1.000000 0.000000
vt 1.000000 1.000000
vt 0.000000 1.000000
vt 0.000000 0.000000
vt 1.000000 0.000000
vt 1.000000 1.000000
vt 0.000000 1.000000
vt 0.000000 0.000000
vt 1.000000 0.000000
vt 1.000000 1.000000
vt 0.000000 1.000000
vt 0.000000 0.000000
vt 1.000000 0.000000
vt 1.000000 1.000000
vt 0.000000 1.000000
vt 0.000000 0.000000
vt 1.000000 0.000000
vt 1.000000 1.000000
vt 0.000000 1.000000
vt 0.000000 0.000000
vt 1.000000 0.000000
vt 1.000000 1.000000
vt 0.000000 1.000000
vt 0.000000 0.000000
vt 1.000000 0.000000
vt 1.000000 1.000000
vt 0.000000 1.000000
vt 0.000000 0.000000
vt 1.000000 0.000000
vt 1.000000 1.000000
vt 0.000000 1.000000
vt 0.000000 0.000000
vt 1.000000 0.000000
vt 1.000000 1.000000
vt 0.000000 1.000000
vt 0.000000 0.000000
vt 1.000000 0.000000
vt 1.000000 1.000000
vt 0.000000 1.000000
vt 0.000000 0.000000
vt 1.000000 0.000000
vt 1.000000 1.000000
vt 0.000000 1.000000
vt 0.000000 0.000000
vt 1.000000 0.000000
vt 1.000000 1.000000
vt 0.000000 1.000000
vt 0.000000 0.000000
vt 1.000000 0.000000
vt 1.000000 1.000000
vt 0.000000 1.000000
vt 0.000000 0.000000
vt 1.000000 0.000000
vt 1.000000 1.000000
vt 0.000000 1.000000
vt 1.000000 0.500000
vt 0.950484 0.716942
vt 0.811745 0.890916
vt 0.611260 0.987464
vt 0.388740 0.987464
vt 0.188255 0.890916
vt 0.049516 0.716942
vt 0.000000 0.500000
vt 0.049516 0.283058
vt 0.188255 0.109084
vt 0.388740 0.012536
vt 0.611260 0.012536
vt 0.811745 0.109084
vt 0.950484 0.283058
vt 1.000000 0.500000
vt 0.950484 0.716942
vt 0.811745 0.890916
vt 0.611260 0.987464
vt 0.388740 0.987464
vt 0.188255 0.890916
vt 0.049516 0.716942
vt 0.000000 0.500000
vt 0.049516 0.283058
vt 0.188255 0.109084
vt 0.388740 0.012536
vt 0.611260 0.012536
vt 0.811745 0.109084
vt 0.950484 0.283058
vt 0.000000 0.000000
vt 1.000000 0.000000
vt 1.000000 1.000000
vt 0.000000 1.000000
vt 0.000000 0.000000
vt 1.000000 0.000000
vt 1.000000 1.000000
vt 0.000000 1.000000
vt 0.000000 0.000000
vt 1.000000 0.000000
vt 1.000000 1.000000
vt 0.000000 1.000000
vt 0.000000 0.000000
vt 1.000000 0.000000
vt 1.000000 1.000000
vt 0.000000 1.000000
vt 0.000000 0.000000
vt 1.000000 0.000000
vt 1.000000 1.000000
vt 0.000000 1.000000
vt 0.000000 0.000000
vt 1.000000 0.000000
vt 1.000000 1.000000
vt 0.000000 1.000000
vt 0.000000 0.000000
vt 1.000000 0.000000
vt 1.000000 1.000000
vt 0.000000 1.000000
vt 0.000000 0.000000
vt 1.000000 0.000000
vt 1.000000 1.000000
vt 0.000000 1.000000
vt 0.000000 0.000000
vt 1.000000 0.000000
vt 1.000000 1.000000
vt 0.000000 1.000000
vt 0.000000 0.000000
vt 1.000000 0.000000
vt 1.000000 1.000000
vt 0.000000 1.000000
vt 0.000000 0.000000
vt 1.000000 0.000000
vt 1.000000 1.000000
vt 0.000000 1.000000
vt 0.000000 0.000000
vt 1.000000 0.000000
vt 1.000000 1.000000
vt 0.000000 1.000000
vt 0.000000 0.000000
vt 1.000000 0.000000
vt 1.000000 1.000000
vt 0.000000 1.000000
vt 0.000000 0.000000
vt 1.000000 0.000000
vt 1.000000 1.000000
vt 0.000000 1.000000
vt 0.000000 0.000000
vt 1.000000 0.000000
vt 1.000000 1.000000
vt 0.000000 1.000000
vt 0.000000 0.000000
vt 1.000000 0.000000
vt 1.000000 1.000000
vt 0.000000 1.000000
vt 0.000000 0.000000
vt 1.000000 0.000000
vt 1.000000 1.000000
vt 0.000000 1.000000
vt 0.000000 0.000000
vt 1.000000 0.000000
vt 1.000000 1.000000
vt 0.000000 1.000000
vt 0.000000 0.000000
vt 1.000000 0.000000
vt 1.000000 1.000000
vt 0.000000 1.000000
vt 0.000000 0.000000
vt 1.000000 0.000000
vt 1.000000 1.000000
vt 0.000000 1.000000
vt 0.000000 0.000000
vt 1.000000 0.000000
vt 1.000000 1.000000
vt 0.000000 1.000000
vt 0.000000 0.000000
vt 1.000000 0.000000
vt 1.000000 1.000000
vt 0.000000 1.000000
vt 0.000000 0.000000
vt 1.000000 0.000000
vt 1.000000 1.000000
vt 0.000000 1.000000
vt 0.000000 0.000000
vt 1.000000 0.000000
vt 1.000000 1.000000
vt 0.000000 1.000000
vt 1.000000 0.500000
vt 0.933013 0.750000
vt 0.750000 0.933013
vt 0.500000 1.000000
vt 0.250000 0.933013
vt 0.066987 0.750000
vt 0.000000 0.500000
vt 0.066987 0.250000
vt 0.250000 0.066987
vt 0.500000 0.000000
vt 0.750000 0.066987
vt 0.933013 0.250000
vt 1.000000 0.500000
vt 0.933013 0.750000
vt 0.750000 0.933013
vt 0.500000 1.000000
vt 0.250000 0.933013
vt 0.066987 0.750000
vt 0.000000 0.500000
vt 0.066987 0.250000
vt 0.250000 0.066987
vt 0.500000 0.000000
vt 0.750000 0.066987
vt 0.933013 0.250000
vt 0.000000 0.000000
vt 1.000000 0.000000
vt 1.000000 1.000000
vt 0.000000 1.000000
vt 0.000000 0.000000
vt 1.000000 0.000000
vt 1.000000 1.000000
vt 0.000000 1.000000
vt 0.000000 0.000000
vt 1.000000 0.000000
vt 1.000000 1.000000
vt 0.000000 1.000000
vt 0.000000 0.000000
vt 1.000000 0.000000
vt 1.000000 1.000000
vt 0.000000 1.000000
vt 0.000000 0.000000
vt 1.000000 0.000000
vt 1.000000 1.000000
vt 0.000000 1.000000
vt 0.000000 0.000000
vt 1.000000 0.000000
vt 1.000000 1.000000
vt 0.000000 1.000000
vt 0.000000 0.000000
vt 1.000000 0.000000
vt 1.000000 1.000000
vt 0.000000 1.000000
vt 0.000000 0.000000
vt 1.000000 0.000000
vt 1.000000 1.000000
vt 0.000000 1.000000
vt 0.000000 0.000000
vt 1.000000 0.000000
vt 1.000000 1.000000
vt 0.000000 1.000000
vt 0.000000 0.000000
vt 1.000000 0.000000
vt 1.000000 1.000000
vt 0.000000 1.000000
vt 0.000000 0.000000
vt 1.000000 0.000000
vt 1.000000 1.000000
vt 0.000000 1.000000
vt 0.000000 0.000000
vt 1.000000 0.000000
vt 1.000000 1.000000
vt 0.000000 1.000000
vt 1.000000 0.500000
vt 0.933013 0.750000
vt 0.750000 0.933013
vt 0.500000 1.000000
vt 0.250000 0.933013
vt 0.066987 0.750000
vt 0.000000 0.500000
vt 0.066987 0.250000
vt 0.250000 0.066987
vt 0.500000 0.000000
vt 0.750000 0.066987
vt 0.933013 0.250000
vt 1.000000 0.500000
vt 0.933013 0.750000
vt 0.750000 0.933013
vt 0.500000 1.000000
vt 0.250000 0.933013
vt 0.066987 0.750000
vt 0.000000 0.500000
vt 0.066987 0.250000
vt 0.250000 0.066987
vt 0.500000 0.000000
vt 0.750000 0.066987
vt 0.933013 0.250000
vt 0.000000 0.000000
vt 1.000000 0.000000
vt 1.000000 1.000000
vt 0.000000 1.000000
vt 0.000000 0.000000
vt 1.000000 0.000000
vt 1.000000 1.000000
vt 0.000000 1.000000
vt 0.000000 0.000000
vt 1.000000 0.000000
vt 1.000000 1.000000
vt 0.000000 1.000000
vt 0.000000 0.000000
vt 1.000000 0.000000
vt 1.000000 1.000000
vt 0.000000 1.000000
vt 0.000000 0.000000
vt 1.000000 0.000000
vt 1.000000 1.000000
vt 0.000000 1.000000
vt 0.000000 0.000000
vt 1.000000 0.000000
vt 1.000000 1.000000
vt 0.000000 1.000000
vt 0.000000 0.000000
vt 1.000000 0.000000
vt 1.000000 1.000000
vt 0.000000 1.000000
vt 0.000000 0.000000
vt 1.000000 0.000000
vt 1.000000 1.000000
vt 0.000000 1.000000
vt 0.000000 0.000000
vt 1.000000 0.000000
vt 1.000000 1.000000
vt 0.000000 1.000000
vt 0.000000 0.000000
vt 1.000000 0.000000
vt 1.000000 1.000000
vt 0.000000 1.000000
vt 0.000000 0.000000
vt 1.000000 0.000000
vt 1.000000 1.000000
vt 0.000000 1.000000
vt 0.000000 0.000000
vt 1.000000 0.000000
vt 1.000000 1.000000
vt 0.000000 1.000000
vt 1.000000 0.500000
vt 0.933013 0.750000
vt 0.750000 0.933013
vt 0.500000 1.000000
vt 0.250000 0.933013
vt 0.066987 0.750000
vt 0.000000 0.500000
vt 0.066987 0.250000
vt 0.250000 0.066987
vt 0.500000 0.000000
vt 0.750000 0.066987
vt 0.933013 0.250000
vt 1.000000 0.500000
vt 0.933013 0.750000
vt 0.750000 0.933013
vt 0.500000 1.000000
vt 0.250000 0.933013
vt 0.066987 0.750000
vt 0.000000 0.500000
vt 0.066987 0.250000
vt 0.250000 0.066987
vt 0.500000 0.000000
vt 0.750000 0.066987
vt 0.933013 0.250000
vt 0.000000 0.000000
vt 1.000000 0.000000
vt 1.000000 1.000000
vt 0.000000 1.000000
vt 0.000000 0.000000
vt 1.000000 0.000000
vt 1.000000 1.000000
vt 0.000000 1.000000
vt 0.000000 0.000000
vt 1.000000 0.000000
vt 1.000000 1.000000
vt 0.000000 1.000000
vt 0.000000 0.000000
vt 1.000000 0.000000
vt 1.000000 1.000000
vt 0.000000 1.000000
vt 0.000000 0.000000
vt 1.000000 0.000000
vt 1.000000 1.000000
vt 0.000000 1.000000
vt 0.000000 0.000000
vt 1.000000 0.000000
vt 1.000000 1.000000
vt 0.000000 1.000000
vt 0.000000 0.000000
vt 1.000000 0.000000
vt 1.000000 1.000000
vt 0.000000 1.000000
vt 0.000000 0.000000
vt 1.000000 0.000000
vt 1.000000 1.000000
vt 0.000000 1.000000
vt 0.000000 0.000000
vt 1.000000 0.000000
vt 1.000000 1.000000
vt 0.000000 1.000000
vt 0.000000 0.000000
vt 1.000000 0.000000
vt 1.000000 1.000000
vt 0.000000 1.000000
vt 0.000000 0.000000
vt 1.000000 0.000000
vt 1.000000 1.000000
vt 0.000000 1.000000
vt 0.000000 0.000000
vt 1.000000 0.000000
vt 1.000000 1.000000
vt 0.000000 1.000000
vt 1.000000 0.500000
vt 0.933013 0.750000
vt 0.750000 0.933013
vt 0.500000 1.000000
vt 0.250000 0.933013
vt 0.066987 0.750000
vt 0.000000 0.500000
vt 0.066987 0.250000
vt 0.250000 0.066987
vt 0.500000 0.000000
vt 0.750000 0.066987
vt 0.933013 0.250000
vt 1.000000 0.500000
vt 0.933013 0.750000
vt 0.750000 0.933013
vt 0.500000 1.000000
vt 0.250000 0.933013
vt 0.066987 0.750000
vt 0.000000 0.500000
vt 0.066987 0.250000
vt 0.250000 0.066987
vt 0.500000 0.000000
vt 0.750000 0.066987
vt 0.933013 0.250000
vt 0.000000 0.000000
vt 1.000000 0.000000
vt 1.000000 1.000000
vt 0.000000 1.000000
vt 0.000000 0.000000
vt 1.000000 0.000000
vt 1.000000 1.000000
vt 0.000000 1.000000
vt 0.000000 0.000000
vt 1.000000 0.000000
vt 1.000000 1.000000
vt 0.000000 1.000000
vt 0.000000 0.000000
vt 1.000000 0.000000
vt 1.000000 1.000000
vt 0.000000 1.000000
vt 0.000000 0.000000
vt 1.000000 0.000000
vt 1.000000 1.000000
vt 0.000000 1.000000
vt 0.000000 0.000000
vt 1.000000 0.000000
vt 1.000000 1.000000
vt 0.000000 1.000000
vt 0.000000 0.000000
vt 1.000000 0.000000
vt 1.000000 1.000000
vt 0.000000 1.000000
vt 0.000000 0.000000
vt 1.000000 0.000000
vt 1.000000 1.000000
vt 0.000000 1.000000
vt 0.000000 0.000000
vt 1.000000 0.000000
vt 1.000000 1.000000
vt 0.000000 1.000000
vt 0.000000 0.000000
vt 1.000000 0.000000
vt 1.000000 1.000000
vt 0.000000 1.000000
vt 0.000000 0.000000
vt 1.000000 0.000000
vt 1.000000 1.000000
vt 0.000000 1.000000
vt 0.000000 0.000000
vt 1.000000 0.000000
vt 1.000000 1.000000
vt 0.000000 1.000000
vt 0.000000 0.000000
vt 1.000000 0.000000
vt 1.000000 1.000000
vt 0.000000 1.000000
vt 0.000000 0.000000
vt 1.000000 0.000000
vt 1.000000 1.000000
vt 0.000000 1.000000
vt 0.000000 0.000000
vt 1.000000 0.000000
vt 1.000000 1.000000
vt 0.000000 1.000000
vt 0.000000 0.000000
vt 1.000000 0.000000
vt 1.000000 1.000000
vt 0.000000 1.000000
vt 0.000000 0.000000
vt 1.000000 0.000000
vt 1.000000 1.000000
vt 0.000000 1.000000
vt 0.000000 0.000000
vt 1.000000 0.000000
vt 1.000000 1.000000
vt 0.000000 1.000000
vt 0.000000 0.000000
vt 1.000000 0.000000
vt 1.000000 1.000000
vt 0.000000 1.000000
vt 0.000000 0.000000
vt 1.000000 0.000000
vt 1.000000 1.000000
vt 0.000000 1.000000
vt 0.000000 0.000000
vt 1.000000 0.000000
vt 1.000000 1.000000
vt 0.000000 1.000000
vt 0.000000 0.000000
vt 1.000000 0.000000
vt 1.000000 1.000000
vt 0.000000 1.000000
vt 0.000000 0.000000
vt 1.000000 0.000000
vt 1.000000 1.000000
vt 0.000000 1.000000
vt 0.000000 0.000000
vt 1.000000 0.000000
vt 1.000000 1.000000
vt 0.000000 1.000000
vt 0.000000 0.000000
vt 1.000000 0.000000
vt 1.000000 1.000000
vt 0.000000 1.000000
vt 0.000000 0.000000
vt 1.000000 0.000000
vt 1.000000 1.000000
vt 0.000000 1.000000
vt 0.000000 0.000000
vt 1.000000 0.000000
vt 1.000000 1.000000
vt 0.000000 1.000000
vt 0.000000 0.000000
vt 1.000000 0.000000
vt 1.000000 1.000000
vt 0.000000 1.000000
vt 0.000000 0.000000
vt 1.000000 0.000000
vt 1.000000 1.000000
vt 0.000000 1.000000
vt 0.000000 0.000000
vt 1.000000 0.000000
vt 1.000000 1.000000
vt 0.000000 1.000000
vt 0.000000 0.000000
vt 1.000000 0.000000
vt 1.000000 1.000000
vt 0.000000 1.000000
vt 0.000000 0.000000
vt 1.000000 0.000000
vt 1.000000 1.000000
vt 0.000000 1.000000
vt 0.000000 0.000000
vt 1.000000 0.000000
vt 1.000000 1.000000
vt 0.000000 1.000000
vt 0.000000 0.000000
vt 1.000000 0.000000
vt 1.000000 1.000000
vt 0.000000 1.000000
vt 0.000000 0.000000
vt 1.000000 0.000000
vt 1.000000 1.000000
vt 0.000000 1.000000
vt 0.000000 0.000000
vt 1.000000 0.000000
vt 1.000000 1.000000
vt 0.000000 1.000000
vt 0.000000 0.000000
vt 1.000000 0.000000
vt 1.000000 1.000000
vt 0.000000 1.000000
vt 0.000000 0.000000
vt 1.000000 0.000000
vt 1.000000 1.000000
vt 0.000000 1.000000
vt 0.000000 0.000000
vt 1.000000 0.000000
vt 1.000000 1.000000
vt 0.000000 1.000000
vt 0.000000 0.000000
vt 1.000000 0.000000
vt 1.000000 1.000000
vt 0.000000 1.000000
vt 0.000000 0.000000
vt 1.000000 0.000000
vt 1.000000 1.000000
vt 0.000000 1.000000
vt 0.000000 0.000000
vt 1.000000 0.000000
vt 1.000000 1.000000
vt 0.000000 1.000000
vt 0.000000 0.000000
vt 1.000000 0.000000
vt 1.000000 1.000000
vt 0.000000 1.000000
vt 0.000000 0.000000
vt 1.000000 0.000000
vt 1.000000 1.000000
vt 0.000000 1.000000
vt 0.000000 0.000000
vt 1.000000 0.000000
vt 1.000000 1.000000
vt 0.000000 1.000000
vt 0.000000 0.000000
vt 1.000000 0.000000
vt 1.000000 1.000000
vt 0.000000 1.000000
vt 0.000000 0.000000
vt 1.000000 0.000000
vt 1.000000 1.000000
vt 0.000000 1.000000
vt 0.000000 0.000000
vt 1.000000 0.000000
vt 1.000000 1.000000
vt 0.000000 1.000000
vt 0.000000 0.000000
vt 1.000000 0.000000
vt 1.000000 1.000000
vt 0.000000 1.000000
vt 0.000000 0.000000
vt 1.000000 0.000000
vt 1.000000 1.000000
vt 0.000000 1.000000
vt 0.000000 0.000000
vt 1.000000 0.000000
vt 1.000000 1.000000
vt 0.000000 1.000000
vt 0.000000 0.000000
vt 1.000000 0.000000
vt 1.000000 1.000000
vt 0.000000 1.000000
vt 0.000000 0.000000
vt 1.000000 0.000000
vt 1.000000 1.000000
vt 0.000000 1.000000
vt 0.000000 0.000000
vt 1.000000 0.000000
vt 1.000000 1.000000
vt 0.000000 1.000000
vt 0.000000 0.000000
vt 1.000000 0.000000
vt 1.000000 1.000000
vt 0.000000 1.000000
vt 0.000000 0.000000
vt 1.000000 0.000000
vt 1.000000 1.000000
vt 0.000000 1.000000
vt 0.000000 0.000000
vt 1.000000 0.000000
vt 1.000000 1.000000
vt 0.000000 1.000000
vt 0.000000 0.000000
vt 1.000000 0.000000
vt 1.000000 1.000000
vt 0.000000 1.000000
vt 0.000000 0.000000
vt 1.000000 0.000000
vt 1.000000 1.000000
vt 0.000000 1.000000
vt 0.000000 0.000000
vt 1.000000 0.000000
vt 1.000000 1.000000
vt 0.000000 1.000000
vt 0.000000 0.000000
vt 1.000000 0.000000
vt 1.000000 1.000000
vt 0.000000 1.000000
vt 0.000000 0.000000
vt 1.000000 0.000000
vt 1.000000 1.000000
vt 0.000000 1.000000
vt 0.000000 0.000000
vt 1.000000 0.000000
vt 1.000000 1.000000
vt 0.000000 1.000000
vt 0.000000 0.000000
vt 1.000000 0.000000
vt 1.000000 1.000000
vt 0.000000 1.000000
vt 0.000000 0.000000
vt 1.000000 0.000000
vt 1.000000 1.000000
vt 0.000000 1.000000
vt 0.000000 0.000000
vt 1.000000 0.000000
vt 1.000000 1.000000
vt 0.000000 1.000000
vt 0.000000 0.000000
vt 1.000000 0.000000
vt 1.000000 1.000000
vt 0.000000 1.000000
vt 0.000000 0.000000
vt 1.000000 0.000000
vt 1.000000 1.000000
vt 0.000000 1.000000
vt 0.000000 0.000000
vt 1.000000 0.000000
vt 1.000000 1.000000
vt 0.000000 1.000000
vt 0.000000 0.000000
vt 1.000000 0.000000
vt 1.000000 1.000000
vt 0.000000 1.000000
vt 0.000000 0.000000
vt 1.000000 0.000000
vt 1.000000 1.000000
vt 0.000000 1.000000
vt 0.000000 0.000000
vt 1.000000 0.000000
vt 1.000000 1.000000
vt 0.000000 1.000000
vt 0.000000 0.000000
vt 1.000000 0.000000
vt 1.000000 1.000000
vt 0.000000 1.000000
vt 0.000000 0.000000
vt 1.000000 0.000000
vt 1.000000 1.000000
vt 0.000000 1.000000
vt 0.000000 0.000000
vt 1.000000 0.000000
vt 1.000000 1.000000
vt 0.000000 1.000000
vt 0.000000 0.000000
vt 1.000000 0.000000
vt 1.000000 1.000000
vt 0.000000 1.000000
vt 0.000000 0.000000
vt 1.000000 0.000000
vt 1.000000 1.000000
vt 0.000000 1.000000
vt 0.000000 0.000000
vt 1.000000 0.000000
vt 1.000000 1.000000
vt 0.000000 1.000000
vt 0.000000 0.000000
vt 1.000000 0.000000
vt 1.000000 1.000000
vt 0.000000 1.000000
vt 0.000000 0.000000
vt 1.000000 0.000000
vt 1.000000 1.000000
vt 0.000000 1.000000
vt 0.000000 0.000000
vt 1.000000 0.000000
vt 1.000000 1.000000
vt 0.000000 1.000000
vt 0.000000 0.000000
vt 1.000000 0.000000
vt 1.000000 1.000000
vt 0.000000 1.000000
vt 0.000000 0.000000
vt 1.000000 0.000000
vt 1.000000 1.000000
vt 0.000000 1.000000
vt 0.000000 0.000000
vt 1.000000 0.000000
vt 1.000000 1.000000
vt 0.000000 1.000000
vt 0.000000 0.000000
vt 1.000000 0.000000
vt 1.000000 1.000000
vt 0.000000 1.000000
vt 0.000000 0.000000
vt 1.000000 0.000000
vt 1.000000 1.000000
vt 0.000000 1.000000
vt 0.000000 0.000000
vt 1.000000 0.000000
vt 1.000000 1.000000
vt 0.000000 1.000000
vt 0.000000 0.000000
vt 1.000000 0.000000
vt 1.000000 1.000000
vt 0.000000 1.000000
vt 0.000000 0.000000
vt 1.000000 0.000000
vt 1.000000 1.000000
vt 0.000000 1.000000
vt 0.000000 0.000000
vt 1.000000 0.000000
vt 1.000000 1.000000
vt 0.000000 1.000000
vt 0.000000 0.000000
vt 1.000000 0.000000
vt 1.000000 1.000000
vt 0.000000 1.000000
vt 0.000000 0.000000
vt 1.000000 0.000000
vt 1.000000 1.000000
vt 0.000000 1.000000
vt 0.000000 0.000000
vt 1.000000 0.000000
vt 1.000000 1.000000
vt 0.000000 1.000000
vt 0.000000 0.000000
vt 1.000000 0.000000
vt 1.000000 1.000000
vt 0.000000 1.000000
vt 0.000000 0.000000
vt 1.000000 0.000000
vt 1.000000 1.000000
vt 0.000000 1.000000
vt 0.000000 0.000000
vt 1.000000 0.000000
vt 1.000000 1.000000
vt 0.000000 1.000000
vt 1.000000 0.500000
vt 0.933013 0.750000
vt 0.750000 0.933013
vt 0.500000 1.000000
vt 0.250000 0.933013
vt 0.066987 0.750000
vt 0.000000 0.500000
vt 0.066987 0.250000
vt 0.250000 0.066987
vt 0.500000 0.000000
vt 0.750000 0.066987
vt 0.933013 0.250000
vt 1.000000 0.500000
vt 0.933013 0.750000
vt 0.750000 0.933013
vt 0.500000 1.000000
vt 0.250000 0.933013
vt 0.066987 0.750000
vt 0.000000 0.500000
vt 0.066987 0.250000
vt 0.250000 0.066987
vt 0.500000 0.000000
vt 0.750000 0.066987
vt 0.933013 0.250000
vt 0.000000 0.000000
vt 1.000000 0.000000
vt 1.000000 1.000000
vt 0.000000 1.000000
vt 0.000000 0.000000
vt 1.000000 0.000000
vt 1.000000 1.000000
vt 0.000000 1.000000
vt 0.000000 0.000000
vt 1.000000 0.000000
vt 1.000000 1.000000
vt 0.000000 1.000000
vt 0.000000 0.000000
vt 1.000000 0.000000
vt 1.000000 1.000000
vt 0.000000 1.000000
vt 0.000000 0.000000
vt 1.000000 0.000000
vt 1.000000 1.000000
vt 0.000000 1.000000
vt 0.000000 0.000000
vt 1.000000 0.000000
vt 1.000000 1.000000
vt 0.000000 1.000000
vt 0.000000 0.000000
vt 1.000000 0.000000
vt 1.000000 1.000000
vt 0.000000 1.000000
vt 0.000000 0.000000
vt 1.000000 0.000000
vt 1.000000 1.000000
vt 0.000000 1.000000
vt 0.000000 0.000000
vt 1.000000 0.000000
vt 1.000000 1.000000
vt 0.000000 1.000000
vt 0.000000 0.000000
vt 1.000000 0.000000
vt 1.000000 1.000000
vt 0.000000 1.000000
vt 0.000000 0.000000
vt 1.000000 0.000000
vt 1.000000 1.000000
vt 0.000000 1.000000
vt 0.000000 0.000000
vt 1.000000 0.000000
vt 1.000000 1.000000
vt 0.000000 1.000000
vt 1.000000 0.500000
vt 0.933013 0.750000
vt 0.750000 0.933013
vt 0.500000 1.000000
vt 0.250000 0.933013
vt 0.066987 0.750000
vt 0.000000 0.500000
vt 0.066987 0.250000
vt 0.250000 0.066987
vt 0.500000 0.000000
vt 0.750000 0.066987
vt 0.933013 0.250000
vt 1.000000 0.500000
vt 0.933013 0.750000
vt 0.750000 0.933013
vt 0.500000 1.000000
vt 0.250000 0.933013
vt 0.066987 0.750000
vt 0.000000 0.500000
vt 0.066987 0.250000
vt 0.250000 0.066987
vt 0.500000 0.000000
vt 0.750000 0.066987
vt 0.933013 0.250000
vt 0.000000 0.000000
vt 1.000000 0.000000
vt 1.000000 1.000000
vt 0.000000 1.000000
vt 0.000000 0.000000
vt 1.000000 0.000000
vt 1.000000 1.000000
vt 0.000000 1.000000
vt 0.000000 0.000000
vt 1.000000 0.000000
vt 1.000000 1.000000
vt 0.000000 1.000000
vt 0.000000 0.000000
vt 1.000000 0.000000
vt 1.000000 1.000000
vt 0.000000 1.000000
vt 0.000000 0.000000
vt 1.000000 0.000000
vt 1.000000 1.000000
vt 0.000000 1.000000
vt 0.000000 0.000000
vt 1.000000 0.000000
vt 1.000000 1.000000
vt 0.000000 1.000000
vt 0.000000 0.000000
vt 1.000000 0.000000
vt 1.000000 1.000000
vt 0.000000 1.000000
vt 0.000000 0.000000
vt 1.000000 0.000000
vt 1.000000 1.000000
vt 0.000000 1.000000
vt 0.000000 0.000000
vt 1.000000 0.000000
vt 1.000000 1.000000
vt 0.000000 1.000000
vt 0.000000 0.000000
vt 1.000000 0.000000
vt 1.000000 1.000000
vt 0.000000 1.000000
vt 0.000000 0.000000
vt 1.000000 0.000000
vt 1.000000 1.000000
vt 0.000000 1.000000
vt 0.000000 0.000000
vt 1.000000 0.000000
vt 1.000000 1.000000
vt 0.000000 1.000000
vt 1.000000 0.500000
vt 0.933013 0.750000
vt 0.750000 0.933013
vt 0.500000 1.000000
vt 0.250000 0.933013
vt 0.066987 0.750000
vt 0.000000 0.500000
vt 0.066987 0.250000
vt 0.250000 0.066987
vt 0.500000 0.000000
vt 0.750000 0.066987
vt 0.933013 0.250000
vt 1.000000 0.500000
vt 0.933013 0.750000
vt 0.750000 0.933013
vt 0.500000 1.000000
vt 0.250000 0.933013
vt 0.066987 0.750000
vt 0.000000 0.500000
vt 0.066987 0.250000
vt 0.250000 0.066987
vt 0.500000 0.000000
vt 0.750000 0.066987
vt 0.933013 0.250000
vt 0.000000 0.000000
vt 1.000000 0.000000
vt 1.000000 1.000000
vt 0.000000 1.000000
vt 0.000000 0.000000
vt 1.000000 0.000000
vt 1.000000 1.000000
vt 0.000000 1.000000
vt 0.000000 0.000000
vt 1.000000 0.000000
vt 1.000000 1.000000
vt 0.000000 1.000000
vt 0.000000 0.000000
vt 1.000000 0.000000
vt 1.000000 1.000000
vt 0.000000 1.000000
vt 0.000000 0.000000
vt 1.000000 0.000000
vt 1.000000 1.000000
vt 0.000000 1.000000
vt 0.000000 0.000000
vt 1.000000 0.000000
vt 1.000000 1.000000
vt 0.000000 1.000000
vt 0.000000 0.000000
vt 1.000000 0.000000
vt 1.000000 1.000000
vt 0.000000 1.000000
vt 0.000000 0.000000
vt 1.000000 0.000000
vt 1.000000 1.000000
vt 0.000000 1.000000
vt 0.000000 0.000000
vt 1.000000 0.000000
vt 1.000000 1.000000
vt 0.000000 1.000000
vt 0.000000 0.000000
vt 1.000000 0.000000
vt 1.000000 1.000000
vt 0.000000 1.000000
vt 0.000000 0.000000
vt 1.000000 0.000000
vt 1.000000 1.000000
vt 0.000000 1.000000
vt 0.000000 0.000000
vt 1.000000 0.000000
vt 1.000000 1.000000
vt 0.000000 1.000000
vt 0.000000 0.000000
vt 1.000000 0.000000
vt 1.000000 1.000000
vt 0.000000 1.000000
vt 0.000000 0.000000
vt 1.000000 0.000000
vt 1.000000 1.000000
vt 0.000000 1.000000
vt 0.000000 0.000000
vt 1.000000 0.000000
vt 1.000000 1.000000
vt 0.000000 1.000000
vt 0.000000 0.000000
vt 1.000000 0.000000
vt 1.000000 1.000000
vt 0.000000 1.000000
vt 1.000000 0.500000
vt 0.961940 0.691342
vt 0.853553 0.853553
vt 0.691342 0.961940
vt 0.500000 1.000000
vt 0.308658 0.961940
vt 0.146447 0.853553
vt 0.038060 0.691342
vt 0.000000 0.500000
vt 0.038060 0.308658
vt 0.146447 0.146447
vt 0.308658 0.038060
vt 0.500000 0.000000
vt 0.691342 0.038060
vt 0.853553 0.146447
vt 0.961940 0.308658
vt 1.000000 0.500000
vt 0.961940 0.691342
vt 0.853553 0.853553
vt 0.691342 0.961940
vt 0.500000 1.000000
vt 0.308658 0.961940
vt 0.146447 0.853553
vt 0.038060 0.691342
vt 0.000000 0.500000
vt 0.038060 0.308658
vt 0.146447 0.146447
vt 0.308658 0.038060
vt 0.500000 0.000000
vt 0.691342 0.038060
vt 0.853553 0.146447
vt 0.961940 0.308658
vt 0.000000 0.000000
vt 1.000000 0.000000
vt 1.000000 1.000000
vt 0.000000 1.000000
vt 0.000000 0.000000
vt 1.000000 0.000000
vt 1.000000 1.000000
vt 0.000000 1.000000
vt 0.000000 0.000000
vt 1.000000 0.000000
vt 1.000000 1.000000
vt 0.000000 1.000000
vt 0.000000 0.000000
vt 1.000000 0.000000
vt 1.000000 1.000000
vt 0.000000 1.000000
vt 0.000000 0.000000
vt 1.000000 0.000000
vt 1.000000 1.000000
vt 0.000000 1.000000
vt 0.000000 0.000000
vt 1.000000 0.000000
vt 1.000000 1.000000
vt 0.000000 1.000000
vt 0.000000 0.000000
vt 1.000000 0.000000
vt 1.000000 1.000000
vt 0.000000 1.000000
vt 0.000000 0.000000
vt 1.000000 0.000000
vt 1.000000 1.000000
vt 0.000000 1.000000
vt 0.000000 0.000000
vt 1.000000 0.000000
vt 1.000000 1.000000
vt 0.000000 1.000000
vt 0.000000 0.000000
vt 1.000000 0.000000
vt 1.000000 1.000000
vt 0.000000 1.000000
vt 0.000000 0.000000
vt 1.000000 0.000000
vt 1.000000 1.000000
vt 0.000000 1.000000
vt 0.000000 0.000000
vt 1.000000 0.000000
vt 1.000000 1.000000
vt 0.000000 1.000000
vt 1.000000 0.500000
vt 0.933013 0.750000
vt 0.750000 0.933013
vt 0.500000 1.000000
vt 0.250000 0.933013
vt 0.066987 0.750000
vt 0.000000 0.500000
vt 0.066987 0.250000
vt 0.250000 0.066987
vt 0.500000 0.000000
vt 0.750000 0.066987
vt 0.933013 0.250000
vt 1.000000 0.500000
vt 0.933013 0.750000
vt 0.750000 0.933013
vt 0.500000 1.000000
vt 0.250000 0.933013
vt 0.066987 0.750000
vt 0.000000 0.500000
vt 0.066987 0.250000
vt 0.250000 0.066987
vt 0.500000 0.000000
vt 0.750000 0.066987
vt 0.933013 0.250000
vt 0.000000 0.000000
vt 1.000000 0.000000
vt 1.000000 1.000000
vt 0.000000 1.000000
vt 0.000000 0.000000
vt 1.000000 0.000000
vt 1.000000 1.000000
vt 0.000000 1.000000
vt 0.000000 0.000000
vt 1.000000 0.000000
vt 1.000000 1.000000
vt 0.000000 1.000000
vt 0.000000 0.000000
vt 1.000000 0.000000
vt 1.000000 1.000000
vt 0.000000 1.000000
vt 0.000000 0.000000
vt 1.000000 0.000000
vt 1.000000 1.000000
vt 0.000000 1.000000
vt 0.000000 0.000000
vt 1.000000 0.000000
vt 1.000000 1.000000
vt 0.000000 1.000000
vt 0.000000 0.000000
vt 1.000000 0.000000
vt 1.000000 1.000000
vt 0.000000 1.000000
vt 0.000000 0.000000
vt 1.000000 0.000000
vt 1.000000 1.000000
vt 0.000000 1.000000
vt 0.000000 0.000000
vt 1.000000 0.000000
vt 1.000000 1.000000
vt 0.000000 1.000000
vt 0.000000 0.000000
vt 1.000000 0.000000
vt 1.000000 1.000000
vt 0.000000 1.000000
vt 0.000000 0.000000
vt 1.000000 0.000000
vt 1.000000 1.000000
vt 0.000000 1.000000
vt 0.000000 0.000000
vt 1.000000 0.000000
vt 1.000000 1.000000
vt 0.000000 1.000000
vt 0.000000 0.000000
vt 1.000000 0.000000
vt 1.000000 1.000000
vt 0.000000 1.000000
vt 0.000000 0.000000
vt 1.000000 0.000000
vt 1.000000 1.000000
vt 0.000000 1.000000
vt 0.000000 0.000000
vt 1.000000 0.000000
vt 1.000000 1.000000
vt 0.000000 1.000000
vt 0.000000 0.000000
vt 1.000000 0.000000
vt 1.000000 1.000000
vt 0.000000 1.000000
vt 1.000000 0.500000
vt 0.961940 0.691342
vt 0.853553 0.853553
vt 0.691342 0.961940
vt 0.500000 1.000000
vt 0.308658 0.961940
vt 0.146447 0.853553
vt 0.038060 0.691342
vt 0.000000 0.500000
vt 0.038060 0.308658
vt 0.146447 0.146447
vt 0.308658 0.038060
vt 0.500000 0.000000
vt 0.691342 0.038060
vt 0.853553 0.146447
vt 0.961940 0.308658
vt 1.000000 0.500000
vt 0.961940 0.691342
vt 0.853553 0.853553
vt 0.691342 0.961940
vt 0.500000 1.000000
vt 0.308658 0.961940
vt 0.146447 0.853553
vt 0.038060 0.691342
vt 0.000000 0.500000
vt 0.038060 0.308658
vt 0.146447 0.146447
vt 0.308658 0.038060
vt 0.500000 0.000000
vt 0.691342 0.038060
vt 0.853553 0.146447
vt 0.961940 0.308658
vt 0.000000 0.000000
vt 1.000000 0.000000
vt 1.000000 1.000000
vt 0.000000 1.000000
vt 0.000000 0.000000
vt 1.000000 0.000000
vt 1.000000 1.000000
vt 0.000000 1.000000
vt 0.000000 0.000000
vt 1.000000 0.000000
vt 1.000000 1.000000
vt 0.000000 1.000000
vt 0.000000 0.000000
vt 1.000000 0.000000
vt 1.000000 1.000000
vt 0.000000 1.000000
vt 0.000000 0.000000
vt 1.000000 0.000000
vt 1.000000 1.000000
vt 0.000000 1.000000
vt 0.000000 0.000000
vt 1.000000 0.000000
vt 1.000000 1.000000
vt 0.000000 1.000000
vt 0.000000 0.000000
vt 1.000000 0.000000
vt 1.000000 1.000000
vt 0.000000 1.000000
vt 0.000000 0.000000
vt 1.000000 0.000000
vt 1.000000 1.000000
vt 0.000000 1.000000
vt 0.000000 0.000000
vt 1.000000 0.000000
vt 1.000000 1.000000
vt 0.000000 1.000000
vt 0.000000 0.000000
vt 1.000000 0.000000
vt 1.000000 1.000000
vt 0.000000 1.000000
vt 0.000000 0.000000
vt 1.000000 0.000000
vt 1.000000 1.000000
vt 0.000000 1.000000
vt 0.000000 0.000000
vt 1.000000 0.000000
vt 1.000000 1.000000
vt 0.000000 1.000000
vt 1.000000 0.500000
vt 0.933013 0.750000
vt 0.750000 0.933013
vt 0.500000 1.000000
vt 0.250000 0.933013
vt 0.066987 0.750000
vt 0.000000 0.500000
vt 0.066987 0.250000
vt 0.250000 0.066987
vt 0.500000 0.000000
vt 0.750000 0.066987
vt 0.933013 0.250000
vt 1.000000 0.500000
vt 0.933013 0.750000
vt 0.750000 0.933013
vt 0.500000 1.000000
vt 0.250000 0.933013
vt 0.066987 0.750000
vt 0.000000 0.500000
vt 0.066987 0.250000
vt 0.250000 0.066987
vt 0.500000 0.000000
vt 0.750000 0.066987
vt 0.933013 0.250000
vt 0.000000 0.000000
vt 1.000000 0.000000
vt 1.000000 1.000000
vt 0.000000 1.000000
vt 0.000000 0.000000
vt 1.000000 0.000000
vt 1.000000 1.000000
vt 0.000000 1.000000
vt 0.000000 0.000000
vt 1.000000 0.000000
vt 1.000000 1.000000
vt 0.000000 1.000000
vt 0.000000 0.000000
vt 1.000000 0.000000
vt 1.000000 1.000000
vt 0.000000 1.000000
vt 0.000000 0.000000
vt 1.000000 0.000000
vt 1.000000 1.000000
vt 0.000000 1.000000
vt 0.000000 0.000000
vt 1.000000 0.000000
vt 1.000000 1.000000
vt 0.000000 1.000000
vt 0.000000 0.000000
vt 1.000000 0.000000
vt 1.000000 1.000000
vt 0.000000 1.000000
vt 0.000000 0.000000
vt 1.000000 0.000000
vt 1.000000 1.000000
vt 0.000000 1.000000
vt 0.000000 0.000000
vt 1.000000 0.000000
vt 1.000000 1.000000
vt 0.000000 1.000000
vt 0.000000 0.000000
vt 1.000000 0.000000
vt 1.000000 1.000000
vt 0.000000 1.000000
vt 0.000000 0.000000
vt 1.000000 0.000000
vt 1.000000 1.000000
vt 0.000000 1.000000
vt 0.000000 0.000000
vt 1.000000 0.000000
vt 1.000000 1.000000
vt 0.000000 1.000000
vt 1.000000 0.500000
vt 0.933013 0.750000
vt 0.750000 0.933013
vt 0.500000 1.000000
vt 0.250000 0.933013
vt 0.066987 0.750000
vt 0.000000 0.500000
vt 0.066987 0.250000
vt 0.250000 0.066987
vt 0.500000 0.000000
vt 0.750000 0.066987
vt 0.933013 0.250000
vt 1.000000 0.500000
vt 0.933013 0.750000
vt 0.750000 0.933013
vt 0.500000 1.000000
vt 0.250000 0.933013
vt 0.066987 0.750000
vt 0.000000 0.500000
vt 0.066987 0.250000
vt 0.250000 0.066987
vt 0.500000 0.000000
vt 0.750000 0.066987
vt 0.933013 0.250000
vt 0.000000 0.000000
vt 1.000000 0.000000
vt 1.000000 1.000000
vt 0.000000 1.000000
vt 0.000000 0.000000
vt 1.000000 0.000000
vt 1.000000 1.000000
vt 0.000000 1.000000
vt 0.000000 0.000000
vt 1.000000 0.000000
vt 1.000000 1.000000
vt 0.000000 1.000000
vt 0.000000 0.000000
vt 1.000000 0.000000
vt 1.000000 1.000000
vt 0.000000 1.000000
vt 0.000000 0.000000
vt 1.000000 0.000000
vt 1.000000 1.000000
vt 0.000000 1.000000
vt 0.000000 0.000000
vt 1.000000 0.000000
vt 1.000000 1.000000
vt 0.000000 1.000000
vt 0.000000 0.000000
vt 1.000000 0.000000
vt 1.000000 1.000000
vt 0.000000 1.000000
vt 0.000000 0.000000
vt 1.000000 0.000000
vt 1.000000 1.000000
vt 0.000000 1.000000
vt 0.000000 0.000000
vt 1.000000 0.000000
vt 1.000000 1.000000
vt 0.000000 1.000000
vt 0.000000 0.000000
vt 1.000000 0.000000
vt 1.000000 1.000000
vt 0.000000 1.000000
vt 0.000000 0.000000
vt 1.000000 0.000000
vt 1.000000 1.000000
vt 0.000000 1.000000
vt 0.000000 0.000000
vt 1.000000 0.000000
vt 1.000000 1.000000
vt 0.000000 1.000000
vt 1.000000 0.500000
vt 0.933013 0.750000
vt 0.750000 0.933013
vt 0.500000 1.000000
vt 0.250000 0.933013
vt 0.066987 0.750000
vt 0.000000 0.500000
vt 0.066987 0.250000
vt 0.250000 0.066987
vt 0.500000 0.000000
vt 0.750000 0.066987
vt 0.933013 0.250000
vt 1.000000 0.500000
vt 0.933013 0.750000
vt 0.750000 0.933013
vt 0.500000 1.000000
vt 0.250000 0.933013
vt 0.066987 0.750000
vt 0.000000 0.500000
vt 0.066987 0.250000
vt 0.250000 0.066987
vt 0.500000 0.000000
vt 0.750000 0.066987
vt 0.933013 0.250000
vt 0.000000 0.000000
vt 1.000000 0.000000
vt 1.000000 1.000000
vt 0.000000 1.000000
vt 0.000000 0.000000
vt 1.000000 0.000000
vt 1.000000 1.000000
vt 0.000000 1.000000
vt 0.000000 0.000000
vt 1.000000 0.000000
vt 1.000000 1.000000
vt 0.000000 1.000000
vt 0.000000 0.000000
vt 1.000000 0.000000
vt 1.000000 1.000000
vt 0.000000 1.000000
vt 0.000000 0.000000
vt 1.000000 0.000000
vt 1.000000 1.000000
vt 0.000000 1.000000
vt 0.000000 0.000000
vt 1.000000 0.000000
vt 1.000000 1.000000
vt 0.000000 1.000000
vt 0.000000 0.000000
vt 1.000000 0.000000
vt 1.000000 1.000000
vt 0.000000 1.000000
vt 0.000000 0.000000
vt 1.000000 0.000000
vt 1.000000 1.000000
vt 0.000000 1.000000
vt 0.000000 0.000000
vt 1.000000 0.000000
vt 1.000000 1.000000
vt 0.000000 1.000000
vt 0.000000 0.000000
vt 1.000000 0.000000
vt 1.000000 1.000000
vt 0.000000 1.000000
vt 0.000000 0.000000
vt 1.000000 0.000000
vt 1.000000 1.000000
vt 0.000000 1.000000
vt 0.000000 0.000000
vt 1.000000 0.000000
vt 1.000000 1.000000
vt 0.000000 1.000000
vt 0.000000 0.000000
vt 1.000000 0.000000
vt 1.000000 1.000000
vt 0.000000 1.000000
vt 0.000000 0.000000
vt 1.000000 0.000000
vt 1.000000 1.000000
vt 0.000000 1.000000
vt 0.000000 0.000000
vt 1.000000 0.000000
vt 1.000000 1.000000
vt 0.000000 1.000000
vt 0.000000 0.000000
vt 1.000000 0.000000
vt 1.000000 1.000000
vt 0.000000 1.000000
vt 1.000000 0.500000
vt 0.961940 0.691342
vt 0.853553 0.853553
vt 0.691342 0.961940
vt 0.500000 1.000000
vt 0.308658 0.961940
vt 0.146447 0.853553
vt 0.038060 0.691342
vt 0.000000 0.500000
vt 0.038060 0.308658
vt 0.146447 0.146447
vt 0.308658 0.038060
vt 0.500000 0.000000
vt 0.691342 0.038060
vt 0.853553 0.146447
vt 0.961940 0.308658
vt 1.000000 0.500000
vt 0.961940 0.691342
vt 0.853553 0.853553
vt 0.691342 0.961940
vt 0.500000 1.000000
vt 0.308658 0.961940
vt 0.146447 0.853553
vt 0.038060 0.691342
vt 0.000000 0.500000
vt 0.038060 0.308658
vt 0.146447 0.146447
vt 0.308658 0.038060
vt 0.500000 0.000000
vt 0.691342 0.038060
vt 0.853553 0.146447
vt 0.961940 0.308658
vt 0.000000 0.000000
vt 1.000000 0.000000
vt 1.000000 1.000000
vt 0.000000 1.000000
vt 0.000000 0.000000
vt 1.000000 0.000000
vt 1.000000 1.000000
vt 0.000000 1.000000
vt 0.000000 0.000000
vt 1.000000 0.000000
vt 1.000000 1.000000
vt 0.000000 1.000000
vt 0.000000 0.000000
vt 1.000000 0.000000
vt 1.000000 1.000000
vt 0.000000 1.000000
vt 0.000000 0.000000
vt 1.000000 0.000000
vt 1.000000 1.000000
vt 0.000000 1.000000
vt 0.000000 0.000000
vt 1.000000 0.000000
vt 1.000000 1.000000
vt 0.000000 1.000000
vt 0.000000 0.000000
vt 1.000000 0.000000
vt 1.000000 1.000000
vt 0.000000 1.000000
vt 0.000000 0.000000
vt 1.000000 0.000000
vt 1.000000 1.000000
vt 0.000000 1.000000
vt 0.000000 0.000000
vt 1.000000 0.000000
vt 1.000000 1.000000
vt 0.000000 1.000000
vt 0.000000 0.000000
vt 1.000000 0.000000
vt 1.000000 1.000000
vt 0.000000 1.000000
vt 0.000000 0.000000
vt 1.000000 0.000000
vt 1.000000 1.000000
vt 0.000000 1.000000
vt 0.000000 0.000000
vt 1.000000 0.000000
vt 1.000000 1.000000
vt 0.000000 1.000000
vt 1.000000 0.500000
vt 0.933013 0.750000
vt 0.750000 0.933013
vt 0.500000 1.000000
vt 0.250000 0.933013
vt 0.066987 0.750000
vt 0.000000 0.500000
vt 0.066987 0.250000
vt 0.250000 0.066987
vt 0.500000 0.000000
vt 0.750000 0.066987
vt 0.933013 0.250000
vt 1.000000 0.500000
vt 0.933013 0.750000
vt 0.750000 0.933013
vt 0.500000 1.000000
vt 0.250000 0.933013
vt 0.066987 0.750000
vt 0.000000 0.500000
vt 0.066987 0.250000
vt 0.250000 0.066987
vt 0.500000 0.000000
vt 0.750000 0.066987
vt 0.933013 0.250000
vt 0.000000 0.000000
vt 1.000000 0.000000
vt 1.000000 1.000000
vt 0.000000 1.000000
vt 0.000000 0.000000
vt 1.000000 0.000000
vt 1.000000 1.000000
vt 0.000000 1.000000
vt 0.000000 0.000000
vt 1.000000 0.000000
vt 1.000000 1.000000
vt 0.000000 1.000000
vt 0.000000 0.000000
vt 1.000000 0.000000
vt 1.000000 1.000000
vt 0.000000 1.000000
vt 0.000000 0.000000
vt 1.000000 0.000000
vt 1.000000 1.000000
vt 0.000000 1.000000
vt 0.000000 0.000000
vt 1.000000 0.000000
vt 1.000000 1.000000
vt 0.000000 1.000000
vt 0.000000 0.000000
vt 1.000000 0.000000
vt 1.000000 1.000000
vt 0.000000 1.000000
vt 0.000000 0.000000
vt 1.000000 0.000000
vt 1.000000 1.000000
vt 0.000000 1.000000
vt 0.000000 0.000000
vt 1.000000 0.000000
vt 1.000000 1.000000
vt 0.000000 1.000000
vt 0.000000 0.000000
vt 1.000000 0.000000
vt 1.000000 1.000000
vt 0.000000 1.000000
vt 0.000000 0.000000
vt 1.000000 0.000000
vt 1.000000 1.000000
vt 0.000000 1.000000
vt 0.000000 0.000000
vt 1.000000 0.000000
vt 1.000000 1.000000
vt 0.000000 1.000000
vt 0.000000 0.000000
vt 1.000000 0.000000
vt 1.000000 1.000000
vt 0.000000 1.000000
vt 0.000000 0.000000
vt 1.000000 0.000000
vt 1.000000 1.000000
vt 0.000000 1.000000
vt 0.000000 0.000000
vt 1.000000 0.000000
vt 1.000000 1.000000
vt 0.000000 1.000000
vt 0.000000 0.000000
vt 1.000000 0.000000
vt 1.000000 1.000000
vt 0.000000 1.000000
vt 1.000000 0.500000
vt 0.961940 0.691342
vt 0.853553 0.853553
vt 0.691342 0.961940
vt 0.500000 1.000000
vt 0.308658 0.961940
vt 0.146447 0.853553
vt 0.038060 0.691342
vt 0.000000 0.500000
vt 0.038060 0.308658
vt 0.146447 0.146447
vt 0.308658 0.038060
vt 0.500000 0.000000
vt 0.691342 0.038060
vt 0.853553 0.146447
vt 0.961940 0.308658
vt 1.000000 0.500000
vt 0.961940 0.691342
vt 0.853553 0.853553
vt 0.691342 0.961940
vt 0.500000 1.000000
vt 0.308658 0.961940
vt 0.146447 0.853553
vt 0.038060 0.691342
vt 0.000000 0.500000
vt 0.038060 0.308658
vt 0.146447 0.146447
vt 0.308658 0.038060
vt 0.500000 0.000000
vt 0.691342 0.038060
vt 0.853553 0.146447
vt 0.961940 0.308658
vt 0.000000 0.000000
vt 1.000000 0.000000
vt 1.000000 1.000000
vt 0.000000 1.000000
vt 0.000000 0.000000
vt 1.000000 0.000000
vt 1.000000 1.000000
vt 0.000000 1.000000
vt 0.000000 0.000000
vt 1.000000 0.000000
vt 1.000000 1.000000
vt 0.000000 1.000000
vt 0.000000 0.000000
vt 1.000000 0.000000
vt 1.000000 1.000000
vt 0.000000 1.000000
vt 0.000000 0.000000
vt 1.000000 0.000000
vt 1.000000 1.000000
vt 0.000000 1.000000
vt 0.000000 0.000000
vt 1.000000 0.000000
vt 1.000000 1.000000
vt 0.000000 1.000000
vt 0.000000 0.000000
vt 1.000000 0.000000
vt 1.000000 1.000000
vt 0.000000 1.000000
vt 0.000000 0.000000
vt 1.000000 0.000000
vt 1.000000 1.000000
vt 0.000000 1.000000
vt 0.000000 0.000000
vt 1.000000 0.000000
vt 1.000000 1.000000
vt 0.000000 1.000000
vt 0.000000 0.000000
vt 1.000000 0.000000
vt 1.000000 1.000000
vt 0.000000 1.000000
vt 0.000000 0.000000
vt 1.000000 0.000000
vt 1.000000 1.000000
vt 0.000000 1.000000
vt 0.000000 0.000000
vt 1.000000 0.000000
vt 1.000000 1.000000
vt 0.000000 1.000000
vt 1.000000 0.500000
vt 0.933013 0.750000
vt 0.750000 0.933013
vt 0.500000 1.000000
vt 0.250000 0.933013
vt 0.066987 0.750000
vt 0.000000 0.500000
vt 0.066987 0.250000
vt 0.250000 0.066987
vt 0.500000 0.000000
vt 0.750000 0.066987
vt 0.933013 0.250000
vt 1.000000 0.500000
vt 0.933013 0.750000
vt 0.750000 0.933013
vt 0.500000 1.000000
vt 0.250000 0.933013
vt 0.066987 0.750000
vt 0.000000 0.500000
vt 0.066987 0.250000
vt 0.250000 0.066987
vt 0.500000 0.000000
vt 0.750000 0.066987
vt 0.933013 0.250000
vt 0.000000 0.000000
vt 1.000000 0.000000
vt 1.000000 1.000000
vt 0.000000 1.000000
vt 0.000000 0.000000
vt 1.000000 0.000000
vt 1.000000 1.000000
vt 0.000000 1.000000
vt 0.000000 0.000000
vt 1.000000 0.000000
vt 1.000000 1.000000
vt 0.000000 1.000000
vt 0.000000 0.000000
vt 1.000000 0.000000
vt 1.000000 1.000000
vt 0.000000 1.000000
vt 0.000000 0.000000
vt 1.000000 0.000000
vt 1.000000 1.000000
vt 0.000000 1.000000
vt 0.000000 0.000000
vt 1.000000 0.000000
vt 1.000000 1.000000
vt 0.000000 1.000000
vt 0.000000 0.000000
vt 1.000000 0.000000
vt 1.000000 1.000000
vt 0.000000 1.000000
vt 0.000000 0.000000
vt 1.000000 0.000000
vt 1.000000 1.000000
vt 0.000000 1.000000
vt 0.000000 0.000000
vt 1.000000 0.000000
vt 1.000000 1.000000
vt 0.000000 1.000000
vt 0.000000 0.000000
vt 1.000000 0.000000
vt 1.000000 1.000000
vt 0.000000 1.000000
vt 0.000000 0.000000
vt 1.000000 0.000000
vt 1.000000 1.000000
vt 0.000000 1.000000
vt 0.000000 0.000000
vt 1.000000 0.000000
vt 1.000000 1.000000
vt 0.000000 1.000000
vt 1.000000 0.500000
vt 0.933013 0.750000
vt 0.750000 0.933013
vt 0.500000 1.000000
vt 0.250000 0.933013
vt 0.066987 0.750000
vt 0.000000 0.500000
vt 0.066987 0.250000
vt 0.250000 0.066987
vt 0.500000 0.000000
vt 0.750000 0.066987
vt 0.933013 0.250000
vt 1.000000 0.500000
vt 0.933013 0.750000
vt 0.750000 0.933013
vt 0.500000 1.000000
vt 0.250000 0.933013
vt 0.066987 0.750000
vt 0.000000 0.500000
vt 0.066987 0.250000
vt 0.250000 0.066987
vt 0.500000 0.000000
vt 0.750000 0.066987
vt 0.933013 0.250000
vn 0.000000 0.000000 1.000000
vn 0.000000 0.000000 -1.000000
vn 1.000000 0.000000 0.000000
vn -1.000000 0.000000 0.000000
vn 0.000000 -1.000000 0.000000
vn -0.000000 1.000000 0.000000
vn 0.000000 0.000000 1.000000
vn 0.000000 0.000000 -1.000000
vn 1.000000 0.000000 0.000000
vn -1.000000 0.000000 0.000000
vn 0.000000 -1.000000 0.000000
vn -0.000000 1.000000 0.000000
vn -0.965926 0.000000 -0.258819
vn -0.707107 0.000000 -0.707107
vn -0.258819 0.000000 -0.965926
vn 0.258819 0.000000 -0.965926
vn 0.707107 0.000000 -0.707107
vn 0.965926 0.000000 -0.258819
vn 0.965926 0.000000 0.258819
vn 0.707107 0.000000 0.707107
vn 0.258819 0.000000 0.965926
vn -0.258819 0.000000 0.965926
vn -0.707107 0.000000 0.707107
vn -0.965926 0.000000 0.258819
vn 0.000000 1.000000 0.000000
vn 0.000000 -1.000000 0.000000
vn -0.965926 0.000000 -0.258819
vn -0.707107 0.000000 -0.707107
vn -0.258819 0.000000 -0.965926
vn 0.258819 0.000000 -0.965926
vn 0.707107 0.000000 -0.707107
vn 0.965926 0.000000 -0.258819
vn 0.965926 0.000000 0.258819
vn 0.707107 0.000000 0.707107
vn 0.258819 0.000000 0.965926
vn -0.258819 0.000000 0.965926
vn -0.707107 0.000000 0.707107
vn -0.965926 0.000000 0.258819
vn 0.000000 1.000000 0.000000
vn 0.000000 -1.000000 0.000000
vn -0.965926 0.000000 -0.258819
vn -0.707107 0.000000 -0.707107
vn -0.258819 0.000000 -0.965926
vn 0.258819 0.000000 -0.965926
vn 0.707107 0.000000 -0.707107
vn 0.965926 0.000000 -0.258819
vn 0.965926 0.000000 0.258819
vn 0.707107 0.000000 0.707107
vn 0.258819 0.000000 0.965926
vn -0.258819 0.000000 0.965926
vn -0.707107 0.000000 0.707107
vn -0.965926 0.000000 0.258819
vn 0.000000 1.000000 0.000000
vn 0.000000 -1.000000 0.000000
vn -0.965926 0.000000 -0.258819
vn -0.707107 0.000000 -0.707107
vn -0.258819 0.000000 -0.965926
vn 0.258819 0.000000 -0.965926
vn 0.707107 0.000000 -0.707107
vn 0.965926 0.000000 -0.258819
vn 0.965926 0.000000 0.258819
vn 0.707107 0.000000 0.707107
vn 0.258819 0.000000 0.965926
vn -0.258819 0.000000 0.965926
vn -0.707107 0.000000 0.707107
vn -0.965926 0.000000 0.258819
vn 0.000000 1.000000 0.000000
vn 0.000000 -1.000000 0.000000
vn 0.000000 0.000000 1.000000
vn 0.000000 0.000000 -1.000000
vn 1.000000 0.000000 0.000000
vn -1.000000 0.000000 0.000000
vn 0.000000 -1.000000 0.000000
vn -0.000000 1.000000 0.000000
vn 0.000000 0.000000 1.000000
vn 0.000000 0.000000 -1.000000
vn 1.000000 0.000000 0.000000
vn -1.000000 0.000000 0.000000
vn 0.000000 -1.000000 0.000000
vn -0.000000 1.000000 0.000000
vn -0.974928 0.000000 -0.222521
vn -0.781831 0.000000 -0.623490
vn -0.433884 0.000000 -0.900969
vn 0.000000 0.000000 -1.000000
vn 0.433884 0.000000 -0.900969
vn 0.781831 0.000000 -0.623490
vn 0.974928 0.000000 -0.222521
vn 0.974928 0.000000 0.222521
vn 0.781831 0.000000 0.623490
vn 0.433884 0.000000 0.900969
vn 0.000000 0.000000 1.000000
vn -0.433884 0.000000 0.900969
vn -0.781831 0.000000 0.623490
vn -0.974928 0.000000 0.222521
vn 0.000000 1.000000 0.000000
vn 0.000000 -1.000000 0.000000
vn -0.974928 0.000000 -0.222521
vn -0.781831 0.000000 -0.623490
vn -0.433884 0.000000 -0.900969
vn 0.000000 0.000000 -1.000000
vn 0.433884 0.000000 -0.900969
vn 0.781831 0.000000 -0.623490
vn 0.974928 0.000000 -0.222521
vn 0.974928 0.000000 0.222521
vn 0.781831 0.000000 0.623490
vn 0.433884 0.000000 0.900969
vn 0.000000 0.000000 1.000000
vn -0.433884 0.000000 0.900969
vn -0.781831 0.000000 0.623490
vn -0.974928 0.000000 0.222521
vn 0.000000 1.000000 0.000000
vn 0.000000 -1.000000 0.000000
vn -0.974928 0.000000 -0.222521
vn -0.781831 0.000000 -0.623490
vn -0.433884 0.000000 -0.900969
vn 0.000000 0.000000 -1.000000
vn 0.433884 0.000000 -0.900969
vn 0.781831 0.000000 -0.623490
vn 0.974928 0.000000 -0.222521
vn 0.974928 0.000000 0.222521
vn 0.781831 0.000000 0.623490
vn 0.433884 0.000000 0.900969
vn 0.000000 0.000000 1.000000
vn -0.433884 0.000000 0.900969
vn -0.781831 0.000000 0.623490
vn -0.974928 0.000000 0.222521
vn 0.000000 1.000000 0.000000
vn 0.000000 -1.000000 0.000000
vn -0.974928 0.000000 -0.222521
vn -0.781831 0.000000 -0.623490
vn -0.433884 0.000000 -0.900969
vn 0.000000 0.000000 -1.000000
vn 0.433884 0.000000 -0.900969
vn 0.781831 0.000000 -0.623490
vn 0.974928 0.000000 -0.222521
vn 0.974928 0.000000 0.222521
vn 0.781831 0.000000 0.623490
vn 0.433884 0.000000 0.900969
vn 0.000000 0.000000 1.000000
vn -0.433884 0.000000 0.900969
vn -0.781831 0.000000 0.623490
vn -0.974928 0.000000 0.222521
vn 0.000000 1.000000 0.000000
vn 0.000000 -1.000000 0.000000
vn 0.000000 0.000000 1.000000
vn 0.000000 0.000000 -1.000000
vn 1.000000 0.000000 0.000000
vn -1.000000 0.000000 0.000000
vn 0.000000 -1.000000 0.000000
vn -0.000000 1.000000 0.000000
vn 0.000000 0.000000 1.000000
vn 0.000000 0.000000 -1.000000
vn 1.000000 0.000000 0.000000
vn -1.000000 0.000000 0.000000
vn 0.000000 -1.000000 0.000000
vn -0.000000 1.000000 0.000000
vn -0.974928 0.000000 -0.222521
vn -0.781831 0.000000 -0.623490
vn -0.433884 0.000000 -0.900969
vn 0.000000 0.000000 -1.000000
vn 0.433884 0.000000 -0.900969
vn 0.781831 0.000000 -0.623490
vn 0.974928 0.000000 -0.222521
vn 0.974928 0.000000 0.222521
vn 0.781831 0.000000 0.623490
vn 0.433884 0.000000 0.900969
vn 0.000000 0.000000 1.000000
vn -0.433884 0.000000 0.900969
vn -0.781831 0.000000 0.623490
vn -0.974928 0.000000 0.222521
vn 0.000000 1.000000 0.000000
vn 0.000000 -1.000000 0.000000
vn -0.974928 0.000000 -0.222521
vn -0.781831 0.000000 -0.623490
vn -0.433884 0.000000 -0.900969
vn 0.000000 0.000000 -1.000000
vn 0.433884 0.000000 -0.900969
vn 0.781831 0.000000 -0.623490
vn 0.974928 0.000000 -0.222521
vn 0.974928 0.000000 0.222521
vn 0.781831 0.000000 0.623490
vn 0.433884 0.000000 0.900969
vn 0.000000 0.000000 1.000000
vn -0.433884 0.000000 0.900969
vn -0.781831 0.000000 0.623490
vn -0.974928 0.000000 0.222521
vn 0.000000 1.000000 0.000000
vn 0.000000 -1.000000 0.000000
vn -0.974928 0.000000 -0.222521
vn -0.781831 0.000000 -0.623490
vn -0.433884 0.000000 -0.900969
vn 0.000000 0.000000 -1.000000
vn 0.433884 0.000000 -0.900969
vn 0.781831 0.000000 -0.623490
vn 0.974928 0.000000 -0.222521
vn 0.974928 0.000000 0.222521
vn 0.781831 0.000000 0.623490
vn 0.433884 0.000000 0.900969
vn 0.000000 0.000000 1.000000
vn -0.433884 0.000000 0.900969
vn -0.781831 0.000000 0.623490
vn -0.974928 0.000000 0.222521
vn 0.000000 1.000000 0.000000
vn 0.000000 -1.000000 0.000000
vn -0.974928 0.000000 -0.222521
vn -0.781831 0.000000 -0.623490
vn -0.433884 0.000000 -0.900969
vn 0.000000 0.000000 -1.000000
vn 0.433884 0.000000 -0.900969
vn 0.781831 0.000000 -0.623490
vn 0.974928 0.000000 -0.222521
vn 0.974928 0.000000 0.222521
vn 0.781831 0.000000 0.623490
vn 0.433884 0.000000 0.900969
vn 0.000000 0.000000 1.000000
vn -0.433884 0.000000 0.900969
vn -0.781831 0.000000 0.623490
vn -0.974928 0.000000 0.222521
vn 0.000000 1.000000 0.000000
vn 0.000000 -1.000000 0.000000
vn 0.000000 0.000000 1.000000
vn 0.000000 0.000000 -1.000000
vn 1.000000 0.000000 0.000000
vn -1.000000 0.000000 0.000000
vn 0.000000 -1.000000 0.000000
vn -0.000000 1.000000 0.000000
vn 0.000000 0.000000 1.000000
vn 0.000000 0.000000 -1.000000
vn 1.000000 0.000000 0.000000
vn -1.000000 0.000000 0.000000
vn 0.000000 -1.000000 0.000000
vn -0.000000 1.000000 0.000000
vn -0.965926 0.000000 -0.258819
vn -0.707107 0.000000 -0.707107
vn -0.258819 0.000000 -0.965926
vn 0.258819 0.000000 -0.965926
vn 0.707107 0.000000 -0.707107
vn 0.965926 0.000000 -0.258819
vn 0.965926 0.000000 0.258819
vn 0.707107 0.000000 0.707107
vn 0.258819 0.000000 0.965926
vn -0.258819 0.000000 0.965926
vn -0.707107 0.000000 0.707107
vn -0.965926 0.000000 0.258819
vn 0.000000 1.000000 0.000000
vn 0.000000 -1.000000 0.000000
vn -0.965926 0.000000 -0.258819
vn -0.707107 0.000000 -0.707107
vn -0.258819 0.000000 -0.965926
vn 0.258819 0.000000 -0.965926
vn 0.707107 0.000000 -0.707107
vn 0.965926 0.000000 -0.258819
vn 0.965926 0.000000 0.258819
vn 0.707107 0.000000 0.707107
vn 0.258819 0.000000 0.965926
vn -0.258819 0.000000 0.965926
vn -0.707107 0.000000 0.707107
vn -0.965926 0.000000 0.258819
vn 0.000000 1.000000 0.000000
vn 0.000000 -1.000000 0.000000
vn -0.965926 0.000000 -0.258819
vn -0.707107 0.000000 -0.707107
vn -0.258819 0.000000 -0.965926
vn 0.258819 0.000000 -0.965926
vn 0.707107 0.000000 -0.707107
vn 0.965926 0.000000 -0.258819
vn 0.965926 0.000000 0.258819
vn 0.707107 0.000000 0.707107
vn 0.258819 0.000000 0.965926
vn -0.258819 0.000000 0.965926
vn -0.707107 0.000000 0.707107
vn -0.965926 0.000000 0.258819
vn 0.000000 1.000000 0.000000
vn 0.000000 -1.000000 0.000000
vn -0.965926 0.000000 -0.258819
vn -0.707107 0.000000 -0.707107
vn -0.258819 0.000000 -0.965926
vn 0.258819 0.000000 -0.965926
vn 0.707107 0.000000 -0.707107
vn 0.965926 0.000000 -0.258819
vn 0.965926 0.000000 0.258819
vn 0.707107 0.000000 0.707107
vn 0.258819 0.000000 0.965926
vn -0.258819 0.000000 0.965926
vn -0.707107 0.000000 0.707107
vn -0.965926 0.000000 0.258819
vn 0.000000 1.000000 0.000000
vn 0.000000 -1.000000 0.000000
vn 0.000000 0.000000 1.000000
vn 0.000000 0.000000 -1.000000
vn 1.000000 0.000000 0.000000
vn -1.000000 0.000000 0.000000
vn 0.000000 -1.000000 0.000000
vn -0.000000 1.000000 0.000000
vn 0.000000 0.000000 1.000000
vn 0.000000 0.000000 -1.000000
vn 1.000000 0.000000 0.000000
vn -1.000000 0.000000 0.000000
vn 0.000000 -1.000000 0.000000
vn -0.000000 1.000000 0.000000
vn 0.000000 0.000000 1.000000
vn 0.000000 0.000000 -1.000000
vn 1.000000 0.000000 0.000000
vn -1.000000 0.000000 0.000000
vn 0.000000 -1.000000 0.000000
vn -0.000000 1.000000 0.000000
vn 0.000000 0.000000 1.000000
vn 0.000000 0.000000 -1.000000
vn 1.000000 0.000000 0.000000
vn -1.000000 0.000000 0.000000
vn 0.000000 -1.000000 0.000000
vn -0.000000 1.000000 0.000000
vn 0.000000 0.000000 1.000000
vn 0.000000 0.000000 -1.000000
vn 1.000000 0.000000 0.000000
vn -1.000000 0.000000 0.000000
vn 0.000000 -1.000000 0.000000
vn -0.000000 1.000000 0.000000
vn 0.000000 0.000000 1.000000
vn 0.000000 0.000000 -1.000000
vn 1.000000 0.000000 0.000000
vn -1.000000 0.000000 0.000000
vn 0.000000 -1.000000 0.000000
vn -0.000000 1.000000 0.000000
vn 0.000000 0.000000 1.000000
vn 0.000000 0.000000 -1.000000
vn 1.000000 0.000000 0.000000
vn -1.000000 0.000000 0.000000
vn 0.000000 -1.000000 0.000000
vn -0.000000 1.000000 0.000000
vn 0.000000 0.000000 1.000000
vn 0.000000 0.000000 -1.000000
vn 1.000000 0.000000 0.000000
vn -1.000000 0.000000 0.000000
vn 0.000000 -1.000000 0.000000
vn -0.000000 1.000000 0.000000
vn 0.000000 0.000000 1.000000
vn 0.000000 0.000000 -1.000000
vn 1.000000 0.000000 0.000000
vn -1.000000 0.000000 0.000000
vn 0.000000 -1.000000 0.000000
vn -0.000000 1.000000 0.000000
vn 0.000000 0.000000 1.000000
vn 0.000000 0.000000 -1.000000
vn 1.000000 0.000000 0.000000
vn -1.000000 0.000000 0.000000
vn 0.000000 -1.000000 0.000000
vn -0.000000 1.000000 0.000000
vn 0.000000 0.000000 1.000000
vn 0.000000 0.000000 -1.000000
vn 1.000000 0.000000 0.000000
vn -1.000000 0.000000 0.000000
vn 0.000000 -1.000000 0.000000
vn -0.000000 1.000000 0.000000
vn 0.000000 0.000000 1.000000
vn 0.000000 0.000000 -1.000000
vn 1.000000 0.000000 0.000000
vn -1.000000 0.000000 0.000000
vn 0.000000 -1.000000 0.000000
vn -0.000000 1.000000 0.000000
vn 0.000000 0.000000 1.000000
vn 0.000000 0.000000 -1.000000
vn 1.000000 0.000000 0.000000
vn -1.000000 0.000000 0.000000
vn 0.000000 -1.000000 0.000000
vn -0.000000 1.000000 0.000000
vn 0.000000 0.000000 1.000000
vn 0.000000 0.000000 -1.000000
vn 1.000000 0.000000 0.000000
vn -1.000000 0.000000 0.000000
vn 0.000000 -1.000000 0.000000
vn -0.000000 1.000000 0.000000
vn -0.965926 -0.258819 0.000000
vn -0.707107 -0.707107 0.000000
vn -0.258819 -0.965926 0.000000
vn 0.258819 -0.965926 0.000000
vn 0.707107 -0.707107 0.000000
vn 0.965926 -0.258819 0.000000
vn 0.965926 0.258819 0.000000
vn 0.707107 0.707107 0.000000
vn 0.258819 0.965926 0.000000
vn -0.258819 0.965926 0.000000
vn -0.707107 0.707107 0.000000
vn -0.965926 0.258819 0.000000
vn 0.000000 0.000000 -1.000000
vn 0.000000 0.000000 1.000000
vn -0.965926 -0.258819 0.000000
vn -0.707107 -0.707107 0.000000
vn -0.258819 -0.965926 0.000000
vn 0.258819 -0.965926 0.000000
vn 0.707107 -0.707107 0.000000
vn 0.965926 -0.258819 0.000000
vn 0.965926 0.258819 0.000000
vn 0.707107 0.707107 0.000000
vn 0.258819 0.965926 0.000000
vn -0.258819 0.965926 0.000000
vn -0.707107 0.707107 0.000000
vn -0.965926 0.258819 0.000000
vn 0.000000 0.000000 -1.000000
vn 0.000000 0.000000 1.000000
vn 0.965926 0.000000 0.258819
vn 0.707107 0.000000 0.707107
vn 0.258819 0.000000 0.965926
vn -0.258819 0.000000 0.965926
vn -0.707107 0.000000 0.707107
vn -0.965926 0.000000 0.258819
vn -0.965926 0.000000 -0.258819
vn -0.707107 0.000000 -0.707107
vn -0.258819 0.000000 -0.965926
vn 0.258819 0.000000 -0.965926
vn 0.707107 0.000000 -0.707107
vn 0.965926 0.000000 -0.258819
vn 0.000000 1.000000 0.000000
vn 0.000000 -1.000000 0.000000
vn -0.980785 0.000000 -0.195090
vn -0.831470 0.000000 -0.555570
vn -0.555570 0.000000 -0.831470
vn -0.195090 0.000000 -0.980785
vn 0.195090 0.000000 -0.980785
vn 0.555570 0.000000 -0.831470
vn 0.831470 0.000000 -0.555570
vn 0.980785 0.000000 -0.195090
vn 0.980785 0.000000 0.195090
vn 0.831470 0.000000 0.555570
vn 0.555570 0.000000 0.831470
vn 0.195090 0.000000 0.980785
vn -0.195090 0.000000 0.980785
vn -0.555570 0.000000 0.831470
vn -0.831470 0.000000 0.555570
vn -0.980785 0.000000 0.195090
vn 0.000000 1.000000 0.000000
vn 0.000000 -1.000000 0.000000
vn 0.965926 0.000000 0.258819
vn 0.707107 0.000000 0.707107
vn 0.258819 0.000000 0.965926
vn -0.258819 0.000000 0.965926
vn -0.707107 0.000000 0.707107
vn -0.965926 0.000000 0.258819
vn -0.965926 0.000000 -0.258819
vn -0.707107 0.000000 -0.707107
vn -0.258819 0.000000 -0.965926
vn 0.258819 0.000000 -0.965926
vn 0.707107 0.000000 -0.707107
vn 0.965926 0.000000 -0.258819
vn 0.000000 1.000000 0.000000
vn 0.000000 -1.000000 0.000000
vn -0.980785 0.000000 -0.195090
vn -0.831470 0.000000 -0.555570
vn -0.555570 0.000000 -0.831470
vn -0.195090 0.000000 -0.980785
vn 0.195090 0.000000 -0.980785
vn 0.555570 0.000000 -0.831470
vn 0.831470 0.000000 -0.555570
vn 0.980785 0.000000 -0.195090
vn 0.980785 0.000000 0.195090
vn 0.831470 0.000000 0.555570
vn 0.555570 0.000000 0.831470
vn 0.195090 0.000000 0.980785
vn -0.195090 0.000000 0.980785
vn -0.555570 0.000000 0.831470
vn -0.831470 0.000000 0.555570
vn -0.980785 0.000000 0.195090
vn 0.000000 1.000000 0.000000
vn 0.000000 -1.000000 0.000000
vn -0.965926 -0.258819 0.000000
vn -0.707107 -0.707107 0.000000
vn -0.258819 -0.965926 0.000000
vn 0.258819 -0.965926 0.000000
vn 0.707107 -0.707107 0.000000
vn 0.965926 -0.258819 0.000000
vn 0.965926 0.258819 0.000000
vn 0.707107 0.707107 0.000000
vn 0.258819 0.965926 0.000000
vn -0.258819 0.965926 0.000000
vn -0.707107 0.707107 0.000000
vn -0.965926 0.258819 0.000000
vn 0.000000 0.000000 -1.000000
vn 0.000000 0.000000 1.000000
vn -0.965926 -0.258819 0.000000
vn -0.707107 -0.707107 0.000000
vn -0.258819 -0.965926 0.000000
vn 0.258819 -0.965926 0.000000
vn 0.707107 -0.707107 0.000000
vn 0.965926 -0.258819 0.000000
vn 0.965926 0.258819 0.000000
vn 0.707107 0.707107 0.000000
vn 0.258819 0.965926 0.000000
vn -0.258819 0.965926 0.000000
vn -0.707107 0.707107 0.000000
vn -0.965926 0.258819 0.000000
vn 0.000000 0.000000 -1.000000
vn 0.000000 0.000000 1.000000
vn 0.965926 0.000000 0.258819
vn 0.707107 0.000000 0.707107
vn 0.258819 0.000000 0.965926
vn -0.258819 0.000000 0.965926
vn -0.707107 0.000000 0.707107
vn -0.965926 0.000000 0.258819
vn -0.965926 0.000000 -0.258819
vn -0.707107 0.000000 -0.707107
vn -0.258819 0.000000 -0.965926
vn 0.258819 0.000000 -0.965926
vn 0.707107 0.000000 -0.707107
vn 0.965926 0.000000 -0.258819
vn 0.000000 1.000000 0.000000
vn 0.000000 -1.000000 0.000000
vn -0.980785 0.000000 -0.195090
vn -0.831470 0.000000 -0.555570
vn -0.555570 0.000000 -0.831470
vn -0.195090 0.000000 -0.980785
vn 0.195090 0.000000 -0.980785
vn 0.555570 0.000000 -0.831470
vn 0.831470 0.000000 -0.555570
vn 0.980785 0.000000 -0.195090
vn 0.980785 0.000000 0.195090
vn 0.831470 0.000000 0.555570
vn 0.555570 0.000000 0.831470
vn 0.195090 0.000000 0.980785
vn -0.195090 0.000000 0.980785
vn -0.555570 0.000000 0.831470
vn -0.831470 0.000000 0.555570
vn -0.980785 0.000000 0.195090
vn 0.000000 1.000000 0.000000
vn 0.000000 -1.000000 0.000000
vn 0.965926 0.000000 0.258819
vn 0.707107 0.000000 0.707107
vn 0.258819 0.000000 0.965926
vn -0.258819 0.000000 0.965926
vn -0.707107 0.000000 0.707107
vn -0.965926 0.000000 0.258819
vn -0.965926 0.000000 -0.258819
vn -0.707107 0.000000 -0.707107
vn -0.258819 0.000000 -0.965926
vn 0.258819 0.000000 -0.965926
vn 0.707107 0.000000 -0.707107
vn 0.965926 0.000000 -0.258819
vn 0.000000 1.000000 0.000000
vn 0.000000 -1.000000 0.000000
vn -0.980785 0.000000 -0.195090
vn -0.831470 0.000000 -0.555570
vn -0.555570 0.000000 -0.831470
vn -0.195090 0.000000 -0.980785
vn 0.195090 0.000000 -0.980785
vn 0.555570 0.000000 -0.831470
vn 0.831470 0.000000 -0.555570
vn 0.980785 0.000000 -0.195090
vn 0.980785 0.000000 0.195090
vn 0.831470 0.000000 0.555570
vn 0.555570 0.000000 0.831470
vn 0.195090 0.000000 0.980785
vn -0.195090 0.000000 0.980785
vn -0.555570 0.000000 0.831470
vn -0.831470 0.000000 0.555570
vn -0.980785 0.000000 0.195090
vn 0.000000 1.000000 0.000000
vn 0.000000 -1.000000 0.000000
vn 0.000000 -0.258819 0.965926
vn 0.000000 -0.707107 0.707107
vn 0.000000 -0.965926 0.258819
vn 0.000000 -0.965926 -0.258819
vn 0.000000 -0.707107 -0.707107
vn 0.000000 -0.258819 -0.965926
vn 0.000000 0.258819 -0.965926
vn 0.000000 0.707107 -0.707107
vn 0.000000 0.965926 -0.258819
vn 0.000000 0.965926 0.258819
vn 0.000000 0.707107 0.707107
vn 0.000000 0.258819 0.965926
vn -1.000000 0.000000 0.000000
vn 1.000000 0.000000 0.000000
vn 0.000000 -0.258819 0.965926
vn 0.000000 -0.707107 0.707107
vn 0.000000 -0.965926 0.258819
vn 0.000000 -0.965926 -0.258819
vn 0.000000 -0.707107 -0.707107
vn 0.000000 -0.258819 -0.965926
vn 0.000000 0.258819 -0.965926
vn 0.000000 0.707107 -0.707107
vn 0.000000 0.965926 -0.258819
vn 0.000000 0.965926 0.258819
vn 0.000000 0.707107 0.707107
vn 0.000000 0.258819 0.965926
vn -1.000000 0.000000 0.000000
vn 1.000000 0.000000 0.000000
usemtl stainless
f 1/1/1 2/2/1 3/3/1 4/4/1
f 6/5/2 5/6/2 8/7/2 7/8/2
f 5/9/3 1/10/3 4/11/3 8/12/3
f 2/13/4 6/14/4 7/15/4 3/16/4
f 4/17/5 3/18/5 7/19/5 8/20/5
f 5/21/6 6/22/6 2/23/6 1/24/6
f 9/25/7 10/26/7 11/27/7 12/28/7
f 14/29/8 13/30/8 16/31/8 15/32/8
f 13/33/9 9/34/9 12/35/9 16/36/9
f 10/37/10 14/38/10 15/39/10 11/40/10
f 12/41/11 11/42/11 15/43/11 16/44/11
f 13/45/12 14/46/12 10/47/12 9/48/12
f 17/49/13 19/50/13 20/51/13 18/52/13
f 19/53/14 21/54/14 22/55/14 20/56/14
f 21/57/15 23/58/15 24/59/15 22/60/15
f 23/61/16 25/62/16 26/63/16 24/64/16
f 25/65/17 27/66/17 28/67/17 26/68/17
f 27/69/18 29/70/18 30/71/18 28/72/18
f 29/73/19 31/74/19 32/75/19 30/76/19
f 31/77/20 33/78/20 34/79/20 32/80/20
f 33/81/21 35/82/21 36/83/21 34/84/21
f 35/85/22 37/86/22 38/87/22 36/88/22
f 37/89/23 39/90/23 40/91/23 38/92/23
f 39/93/24 17/94/24 18/95/24 40/96/24
f 39/97/25 37/98/25 35/99/25 33/100/25 31/101/25 29/102/25 27/103/25 25/104/25 23/105/25 21/106/25 19/107/25 17/108/25
f 18/109/26 20/110/26 22/111/26 24/112/26 26/113/26 28/114/26 30/115/26 32/116/26 34/117/26 36/118/26 38/119/26 40/120/26
f 41/121/27 43/122/27 44/123/27 42/124/27
f 43/125/28 45/126/28 46/127/28 44/128/28
f 45/129/29 47/130/29 48/131/29 46/132/29
f 47/133/30 49/134/30 50/135/30 48/136/30
f 49/137/31 51/138/31 52/139/31 50/140/31
f 51/141/32 53/142/32 54/143/32 52/144/32
f 53/145/33 55/146/33 56/147/33 54/148/33
f 55/149/34 57/150/34 58/151/34 56/152/34
f 57/153/35 59/154/35 60/155/35 58/156/35
f 59/157/36 61/158/36 62/159/36 60/160/36
f 61/161/37 63/162/37 64/163/37 62/164/37
f 63/165/38 41/166/38 42/167/38 64/168/38
f 63/169/39 61/170/39 59/171/39 57/172/39 55/173/39 53/174/39 51/175/39 49/176/39 47/177/39 45/178/39 43/179/39 41/180/39
f 42/181/40 44/182/40 46/183/40 48/184/40 50/185/40 52/186/40 54/187/40 56/188/40 58/189/40 60/190/40 62/191/40 64/192/40
f 65/193/41 67/194/41 68/195/41 66/196/41
f 67/197/42 69/198/42 70/199/42 68/200/42
f 69/201/43 71/202/43 72/203/43 70/204/43
f 71/205/44 73/206/44 74/207/44 72/208/44
f 73/209/45 75/210/45 76/211/45 74/212/45
f 75/213/46 77/214/46 78/215/46 76/216/46
f 77/217/47 79/218/47 80/219/47 78/220/47
f 79/221/48 81/222/48 82/223/48 80/224/48
f 81/225/49 83/226/49 84/227/49 82/228/49
f 83/229/50 85/230/50 86/231/50 84/232/50
f 85/233/51 87/234/51 88/235/51 86/236/51
f 87/237/52 65/238/52 66/239/52 88/240/52
f 87/241/53 85/242/53 83/243/53 81/244/53 79/245/53 77/246/53 75/247/53 73/248/53 71/249/53 69/250/53 67/251/53 65/252/53
f 66/253/54 68/254/54 70/255/54 72/256/54 74/257/54 76/258/54 78/259/54 80/260/54 82/261/54 84/262/54 86/263/54 88/264/54
f 89/265/55 91/266/55 92/267/55 90/268/55
f 91/269/56 93/270/56 94/271/56 92/272/56
f 93/273/57 95/274/57 96/275/57 94/276/57
f 95/277/58 97/278/58 98/279/58 96/280/58
f 97/281/59 99/282/59 100/283/59 98/284/59
f 99/285/60 101/286/60 102/287/60 100/288/60
f 101/289/61 103/290/61 104/291/61 102/292/61
f 103/293/62 105/294/62 106/295/62 104/296/62
f 105/297/63 107/298/63 108/299/63 106/300/63
f 107/301/64 109/302/64 110/303/64 108/304/64
f 109/305/65 111/306/65 112/307/65 110/308/65
f 111/309/66 89/310/66 90/311/66 112/312/66
f 111/313/67 109/314/67 107/315/67 105/316/67 103/317/67 101/318/67 99/319/67 97/320/67 95/321/67 93/322/67 91/323/67 89/324/67
f 90/325/68 92/326/68 94/327/68 96/328/68 98/329/68 100/330/68 102/331/68 104/332/68 106/333/68 108/334/68 110/335/68 112/336/68
usemtl linen_off_white
f 113/337/69 114/338/69 115/339/69 116/340/69
f 118/341/70 117/342/70 120/343/70 119/344/70
f 117/345/71 113/346/71 116/347/71 120/348/71
f 114/349/72 118/350/72 119/351/72 115/352/72
f 116/353/73 115/354/73 119/355/73 120/356/73
f 117/357/74 118/358/74 114/359/74 113/360/74
f 121/361/75 122/362/75 123/363/75 124/364/75
f 126/365/76 125/366/76 128/367/76 127/368/76
f 125/369/77 121/370/77 124/371/77 128/372/77
f 122/373/78 126/374/78 127/375/78 123/376/78
f 124/377/79 123/378/79 127/379/79 128/380/79
f 125/381/80 126/382/80 122/383/80 121/384/80
f 129/385/81 131/386/81 132/387/81 130/388/81
f 131/389/82 133/390/82 134/391/82 132/392/82
f 133/393/83 135/394/83 136/395/83 134/396/83
f 135/397/84 137/398/84 138/399/84 136/400/84
f 137/401/85 139/402/85 140/403/85 138/404/85
f 139/405/86 141/406/86 142/407/86 140/408/86
f 141/409/87 143/410/87 144/411/87 142/412/87
f 143/413/88 145/414/88 146/415/88 144/416/88
f 145/417/89 147/418/89 148/419/89 146/420/89
f 147/421/90 149/422/90 150/423/90 148/424/90
f 149/425/91 151/426/91 152/427/91 150/428/91
f 151/429/92 153/430/92 154/431/92 152/432/92
f 153/433/93 155/434/93 156/435/93 154/436/93
f 155/437/94 129/438/94 130/439/94 156/440/94
f 155/441/95 153/442/95 151/443/95 149/444/95 147/445/95 145/446/95 143/447/95 141/448/95 139/449/95 137/450/95 135/451/95 133/452/95 131/453/95 129/454/95
f 130/455/96 132/456/96 134/457/96 136/458/96 138/459/96 140/460/96 142/461/96 144/462/96 146/463/96 148/464/96 150/465/96 152/466/96 154/467/96 156/468/96
f 157/469/97 159/470/97 160/471/97 158/472/97
f 159/473/98 161/474/98 162/475/98 160/476/98
f 161/477/99 163/478/99 164/479/99 162/480/99
f 163/481/100 165/482/100 166/483/100 164/484/100
f 165/485/101 167/486/101 168/487/101 166/488/101
f 167/489/102 169/490/102 170/491/102 168/492/102
f 169/493/103 171/494/103 172/495/103 170/496/103
f 171/497/104 173/498/104 174/499/104 172/500/104
f 173/501/105 175/502/105 176/503/105 174/504/105
f 175/505/106 177/506/106 178/507/106 176/508/106
f 177/509/107 179/510/107 180/511/107 178/512/107
f 179/513/108 181/514/108 182/515/108 180/516/108
f 181/517/109 183/518/109 184/519/109 182/520/109
f 183/521/110 157/522/110 158/523/110 184/524/110
f 183/525/111 181/526/111 179/527/111 177/528/111 175/529/111 173/530/111 171/531/111 169/532/111 167/533/111 165/534/111 163/535/111 161/536/111 159/537/111 157/538/111
f 158/539/112 160/540/112 162/541/112 164/542/112 166/543/112 168/544/112 170/545/112 172/546/112 174/547/112 176/548/112 178/549/112 180/550/112 182/551/112 184/552/112
f 185/553/113 187/554/113 188/555/113 186/556/113
f 187/557/114 189/558/114 190/559/114 188/560/114
f 189/561/115 191/562/115 192/563/115 190/564/115
f 191/565/116 193/566/116 194/567/116 192/568/116
f 193/569/117 195/570/117 196/571/117 194/572/117
f 195/573/118 197/574/118 198/575/118 196/576/118
f 197/577/119 199/578/119 200/579/119 198/580/119
f 199/581/120 201/582/120 202/583/120 200/584/120
f 201/585/121 203/586/121 204/587/121 202/588/121
f 203/589/122 205/590/122 206/591/122 204/592/122
f 205/593/123 207/594/123 208/595/123 206/596/123
f 207/597/124 209/598/124 210/599/124 208/600/124
f 209/601/125 211/602/125 212/603/125 210/604/125
f 211/605/126 185/606/126 186/607/126 212/608/126
f 211/609/127 209/610/127 207/611/127 205/612/127 203/613/127 201/614/127 199/615/127 197/616/127 195/617/127 193/618/127 191/619/127 189/620/127 187/621/127 185/622/127
f 186/623/128 188/624/128 190/625/128 192/626/128 194/627/128 196/628/128 198/629/128 200/630/128 202/631/128 204/632/128 206/633/128 208/634/128 210/635/128 212/636/128
f 213/637/129 215/638/129 216/639/129 214/640/129
f 215/641/130 217/642/130 218/643/130 216/644/130
f 217/645/131 219/646/131 220/647/131 218/648/131
f 219/649/132 221/650/132 222/651/132 220/652/132
f 221/653/133 223/654/133 224/655/133 222/656/133
f 223/657/134 225/658/134 226/659/134 224/660/134
f 225/661/135 227/662/135 228/663/135 226/664/135
f 227/665/136 229/666/136 230/667/136 228/668/136
f 229/669/137 231/670/137 232/671/137 230/672/137
f 231/673/138 233/674/138 234/675/138 232/676/138
f 233/677/139 235/678/139 236/679/139 234/680/139
f 235/681/140 237/682/140 238/683/140 236/684/140
f 237/685/141 239/686/141 240/687/141 238/688/141
f 239/689/142 213/690/142 214/691/142 240/692/142
f 239/693/143 237/694/143 235/695/143 233/696/143 231/697/143 229/698/143 227/699/143 225/700/143 223/701/143 221/702/143 219/703/143 217/704/143 215/705/143 213/706/143
f 214/707/144 216/708/144 218/709/144 220/710/144 222/711/144 224/712/144 226/713/144 228/714/144 230/715/144 232/716/144 234/717/144 236/718/144 238/719/144 240/720/144
usemtl blanket_desaturated_blue
f 241/721/145 242/722/145 243/723/145 244/724/145
f 246/725/146 245/726/146 248/727/146 247/728/146
f 245/729/147 241/730/147 244/731/147 248/732/147
f 242/733/148 246/734/148 247/735/148 243/736/148
f 244/737/149 243/738/149 247/739/149 248/740/149
f 245/741/150 246/742/150 242/743/150 241/744/150
f 249/745/151 250/746/151 251/747/151 252/748/151
f 254/749/152 253/750/152 256/751/152 255/752/152
f 253/753/153 249/754/153 252/755/153 256/756/153
f 250/757/154 254/758/154 255/759/154 251/760/154
f 252/761/155 251/762/155 255/763/155 256/764/155
f 253/765/156 254/766/156 250/767/156 249/768/156
f 257/769/157 259/770/157 260/771/157 258/772/157
f 259/773/158 261/774/158 262/775/158 260/776/158
f 261/777/159 263/778/159 264/779/159 262/780/159
f 263/781/160 265/782/160 266/783/160 264/784/160
f 265/785/161 267/786/161 268/787/161 266/788/161
f 267/789/162 269/790/162 270/791/162 268/792/162
f 269/793/163 271/794/163 272/795/163 270/796/163
f 271/797/164 273/798/164 274/799/164 272/800/164
f 273/801/165 275/802/165 276/803/165 274/804/165
f 275/805/166 277/806/166 278/807/166 276/808/166
f 277/809/167 279/810/167 280/811/167 278/812/167
f 279/813/168 281/814/168 282/815/168 280/816/168
f 281/817/169 283/818/169 284/819/169 282/820/169
f 283/821/170 257/822/170 258/823/170 284/824/170
f 283/825/171 281/826/171 279/827/171 277/828/171 275/829/171 273/830/171 271/831/171 269/832/171 267/833/171 265/834/171 263/835/171 261/836/171 259/837/171 257/838/171
f 258/839/172 260/840/172 262/841/172 264/842/172 266/843/172 268/844/172 270/845/172 272/846/172 274/847/172 276/848/172 278/849/172 280/850/172 282/851/172 284/852/172
f 285/853/173 287/854/173 288/855/173 286/856/173
f 287/857/174 289/858/174 290/859/174 288/860/174
f 289/861/175 291/862/175 292/863/175 290/864/175
f 291/865/176 293/866/176 294/867/176 292/868/176
f 293/869/177 295/870/177 296/871/177 294/872/177
f 295/873/178 297/874/178 298/875/178 296/876/178
f 297/877/179 299/878/179 300/879/179 298/880/179
f 299/881/180 301/882/180 302/883/180 300/884/180
f 301/885/181 303/886/181 304/887/181 302/888/181
f 303/889/182 305/890/182 306/891/182 304/892/182
f 305/893/183 307/894/183 308/895/183 306/896/183
f 307/897/184 309/898/184 310/899/184 308/900/184
f 309/901/185 311/902/185 312/903/185 310/904/185
f 311/905/186 285/906/186 286/907/186 312/908/186
f 311/909/187 309/910/187 307/911/187 305/912/187 303/913/187 301/914/187 299/915/187 297/916/187 295/917/187 293/918/187 291/919/187 289/920/187 287/921/187 285/922/187
f 286/923/188 288/924/188 290/925/188 292/926/188 294/927/188 296/928/188 298/929/188 300/930/188 302/931/188 304/932/188 306/933/188 308/934/188 310/935/188 312/936/188
f 313/937/189 315/938/189 316/939/189 314/940/189
f 315/941/190 317/942/190 318/943/190 316/944/190
f 317/945/191 319/946/191 320/947/191 318/948/191
f 319/949/192 321/950/192 322/951/192 320/952/192
f 321/953/193 323/954/193 324/955/193 322/956/193
f 323/957/194 325/958/194 326/959/194 324/960/194
f 325/961/195 327/962/195 328/963/195 326/964/195
f 327/965/196 329/966/196 330/967/196 328/968/196
f 329/969/197 331/970/197 332/971/197 330/972/197
f 331/973/198 333/974/198 334/975/198 332/976/198
f 333/977/199 335/978/199 336/979/199 334/980/199
f 335/981/200 337/982/200 338/983/200 336/984/200
f 337/985/201 339/986/201 340/987/201 338/988/201
f 339/989/202 313/990/202 314/991/202 340/992/202
f 339/993/203 337/994/203 335/995/203 333/996/203 331/997/203 329/998/203 327/999/203 325/1000/203 323/1001/203 321/1002/203 319/1003/203 317/1004/203 315/1005/203 313/1006/203
f 314/1007/204 316/1008/204 318/1009/204 320/1010/204 322/1011/204 324/1012/204 326/1013/204 328/1014/204 330/1015/204 332/1016/204 334/1017/204 336/1018/204 338/1019/204 340/1020/204
f 341/1021/205 343/1022/205 344/1023/205 342/1024/205
f 343/1025/206 345/1026/206 346/1027/206 344/1028/206
f 345/1029/207 347/1030/207 348/1031/207 346/1032/207
f 347/1033/208 349/1034/208 350/1035/208 348/1036/208
f 349/1037/209 351/1038/209 352/1039/209 350/1040/209
f 351/1041/210 353/1042/210 354/1043/210 352/1044/210
f 353/1045/211 355/1046/211 356/1047/211 354/1048/211
f 355/1049/212 357/1050/212 358/1051/212 356/1052/212
f 357/1053/213 359/1054/213 360/1055/213 358/1056/213
f 359/1057/214 361/1058/214 362/1059/214 360/1060/214
f 361/1061/215 363/1062/215 364/1063/215 362/1064/215
f 363/1065/216 365/1066/216 366/1067/216 364/1068/216
f 365/1069/217 367/1070/217 368/1071/217 366/1072/217
f 367/1073/218 341/1074/218 342/1075/218 368/1076/218
f 367/1077/219 365/1078/219 363/1079/219 361/1080/219 359/1081/219 357/1082/219 355/1083/219 353/1084/219 351/1085/219 349/1086/219 347/1087/219 345/1088/219 343/1089/219 341/1090/219
f 342/1091/220 344/1092/220 346/1093/220 348/1094/220 350/1095/220 352/1096/220 354/1097/220 356/1098/220 358/1099/220 360/1100/220 362/1101/220 364/1102/220 366/1103/220 368/1104/220
usemtl linen_off_white
f 369/1105/221 370/1106/221 371/1107/221 372/1108/221
f 374/1109/222 373/1110/222 376/1111/222 375/1112/222
f 373/1113/223 369/1114/223 372/1115/223 376/1116/223
f 370/1117/224 374/1118/224 375/1119/224 371/1120/224
f 372/1121/225 371/1122/225 375/1123/225 376/1124/225
f 373/1125/226 374/1126/226 370/1127/226 369/1128/226
f 377/1129/227 378/1130/227 379/1131/227 380/1132/227
f 382/1133/228 381/1134/228 384/1135/228 383/1136/228
f 381/1137/229 377/1138/229 380/1139/229 384/1140/229
f 378/1141/230 382/1142/230 383/1143/230 379/1144/230
f 380/1145/231 379/1146/231 383/1147/231 384/1148/231
f 381/1149/232 382/1150/232 378/1151/232 377/1152/232
f 385/1153/233 387/1154/233 388/1155/233 386/1156/233
f 387/1157/234 389/1158/234 390/1159/234 388/1160/234
f 389/1161/235 391/1162/235 392/1163/235 390/1164/235
f 391/1165/236 393/1166/236 394/1167/236 392/1168/236
f 393/1169/237 395/1170/237 396/1171/237 394/1172/237
f 395/1173/238 397/1174/238 398/1175/238 396/1176/238
f 397/1177/239 399/1178/239 400/1179/239 398/1180/239
f 399/1181/240 401/1182/240 402/1183/240 400/1184/240
f 401/1185/241 403/1186/241 404/1187/241 402/1188/241
f 403/1189/242 405/1190/242 406/1191/242 404/1192/242
f 405/1193/243 407/1194/243 408/1195/243 406/1196/243
f 407/1197/244 385/1198/244 386/1199/244 408/1200/244
f 407/1201/245 405/1202/245 403/1203/245 401/1204/245 399/1205/245 397/1206/245 395/1207/245 393/1208/245 391/1209/245 389/1210/245 387/1211/245 385/1212/245
f 386/1213/246 388/1214/246 390/1215/246 392/1216/246 394/1217/246 396/1218/246 398/1219/246 400/1220/246 402/1221/246 404/1222/246 406/1223/246 408/1224/246
f 409/1225/247 411/1226/247 412/1227/247 410/1228/247
f 411/1229/248 413/1230/248 414/1231/248 412/1232/248
f 413/1233/249 415/1234/249 416/1235/249 414/1236/249
f 415/1237/250 417/1238/250 418/1239/250 416/1240/250
f 417/1241/251 419/1242/251 420/1243/251 418/1244/251
f 419/1245/252 421/1246/252 422/1247/252 420/1248/252
f 421/1249/253 423/1250/253 424/1251/253 422/1252/253
f 423/1253/254 425/1254/254 426/1255/254 424/1256/254
f 425/1257/255 427/1258/255 428/1259/255 426/1260/255
f 427/1261/256 429/1262/256 430/1263/256 428/1264/256
f 429/1265/257 431/1266/257 432/1267/257 430/1268/257
f 431/1269/258 409/1270/258 410/1271/258 432/1272/258
f 431/1273/259 429/1274/259 427/1275/259 425/1276/259 423/1277/259 421/1278/259 419/1279/259 417/1280/259 415/1281/259 413/1282/259 411/1283/259 409/1284/259
f 410/1285/260 412/1286/260 414/1287/260 416/1288/260 418/1289/260 420/1290/260 422/1291/260 424/1292/260 426/1293/260 428/1294/260 430/1295/260 432/1296/260
f 433/1297/261 435/1298/261 436/1299/261 434/1300/261
f 435/1301/262 437/1302/262 438/1303/262 436/1304/262
f 437/1305/263 439/1306/263 440/1307/263 438/1308/263
f 439/1309/264 441/1310/264 442/1311/264 440/1312/264
f 441/1313/265 443/1314/265 444/1315/265 442/1316/265
f 443/1317/266 445/1318/266 446/1319/266 444/1320/266
f 445/1321/267 447/1322/267 448/1323/267 446/1324/267
f 447/1325/268 449/1326/268 450/1327/268 448/1328/268
f 449/1329/269 451/1330/269 452/1331/269 450/1332/269
f 451/1333/270 453/1334/270 454/1335/270 452/1336/270
f 453/1337/271 455/1338/271 456/1339/271 454/1340/271
f 455/1341/272 433/1342/272 434/1343/272 456/1344/272
f 455/1345/273 453/1346/273 451/1347/273 449/1348/273 447/1349/273 445/1350/273 443/1351/273 441/1352/273 439/1353/273 437/1354/273 435/1355/273 433/1356/273
f 434/1357/274 436/1358/274 438/1359/274 440/1360/274 442/1361/274 444/1362/274 446/1363/274 448/1364/274 450/1365/274 452/1366/274 454/1367/274 456/1368/274
f 457/1369/275 459/1370/275 460/1371/275 458/1372/275
f 459/1373/276 461/1374/276 462/1375/276 460/1376/276
f 461/1377/277 463/1378/277 464/1379/277 462/1380/277
f 463/1381/278 465/1382/278 466/1383/278 464/1384/278
f 465/1385/279 467/1386/279 468/1387/279 466/1388/279
f 467/1389/280 469/1390/280 470/1391/280 468/1392/280
f 469/1393/281 471/1394/281 472/1395/281 470/1396/281
f 471/1397/282 473/1398/282 474/1399/282 472/1400/282
f 473/1401/283 475/1402/283 476/1403/283 474/1404/283
f 475/1405/284 477/1406/284 478/1407/284 476/1408/284
f 477/1409/285 479/1410/285 480/1411/285 478/1412/285
f 479/1413/286 457/1414/286 458/1415/286 480/1416/286
f 479/1417/287 477/1418/287 475/1419/287 473/1420/287 471/1421/287 469/1422/287 467/1423/287 465/1424/287 463/1425/287 461/1426/287 459/1427/287 457/1428/287
f 458/1429/288 460/1430/288 462/1431/288 464/1432/288 466/1433/288 468/1434/288 470/1435/288 472/1436/288 474/1437/288 476/1438/288 478/1439/288 480/1440/288
usemtl abs_shadow
f 481/1441/289 482/1442/289 483/1443/289 484/1444/289
f 486/1445/290 485/1446/290 488/1447/290 487/1448/290
f 485/1449/291 481/1450/291 484/1451/291 488/1452/291
f 482/1453/292 486/1454/292 487/1455/292 483/1456/292
f 484/1457/293 483/1458/293 487/1459/293 488/1460/293
f 485/1461/294 486/1462/294 482/1463/294 481/1464/294
f 489/1465/295 490/1466/295 491/1467/295 492/1468/295
f 494/1469/296 493/1470/296 496/1471/296 495/1472/296
f 493/1473/297 489/1474/297 492/1475/297 496/1476/297
f 490/1477/298 494/1478/298 495/1479/298 491/1480/298
f 492/1481/299 491/1482/299 495/1483/299 496/1484/299
f 493/1485/300 494/1486/300 490/1487/300 489/1488/300
f 497/1489/301 498/1490/301 499/1491/301 500/1492/301
f 502/1493/302 501/1494/302 504/1495/302 503/1496/302
f 501/1497/303 497/1498/303 500/1499/303 504/1500/303
f 498/1501/304 502/1502/304 503/1503/304 499/1504/304
f 500/1505/305 499/1506/305 503/1507/305 504/1508/305
f 501/1509/306 502/1510/306 498/1511/306 497/1512/306
f 505/1513/307 506/1514/307 507/1515/307 508/1516/307
f 510/1517/308 509/1518/308 512/1519/308 511/1520/308
f 509/1521/309 505/1522/309 508/1523/309 512/1524/309
f 506/1525/310 510/1526/310 511/1527/310 507/1528/310
f 508/1529/311 507/1530/311 511/1531/311 512/1532/311
f 509/1533/312 510/1534/312 506/1535/312 505/1536/312
usemtl dark_rubber
f 513/1537/313 514/1538/313 515/1539/313 516/1540/313
f 518/1541/314 517/1542/314 520/1543/314 519/1544/314
f 517/1545/315 513/1546/315 516/1547/315 520/1548/315
f 514/1549/316 518/1550/316 519/1551/316 515/1552/316
f 516/1553/317 515/1554/317 519/1555/317 520/1556/317
f 517/1557/318 518/1558/318 514/1559/318 513/1560/318
f 521/1561/319 522/1562/319 523/1563/319 524/1564/319
f 526/1565/320 525/1566/320 528/1567/320 527/1568/320
f 525/1569/321 521/1570/321 524/1571/321 528/1572/321
f 522/1573/322 526/1574/322 527/1575/322 523/1576/322
f 524/1577/323 523/1578/323 527/1579/323 528/1580/323
f 525/1581/324 526/1582/324 522/1583/324 521/1584/324
usemtl strap_red
f 529/1585/325 530/1586/325 531/1587/325 532/1588/325
f 534/1589/326 533/1590/326 536/1591/326 535/1592/326
f 533/1593/327 529/1594/327 532/1595/327 536/1596/327
f 530/1597/328 534/1598/328 535/1599/328 531/1600/328
f 532/1601/329 531/1602/329 535/1603/329 536/1604/329
f 533/1605/330 534/1606/330 530/1607/330 529/1608/330
usemtl painted_metal
f 537/1609/331 538/1610/331 539/1611/331 540/1612/331
f 542/1613/332 541/1614/332 544/1615/332 543/1616/332
f 541/1617/333 537/1618/333 540/1619/333 544/1620/333
f 538/1621/334 542/1622/334 543/1623/334 539/1624/334
f 540/1625/335 539/1626/335 543/1627/335 544/1628/335
f 541/1629/336 542/1630/336 538/1631/336 537/1632/336
usemtl strap_red
f 545/1633/337 546/1634/337 547/1635/337 548/1636/337
f 550/1637/338 549/1638/338 552/1639/338 551/1640/338
f 549/1641/339 545/1642/339 548/1643/339 552/1644/339
f 546/1645/340 550/1646/340 551/1647/340 547/1648/340
f 548/1649/341 547/1650/341 551/1651/341 552/1652/341
f 549/1653/342 550/1654/342 546/1655/342 545/1656/342
usemtl painted_metal
f 553/1657/343 554/1658/343 555/1659/343 556/1660/343
f 558/1661/344 557/1662/344 560/1663/344 559/1664/344
f 557/1665/345 553/1666/345 556/1667/345 560/1668/345
f 554/1669/346 558/1670/346 559/1671/346 555/1672/346
f 556/1673/347 555/1674/347 559/1675/347 560/1676/347
f 557/1677/348 558/1678/348 554/1679/348 553/1680/348
usemtl strap_red
f 561/1681/349 562/1682/349 563/1683/349 564/1684/349
f 566/1685/350 565/1686/350 568/1687/350 567/1688/350
f 565/1689/351 561/1690/351 564/1691/351 568/1692/351
f 562/1693/352 566/1694/352 567/1695/352 563/1696/352
f 564/1697/353 563/1698/353 567/1699/353 568/1700/353
f 565/1701/354 566/1702/354 562/1703/354 561/1704/354
usemtl painted_metal
f 569/1705/355 570/1706/355 571/1707/355 572/1708/355
f 574/1709/356 573/1710/356 576/1711/356 575/1712/356
f 573/1713/357 569/1714/357 572/1715/357 576/1716/357
f 570/1717/358 574/1718/358 575/1719/358 571/1720/358
f 572/1721/359 571/1722/359 575/1723/359 576/1724/359
f 573/1725/360 574/1726/360 570/1727/360 569/1728/360
usemtl paper_label
f 577/1729/361 578/1730/361 579/1731/361 580/1732/361
f 582/1733/362 581/1734/362 584/1735/362 583/1736/362
f 581/1737/363 577/1738/363 580/1739/363 584/1740/363
f 578/1741/364 582/1742/364 583/1743/364 579/1744/364
f 580/1745/365 579/1746/365 583/1747/365 584/1748/365
f 581/1749/366 582/1750/366 578/1751/366 577/1752/366
usemtl label_blue
f 585/1753/367 586/1754/367 587/1755/367 588/1756/367
f 590/1757/368 589/1758/368 592/1759/368 591/1760/368
f 589/1761/369 585/1762/369 588/1763/369 592/1764/369
f 586/1765/370 590/1766/370 591/1767/370 587/1768/370
f 588/1769/371 587/1770/371 591/1771/371 592/1772/371
f 589/1773/372 590/1774/372 586/1775/372 585/1776/372
usemtl painted_metal
f 593/1777/373 595/1778/373 596/1779/373 594/1780/373
f 595/1781/374 597/1782/374 598/1783/374 596/1784/374
f 597/1785/375 599/1786/375 600/1787/375 598/1788/375
f 599/1789/376 601/1790/376 602/1791/376 600/1792/376
f 601/1793/377 603/1794/377 604/1795/377 602/1796/377
f 603/1797/378 605/1798/378 606/1799/378 604/1800/378
f 605/1801/379 607/1802/379 608/1803/379 606/1804/379
f 607/1805/380 609/1806/380 610/1807/380 608/1808/380
f 609/1809/381 611/1810/381 612/1811/381 610/1812/381
f 611/1813/382 613/1814/382 614/1815/382 612/1816/382
f 613/1817/383 615/1818/383 616/1819/383 614/1820/383
f 615/1821/384 593/1822/384 594/1823/384 616/1824/384
f 615/1825/385 613/1826/385 611/1827/385 609/1828/385 607/1829/385 605/1830/385 603/1831/385 601/1832/385 599/1833/385 597/1834/385 595/1835/385 593/1836/385
f 594/1837/386 596/1838/386 598/1839/386 600/1840/386 602/1841/386 604/1842/386 606/1843/386 608/1844/386 610/1845/386 612/1846/386 614/1847/386 616/1848/386
f 617/1849/387 619/1850/387 620/1851/387 618/1852/387
f 619/1853/388 621/1854/388 622/1855/388 620/1856/388
f 621/1857/389 623/1858/389 624/1859/389 622/1860/389
f 623/1861/390 625/1862/390 626/1863/390 624/1864/390
f 625/1865/391 627/1866/391 628/1867/391 626/1868/391
f 627/1869/392 629/1870/392 630/1871/392 628/1872/392
f 629/1873/393 631/1874/393 632/1875/393 630/1876/393
f 631/1877/394 633/1878/394 634/1879/394 632/1880/394
f 633/1881/395 635/1882/395 636/1883/395 634/1884/395
f 635/1885/396 637/1886/396 638/1887/396 636/1888/396
f 637/1889/397 639/1890/397 640/1891/397 638/1892/397
f 639/1893/398 617/1894/398 618/1895/398 640/1896/398
f 639/1897/399 637/1898/399 635/1899/399 633/1900/399 631/1901/399 629/1902/399 627/1903/399 625/1904/399 623/1905/399 621/1906/399 619/1907/399 617/1908/399
f 618/1909/400 620/1910/400 622/1911/400 624/1912/400 626/1913/400 628/1914/400 630/1915/400 632/1916/400 634/1917/400 636/1918/400 638/1919/400 640/1920/400
f 641/1921/401 643/1922/401 644/1923/401 642/1924/401
f 643/1925/402 645/1926/402 646/1927/402 644/1928/402
f 645/1929/403 647/1930/403 648/1931/403 646/1932/403
f 647/1933/404 649/1934/404 650/1935/404 648/1936/404
f 649/1937/405 651/1938/405 652/1939/405 650/1940/405
f 651/1941/406 653/1942/406 654/1943/406 652/1944/406
f 653/1945/407 655/1946/407 656/1947/407 654/1948/407
f 655/1949/408 657/1950/408 658/1951/408 656/1952/408
f 657/1953/409 659/1954/409 660/1955/409 658/1956/409
f 659/1957/410 661/1958/410 662/1959/410 660/1960/410
f 661/1961/411 663/1962/411 664/1963/411 662/1964/411
f 663/1965/412 641/1966/412 642/1967/412 664/1968/412
f 663/1969/413 661/1970/413 659/1971/413 657/1972/413 655/1973/413 653/1974/413 651/1975/413 649/1976/413 647/1977/413 645/1978/413 643/1979/413 641/1980/413
f 642/1981/414 644/1982/414 646/1983/414 648/1984/414 650/1985/414 652/1986/414 654/1987/414 656/1988/414 658/1989/414 660/1990/414 662/1991/414 664/1992/414
usemtl dark_rubber
f 665/1993/415 667/1994/415 668/1995/415 666/1996/415
f 667/1997/416 669/1998/416 670/1999/416 668/2000/416
f 669/2001/417 671/2002/417 672/2003/417 670/2004/417
f 671/2005/418 673/2006/418 674/2007/418 672/2008/418
f 673/2009/419 675/2010/419 676/2011/419 674/2012/419
f 675/2013/420 677/2014/420 678/2015/420 676/2016/420
f 677/2017/421 679/2018/421 680/2019/421 678/2020/421
f 679/2021/422 681/2022/422 682/2023/422 680/2024/422
f 681/2025/423 683/2026/423 684/2027/423 682/2028/423
f 683/2029/424 685/2030/424 686/2031/424 684/2032/424
f 685/2033/425 687/2034/425 688/2035/425 686/2036/425
f 687/2037/426 689/2038/426 690/2039/426 688/2040/426
f 689/2041/427 691/2042/427 692/2043/427 690/2044/427
f 691/2045/428 693/2046/428 694/2047/428 692/2048/428
f 693/2049/429 695/2050/429 696/2051/429 694/2052/429
f 695/2053/430 665/2054/430 666/2055/430 696/2056/430
f 695/2057/431 693/2058/431 691/2059/431 689/2060/431 687/2061/431 685/2062/431 683/2063/431 681/2064/431 679/2065/431 677/2066/431 675/2067/431 673/2068/431 671/2069/431 669/2070/431 667/2071/431 665/2072/431
f 666/2073/432 668/2074/432 670/2075/432 672/2076/432 674/2077/432 676/2078/432 678/2079/432 680/2080/432 682/2081/432 684/2082/432 686/2083/432 688/2084/432 690/2085/432 692/2086/432 694/2087/432 696/2088/432
usemtl painted_metal
f 697/2089/433 699/2090/433 700/2091/433 698/2092/433
f 699/2093/434 701/2094/434 702/2095/434 700/2096/434
f 701/2097/435 703/2098/435 704/2099/435 702/2100/435
f 703/2101/436 705/2102/436 706/2103/436 704/2104/436
f 705/2105/437 707/2106/437 708/2107/437 706/2108/437
f 707/2109/438 709/2110/438 710/2111/438 708/2112/438
f 709/2113/439 711/2114/439 712/2115/439 710/2116/439
f 711/2117/440 713/2118/440 714/2119/440 712/2120/440
f 713/2121/441 715/2122/441 716/2123/441 714/2124/441
f 715/2125/442 717/2126/442 718/2127/442 716/2128/442
f 717/2129/443 719/2130/443 720/2131/443 718/2132/443
f 719/2133/444 697/2134/444 698/2135/444 720/2136/444
f 719/2137/445 717/2138/445 715/2139/445 713/2140/445 711/2141/445 709/2142/445 707/2143/445 705/2144/445 703/2145/445 701/2146/445 699/2147/445 697/2148/445
f 698/2149/446 700/2150/446 702/2151/446 704/2152/446 706/2153/446 708/2154/446 710/2155/446 712/2156/446 714/2157/446 716/2158/446 718/2159/446 720/2160/446
usemtl dark_rubber
f 721/2161/447 723/2162/447 724/2163/447 722/2164/447
f 723/2165/448 725/2166/448 726/2167/448 724/2168/448
f 725/2169/449 727/2170/449 728/2171/449 726/2172/449
f 727/2173/450 729/2174/450 730/2175/450 728/2176/450
f 729/2177/451 731/2178/451 732/2179/451 730/2180/451
f 731/2181/452 733/2182/452 734/2183/452 732/2184/452
f 733/2185/453 735/2186/453 736/2187/453 734/2188/453
f 735/2189/454 737/2190/454 738/2191/454 736/2192/454
f 737/2193/455 739/2194/455 740/2195/455 738/2196/455
f 739/2197/456 741/2198/456 742/2199/456 740/2200/456
f 741/2201/457 743/2202/457 744/2203/457 742/2204/457
f 743/2205/458 745/2206/458 746/2207/458 744/2208/458
f 745/2209/459 747/2210/459 748/2211/459 746/2212/459
f 747/2213/460 749/2214/460 750/2215/460 748/2216/460
f 749/2217/461 751/2218/461 752/2219/461 750/2220/461
f 751/2221/462 721/2222/462 722/2223/462 752/2224/462
f 751/2225/463 749/2226/463 747/2227/463 745/2228/463 743/2229/463 741/2230/463 739/2231/463 737/2232/463 735/2233/463 733/2234/463 731/2235/463 729/2236/463 727/2237/463 725/2238/463 723/2239/463 721/2240/463
f 722/2241/464 724/2242/464 726/2243/464 728/2244/464 730/2245/464 732/2246/464 734/2247/464 736/2248/464 738/2249/464 740/2250/464 742/2251/464 744/2252/464 746/2253/464 748/2254/464 750/2255/464 752/2256/464
usemtl painted_metal
f 753/2257/465 755/2258/465 756/2259/465 754/2260/465
f 755/2261/466 757/2262/466 758/2263/466 756/2264/466
f 757/2265/467 759/2266/467 760/2267/467 758/2268/467
f 759/2269/468 761/2270/468 762/2271/468 760/2272/468
f 761/2273/469 763/2274/469 764/2275/469 762/2276/469
f 763/2277/470 765/2278/470 766/2279/470 764/2280/470
f 765/2281/471 767/2282/471 768/2283/471 766/2284/471
f 767/2285/472 769/2286/472 770/2287/472 768/2288/472
f 769/2289/473 771/2290/473 772/2291/473 770/2292/473
f 771/2293/474 773/2294/474 774/2295/474 772/2296/474
f 773/2297/475 775/2298/475 776/2299/475 774/2300/475
f 775/2301/476 753/2302/476 754/2303/476 776/2304/476
f 775/2305/477 773/2306/477 771/2307/477 769/2308/477 767/2309/477 765/2310/477 763/2311/477 761/2312/477 759/2313/477 757/2314/477 755/2315/477 753/2316/477
f 754/2317/478 756/2318/478 758/2319/478 760/2320/478 762/2321/478 764/2322/478 766/2323/478 768/2324/478 770/2325/478 772/2326/478 774/2327/478 776/2328/478
f 777/2329/479 779/2330/479 780/2331/479 778/2332/479
f 779/2333/480 781/2334/480 782/2335/480 780/2336/480
f 781/2337/481 783/2338/481 784/2339/481 782/2340/481
f 783/2341/482 785/2342/482 786/2343/482 784/2344/482
f 785/2345/483 787/2346/483 788/2347/483 786/2348/483
f 787/2349/484 789/2350/484 790/2351/484 788/2352/484
f 789/2353/485 791/2354/485 792/2355/485 790/2356/485
f 791/2357/486 793/2358/486 794/2359/486 792/2360/486
f 793/2361/487 795/2362/487 796/2363/487 794/2364/487
f 795/2365/488 797/2366/488 798/2367/488 796/2368/488
f 797/2369/489 799/2370/489 800/2371/489 798/2372/489
f 799/2373/490 777/2374/490 778/2375/490 800/2376/490
f 799/2377/491 797/2378/491 795/2379/491 793/2380/491 791/2381/491 789/2382/491 787/2383/491 785/2384/491 783/2385/491 781/2386/491 779/2387/491 777/2388/491
f 778/2389/492 780/2390/492 782/2391/492 784/2392/492 786/2393/492 788/2394/492 790/2395/492 792/2396/492 794/2397/492 796/2398/492 798/2399/492 800/2400/492
f 801/2401/493 803/2402/493 804/2403/493 802/2404/493
f 803/2405/494 805/2406/494 806/2407/494 804/2408/494
f 805/2409/495 807/2410/495 808/2411/495 806/2412/495
f 807/2413/496 809/2414/496 810/2415/496 808/2416/496
f 809/2417/497 811/2418/497 812/2419/497 810/2420/497
f 811/2421/498 813/2422/498 814/2423/498 812/2424/498
f 813/2425/499 815/2426/499 816/2427/499 814/2428/499
f 815/2429/500 817/2430/500 818/2431/500 816/2432/500
f 817/2433/501 819/2434/501 820/2435/501 818/2436/501
f 819/2437/502 821/2438/502 822/2439/502 820/2440/502
f 821/2441/503 823/2442/503 824/2443/503 822/2444/503
f 823/2445/504 801/2446/504 802/2447/504 824/2448/504
f 823/2449/505 821/2450/505 819/2451/505 817/2452/505 815/2453/505 813/2454/505 811/2455/505 809/2456/505 807/2457/505 805/2458/505 803/2459/505 801/2460/505
f 802/2461/506 804/2462/506 806/2463/506 808/2464/506 810/2465/506 812/2466/506 814/2467/506 816/2468/506 818/2469/506 820/2470/506 822/2471/506 824/2472/506
usemtl dark_rubber
f 825/2473/507 827/2474/507 828/2475/507 826/2476/507
f 827/2477/508 829/2478/508 830/2479/508 828/2480/508
f 829/2481/509 831/2482/509 832/2483/509 830/2484/509
f 831/2485/510 833/2486/510 834/2487/510 832/2488/510
f 833/2489/511 835/2490/511 836/2491/511 834/2492/511
f 835/2493/512 837/2494/512 838/2495/512 836/2496/512
f 837/2497/513 839/2498/513 840/2499/513 838/2500/513
f 839/2501/514 841/2502/514 842/2503/514 840/2504/514
f 841/2505/515 843/2506/515 844/2507/515 842/2508/515
f 843/2509/516 845/2510/516 846/2511/516 844/2512/516
f 845/2513/517 847/2514/517 848/2515/517 846/2516/517
f 847/2517/518 849/2518/518 850/2519/518 848/2520/518
f 849/2521/519 851/2522/519 852/2523/519 850/2524/519
f 851/2525/520 853/2526/520 854/2527/520 852/2528/520
f 853/2529/521 855/2530/521 856/2531/521 854/2532/521
f 855/2533/522 825/2534/522 826/2535/522 856/2536/522
f 855/2537/523 853/2538/523 851/2539/523 849/2540/523 847/2541/523 845/2542/523 843/2543/523 841/2544/523 839/2545/523 837/2546/523 835/2547/523 833/2548/523 831/2549/523 829/2550/523 827/2551/523 825/2552/523
f 826/2553/524 828/2554/524 830/2555/524 832/2556/524 834/2557/524 836/2558/524 838/2559/524 840/2560/524 842/2561/524 844/2562/524 846/2563/524 848/2564/524 850/2565/524 852/2566/524 854/2567/524 856/2568/524
usemtl painted_metal
f 857/2569/525 859/2570/525 860/2571/525 858/2572/525
f 859/2573/526 861/2574/526 862/2575/526 860/2576/526
f 861/2577/527 863/2578/527 864/2579/527 862/2580/527
f 863/2581/528 865/2582/528 866/2583/528 864/2584/528
f 865/2585/529 867/2586/529 868/2587/529 866/2588/529
f 867/2589/530 869/2590/530 870/2591/530 868/2592/530
f 869/2593/531 871/2594/531 872/2595/531 870/2596/531
f 871/2597/532 873/2598/532 874/2599/532 872/2600/532
f 873/2601/533 875/2602/533 876/2603/533 874/2604/533
f 875/2605/534 877/2606/534 878/2607/534 876/2608/534
f 877/2609/535 879/2610/535 880/2611/535 878/2612/535
f 879/2613/536 857/2614/536 858/2615/536 880/2616/536
f 879/2617/537 877/2618/537 875/2619/537 873/2620/537 871/2621/537 869/2622/537 867/2623/537 865/2624/537 863/2625/537 861/2626/537 859/2627/537 857/2628/537
f 858/2629/538 860/2630/538 862/2631/538 864/2632/538 866/2633/538 868/2634/538 870/2635/538 872/2636/538 874/2637/538 876/2638/538 878/2639/538 880/2640/538
usemtl dark_rubber
f 881/2641/539 883/2642/539 884/2643/539 882/2644/539
f 883/2645/540 885/2646/540 886/2647/540 884/2648/540
f 885/2649/541 887/2650/541 888/2651/541 886/2652/541
f 887/2653/542 889/2654/542 890/2655/542 888/2656/542
f 889/2657/543 891/2658/543 892/2659/543 890/2660/543
f 891/2661/544 893/2662/544 894/2663/544 892/2664/544
f 893/2665/545 895/2666/545 896/2667/545 894/2668/545
f 895/2669/546 897/2670/546 898/2671/546 896/2672/546
f 897/2673/547 899/2674/547 900/2675/547 898/2676/547
f 899/2677/548 901/2678/548 902/2679/548 900/2680/548
f 901/2681/549 903/2682/549 904/2683/549 902/2684/549
f 903/2685/550 905/2686/550 906/2687/550 904/2688/550
f 905/2689/551 907/2690/551 908/2691/551 906/2692/551
f 907/2693/552 909/2694/552 910/2695/552 908/2696/552
f 909/2697/553 911/2698/553 912/2699/553 910/2700/553
f 911/2701/554 881/2702/554 882/2703/554 912/2704/554
f 911/2705/555 909/2706/555 907/2707/555 905/2708/555 903/2709/555 901/2710/555 899/2711/555 897/2712/555 895/2713/555 893/2714/555 891/2715/555 889/2716/555 887/2717/555 885/2718/555 883/2719/555 881/2720/555
f 882/2721/556 884/2722/556 886/2723/556 888/2724/556 890/2725/556 892/2726/556 894/2727/556 896/2728/556 898/2729/556 900/2730/556 902/2731/556 904/2732/556 906/2733/556 908/2734/556 910/2735/556 912/2736/556
usemtl painted_metal
f 913/2737/557 915/2738/557 916/2739/557 914/2740/557
f 915/2741/558 917/2742/558 918/2743/558 916/2744/558
f 917/2745/559 919/2746/559 920/2747/559 918/2748/559
f 919/2749/560 921/2750/560 922/2751/560 920/2752/560
f 921/2753/561 923/2754/561 924/2755/561 922/2756/561
f 923/2757/562 925/2758/562 926/2759/562 924/2760/562
f 925/2761/563 927/2762/563 928/2763/563 926/2764/563
f 927/2765/564 929/2766/564 930/2767/564 928/2768/564
f 929/2769/565 931/2770/565 932/2771/565 930/2772/565
f 931/2773/566 933/2774/566 934/2775/566 932/2776/566
f 933/2777/567 935/2778/567 936/2779/567 934/2780/567
f 935/2781/568 913/2782/568 914/2783/568 936/2784/568
f 935/2785/569 933/2786/569 931/2787/569 929/2788/569 927/2789/569 925/2790/569 923/2791/569 921/2792/569 919/2793/569 917/2794/569 915/2795/569 913/2796/569
f 914/2797/570 916/2798/570 918/2799/570 920/2800/570 922/2801/570 924/2802/570 926/2803/570 928/2804/570 930/2805/570 932/2806/570 934/2807/570 936/2808/570
f 937/2809/571 939/2810/571 940/2811/571 938/2812/571
f 939/2813/572 941/2814/572 942/2815/572 940/2816/572
f 941/2817/573 943/2818/573 944/2819/573 942/2820/573
f 943/2821/574 945/2822/574 946/2823/574 944/2824/574
f 945/2825/575 947/2826/575 948/2827/575 946/2828/575
f 947/2829/576 949/2830/576 950/2831/576 948/2832/576
f 949/2833/577 951/2834/577 952/2835/577 950/2836/577
f 951/2837/578 953/2838/578 954/2839/578 952/2840/578
f 953/2841/579 955/2842/579 956/2843/579 954/2844/579
f 955/2845/580 957/2846/580 958/2847/580 956/2848/580
f 957/2849/581 959/2850/581 960/2851/581 958/2852/581
f 959/2853/582 937/2854/582 938/2855/582 960/2856/582
f 959/2857/583 957/2858/583 955/2859/583 953/2860/583 951/2861/583 949/2862/583 947/2863/583 945/2864/583 943/2865/583 941/2866/583 939/2867/583 937/2868/583
f 938/2869/584 940/2870/584 942/2871/584 944/2872/584 946/2873/584 948/2874/584 950/2875/584 952/2876/584 954/2877/584 956/2878/584 958/2879/584 960/2880/584
